Order_ID,Order_Date,Customer_ID,Customer_Name,Gender,Age,City,Product_ID,Product_Name,Category,Quantity,Unit_Price,Sales_Amount,Discount,Profit,Payment_Method
ORD00001,1/3/2025,CUST0001,Rahul Sharma,Male,35,Mumbai,PROD001,Parle-G Biscuits,Snacks,3,30,90,0.05,18,UPI
ORD00002,1/4/2025,CUST0002,Priya Patel,Female,28,Pune,PROD002,Tata Salt,Groceries,2,28,56,0,12,Credit Card
ORD00003,5/3/2025,CUST0476,Pooja Iyer,Male,39,Hyderabad,PROD017,Good Day Cookies,Snacks,2,50.48,100.96,0.15,7.02,Net Banking
ORD00004,10/17/2025,CUST0701,Sneha Sharma,Female,41,Kolkata,PROD006,Tata Tea,Beverages,3,122.03,366.09,0,64.53,Credit Card
ORD00005,5/16/2025,CUST0754,Riya Shah,Female,29,Ahmedabad,PROD016,Thums Up,Beverages,6,38.24,229.44,0.1,24.66,Debit Card
ORD00006,8/21/2025,CUST0240,Pooja Kapoor,Female,20,Lucknow,PROD002,Tata Salt,Groceries,4,28.78,115.12,0.05,15.96,UPI
ORD00007,5/21/2025,CUST0041,Manish Reddy,Female,25,Bengaluru,PROD011,Colgate Toothpaste,Personal Care,2,100.28,200.56,0.15,32,Debit Card
ORD00008,12/1/2025,CUST0593,Sahil Gupta,Male,61,Jaipur,PROD018,Nescafe Coffee,Beverages,3,191.23,573.69,0.1,73.37,UPI
ORD00009,6/30/2025,CUST0530,Pooja Reddy,Male,31,Bengaluru,PROD009,Aashirvaad Atta,Groceries,7,273.98,1917.86,0,321.78,Debit Card
ORD00010,4/28/2025,CUST0499,Priya Shah,Female,61,Hyderabad,PROD016,Thums Up,Beverages,1,41.01,41.01,0,6.35,UPI
ORD00011,3/2/2025,CUST0527,Vikram Sharma,Female,42,Lucknow,PROD009,Aashirvaad Atta,Groceries,4,243.13,972.52,0,137.69,Credit Card
ORD00012,10/30/2025,CUST0425,Isha Patel,Female,33,Ahmedabad,PROD011,Colgate Toothpaste,Personal Care,2,97.11,194.22,0.1,28.22,Credit Card
ORD00013,3/24/2025,CUST0663,Priya Mehta,Female,64,Bengaluru,PROD014,Kellogg's Corn Flakes,Groceries,1,207.18,207.18,0,36.77,Credit Card
ORD00014,5/13/2025,CUST0645,Meera Shah,Male,38,Hyderabad,PROD017,Good Day Cookies,Snacks,1,54.18,54.18,0,4.85,Credit Card
ORD00015,4/21/2025,CUST0530,Pooja Reddy,Male,31,Bengaluru,PROD013,Britannia Bread,Dairy,1,48.68,48.68,0.05,11.15,Cash
ORD00016,10/26/2025,CUST0622,Meera Mehta,Male,40,Chennai,PROD016,Thums Up,Beverages,8,39.02,312.16,0.1,51.17,Credit Card
ORD00017,11/2/2025,CUST0639,Manish Shah,Male,45,Pune,PROD017,Good Day Cookies,Snacks,5,48.76,243.8,0.05,54.85,Net Banking
ORD00018,9/25/2025,CUST0071,Anjali Joshi,Female,57,Jaipur,PROD008,Dove Soap,Personal Care,7,55.43,388.01,0,32.13,Net Banking
ORD00019,11/11/2025,CUST0701,Sneha Sharma,Female,41,Kolkata,PROD014,Kellogg's Corn Flakes,Groceries,3,218.57,655.71,0,105.5,Net Banking
ORD00020,10/4/2025,CUST0040,Vikram Das,Female,43,Chennai,PROD018,Nescafe Coffee,Beverages,2,183.16,366.32,0,85.48,UPI
ORD00021,8/8/2025,CUST0919,Isha Shah,Female,62,Pune,PROD014,Kellogg's Corn Flakes,Groceries,7,211.17,1478.19,0,293.57,Credit Card
ORD00022,3/10/2025,CUST0961,Neha Nair,Female,46,Bengaluru,PROD016,Thums Up,Beverages,7,40.1,280.7,0.15,23.05,Debit Card
ORD00023,4/7/2025,CUST0489,Pooja Khan,Male,32,Delhi,PROD008,Dove Soap,Personal Care,2,54.59,109.18,0.15,13.87,UPI
ORD00024,12/19/2025,CUST0727,Meera Sharma,Male,38,Delhi,PROD001,Parle-G Biscuits,Snacks,2,30.84,61.68,0.1,10.62,Debit Card
ORD00025,10/2/2025,CUST0419,Sahil Mehta,Male,49,Jaipur,PROD012,Dettol Handwash,Personal Care,2,107.05,214.1,0.15,22.41,Cash
ORD00026,7/31/2025,CUST0579,Kavya Mehta,Male,64,Jaipur,PROD012,Dettol Handwash,Personal Care,5,120.86,604.3,0.1,113.31,Net Banking
ORD00027,5/10/2025,CUST0803,Karan Reddy,Male,23,Kolkata,PROD018,Nescafe Coffee,Beverages,8,185.59,1484.72,0.15,220.01,Debit Card
ORD00028,8/17/2025,CUST0592,Arjun Malhotra,Female,41,Pune,PROD012,Dettol Handwash,Personal Care,7,116.64,816.48,0,169.12,Credit Card
ORD00029,12/17/2025,CUST0103,Rahul Singh,Female,31,Kolkata,PROD007,Surf Excel,Home & Cleaning,7,192.22,1345.54,0.15,210.88,UPI
ORD00030,11/4/2025,CUST0165,Rahul Das,Male,35,Mumbai,PROD013,Britannia Bread,Dairy,1,48.18,48.18,0,7.72,Cash
ORD00031,7/16/2025,CUST0091,Arjun Khan,Female,61,Jaipur,PROD003,Amul Milk,Dairy,5,59,295,0,54.14,Cash
ORD00032,3/31/2025,CUST0629,Anjali Shah,Male,49,Hyderabad,PROD017,Good Day Cookies,Snacks,5,52.84,264.2,0.15,20.16,Cash
ORD00033,1/18/2025,CUST0450,Sahil Gupta,Male,55,Ahmedabad,PROD001,Parle-G Biscuits,Snacks,4,32.33,129.32,0.15,14.14,Net Banking
ORD00034,12/2/2025,CUST0523,Manish Reddy,Male,53,Kolkata,PROD017,Good Day Cookies,Snacks,4,52.11,208.44,0,29.42,UPI
ORD00035,7/22/2025,CUST1000,Rahul Malhotra,Male,55,Lucknow,PROD006,Tata Tea,Beverages,2,131.94,263.88,0.1,33.26,Cash
ORD00036,10/9/2025,CUST0601,Simran Verma,Male,54,Kolkata,PROD007,Surf Excel,Home & Cleaning,1,190.9,190.9,0,45.1,Debit Card
ORD00037,4/10/2025,CUST0744,Nikhil Gupta,Male,42,Chennai,PROD018,Nescafe Coffee,Beverages,6,190.4,1142.4,0.05,128.57,Cash
ORD00038,10/14/2025,CUST0953,Manish Das,Male,20,Delhi,PROD013,Britannia Bread,Dairy,1,44.51,44.51,0.1,6.65,UPI
ORD00039,10/3/2025,CUST0516,Karan Iyer,Female,33,Hyderabad,PROD010,Maggi Noodles,Groceries,6,16.38,98.28,0.15,20.27,Net Banking
ORD00040,8/23/2025,CUST0257,Riya Iyer,Female,35,Mumbai,PROD015,Harpic Cleaner,Home & Cleaning,7,129.31,905.17,0,188.97,Cash
ORD00041,11/21/2025,CUST0919,Isha Shah,Female,62,Pune,PROD019,Vim Dishwash,Home & Cleaning,1,92.01,92.01,0.05,8,Credit Card
ORD00042,1/5/2025,CUST0694,Arjun Verma,Female,26,Hyderabad,PROD008,Dove Soap,Personal Care,6,55.65,333.9,0.05,53.23,Debit Card
ORD00043,4/2/2025,CUST0255,Isha Verma,Female,47,Chennai,PROD010,Maggi Noodles,Groceries,2,15.15,30.3,0.05,2.67,Cash
ORD00044,12/16/2025,CUST0322,Pooja Kapoor,Female,55,Mumbai,PROD012,Dettol Handwash,Personal Care,4,119.26,477.04,0.05,50.34,Credit Card
ORD00045,4/14/2025,CUST0511,Meera Kapoor,Male,33,Bengaluru,PROD007,Surf Excel,Home & Cleaning,4,190.86,763.44,0.05,83.52,Credit Card
ORD00046,2/10/2025,CUST0857,Anjali Kapoor,Male,49,Chennai,PROD020,Head & Shoulders,Personal Care,6,253.08,1518.48,0,152.42,Cash
ORD00047,9/10/2025,CUST0629,Anjali Shah,Male,49,Hyderabad,PROD001,Parle-G Biscuits,Snacks,1,32.32,32.32,0.05,5.7,Net Banking
ORD00048,4/24/2025,CUST0890,Neha Malhotra,Male,18,Delhi,PROD009,Aashirvaad Atta,Groceries,8,244.36,1954.88,0.15,212.1,Net Banking
ORD00049,6/27/2025,CUST0132,Anjali Sharma,Female,42,Chennai,PROD002,Tata Salt,Groceries,7,28.61,200.27,0.15,14.56,Cash
ORD00050,12/19/2025,CUST0882,Vikram Khan,Female,36,Delhi,PROD006,Tata Tea,Beverages,8,131.58,1052.64,0.15,141.56,UPI
ORD00051,5/13/2025,CUST0013,Amit Sharma,Male,36,Pune,PROD007,Surf Excel,Home & Cleaning,7,186.69,1306.83,0.05,175.64,Credit Card
ORD00052,4/5/2025,CUST0562,Sahil Verma,Female,22,Hyderabad,PROD009,Aashirvaad Atta,Groceries,4,247.6,990.4,0.15,116.45,Cash
ORD00053,7/25/2025,CUST0435,Arjun Das,Female,43,Chennai,PROD007,Surf Excel,Home & Cleaning,7,189.92,1329.44,0.05,179.42,Debit Card
ORD00054,5/19/2025,CUST0462,Pooja Patel,Female,43,Chennai,PROD006,Tata Tea,Beverages,3,131.63,394.89,0,86.25,Credit Card
ORD00055,1/5/2025,CUST0569,Simran Shah,Female,45,Delhi,PROD014,Kellogg's Corn Flakes,Groceries,7,205.68,1439.76,0,230.95,Credit Card
ORD00056,6/11/2025,CUST0432,Sahil Khan,Male,21,Hyderabad,PROD016,Thums Up,Beverages,3,43.97,131.91,0.15,19.15,Cash
ORD00057,5/11/2025,CUST0308,Priya Mehta,Male,47,Pune,PROD009,Aashirvaad Atta,Groceries,1,252.44,252.44,0,22.77,Cash
ORD00058,10/14/2025,CUST0860,Riya Kapoor,Male,26,Lucknow,PROD004,Lay's Chips,Snacks,8,37.16,297.28,0.05,39.92,Net Banking
ORD00059,12/14/2025,CUST0955,Pooja Joshi,Female,22,Chennai,PROD009,Aashirvaad Atta,Groceries,6,238.24,1429.44,0,199.67,Net Banking
ORD00060,12/11/2025,CUST0204,Rohan Joshi,Female,50,Hyderabad,PROD019,Vim Dishwash,Home & Cleaning,3,98.72,296.16,0.05,39.49,Net Banking
ORD00061,3/16/2025,CUST0500,Rahul Mehta,Female,18,Bengaluru,PROD015,Harpic Cleaner,Home & Cleaning,2,125.9,251.8,0.05,38,Credit Card
ORD00062,2/6/2025,CUST0656,Vikram Joshi,Female,38,Hyderabad,PROD011,Colgate Toothpaste,Personal Care,7,99.25,694.75,0.15,87.88,UPI
ORD00063,11/6/2025,CUST0166,Priya Shah,Female,62,Delhi,PROD011,Colgate Toothpaste,Personal Care,4,94.72,378.88,0.05,72.27,Cash
ORD00064,7/31/2025,CUST0278,Kavya Patel,Male,59,Jaipur,PROD015,Harpic Cleaner,Home & Cleaning,6,132.77,796.62,0.15,165.31,Credit Card
ORD00065,12/25/2025,CUST0189,Sahil Sharma,Male,48,Jaipur,PROD001,Parle-G Biscuits,Snacks,3,31.77,95.31,0.05,21.72,UPI
ORD00066,8/31/2025,CUST0216,Neha Shah,Female,18,Delhi,PROD006,Tata Tea,Beverages,7,115.85,810.95,0,194.02,Net Banking
ORD00067,11/13/2025,CUST0056,Aditya Reddy,Male,28,Kolkata,PROD001,Parle-G Biscuits,Snacks,7,30.86,216.02,0,21.1,Credit Card
ORD00068,3/6/2025,CUST0087,Arjun Verma,Male,42,Mumbai,PROD013,Britannia Bread,Dairy,5,44.3,221.5,0.05,32.69,Credit Card
ORD00069,6/16/2025,CUST0540,Sneha Joshi,Female,34,Ahmedabad,PROD006,Tata Tea,Beverages,1,114.63,114.63,0.05,24.64,Cash
ORD00070,12/24/2025,CUST0479,Anjali Das,Female,59,Hyderabad,PROD018,Nescafe Coffee,Beverages,5,196.13,980.65,0,240.08,Net Banking
ORD00071,11/24/2025,CUST0182,Rohan Reddy,Female,27,Pune,PROD019,Vim Dishwash,Home & Cleaning,8,94.02,752.16,0.15,98.42,Net Banking
ORD00072,7/7/2025,CUST0318,Anjali Iyer,Male,59,Pune,PROD012,Dettol Handwash,Personal Care,8,113.4,907.2,0,140.72,Cash
ORD00073,3/11/2025,CUST0267,Rohan Sharma,Female,33,Lucknow,PROD005,Coca Cola,Beverages,5,42.82,214.1,0.15,39.78,Debit Card
ORD00074,9/2/2025,CUST0294,Sahil Nair,Female,22,Delhi,PROD016,Thums Up,Beverages,1,42.13,42.13,0.1,9.14,Debit Card
ORD00075,4/7/2025,CUST0010,Simran Iyer,Female,20,Ahmedabad,PROD014,Kellogg's Corn Flakes,Groceries,5,218.31,1091.55,0,189.05,Cash
ORD00076,11/27/2025,CUST0904,Meera Sharma,Male,59,Delhi,PROD018,Nescafe Coffee,Beverages,7,191.75,1342.25,0,270.52,Cash
ORD00077,9/22/2025,CUST0849,Arjun Das,Male,61,Chennai,PROD013,Britannia Bread,Dairy,4,44.53,178.12,0.1,29.87,Net Banking
ORD00078,7/31/2025,CUST0827,Sahil Shah,Female,40,Delhi,PROD009,Aashirvaad Atta,Groceries,5,261.82,1309.1,0.15,242.02,Credit Card
ORD00079,11/13/2025,CUST0874,Priya Iyer,Male,60,Pune,PROD003,Amul Milk,Dairy,3,58.23,174.69,0,32.89,Cash
ORD00080,10/1/2025,CUST0279,Vikram Mehta,Female,32,Kolkata,PROD020,Head & Shoulders,Personal Care,8,254.32,2034.56,0,215.39,UPI
ORD00081,4/30/2025,CUST0191,Kavya Nair,Female,23,Ahmedabad,PROD004,Lay's Chips,Snacks,5,34.66,173.3,0.1,31.76,UPI
ORD00082,9/13/2025,CUST0155,Nikhil Gupta,Male,33,Kolkata,PROD001,Parle-G Biscuits,Snacks,8,29.48,235.84,0.1,28.22,Debit Card
ORD00083,7/20/2025,CUST0475,Anjali Reddy,Female,20,Mumbai,PROD002,Tata Salt,Groceries,6,26.94,161.64,0,14.47,UPI
ORD00084,1/7/2025,CUST0557,Anjali Patel,Female,45,Chennai,PROD016,Thums Up,Beverages,3,39.15,117.45,0.05,24.43,UPI
ORD00085,1/18/2025,CUST0998,Amit Malhotra,Female,26,Jaipur,PROD008,Dove Soap,Personal Care,7,58.61,410.27,0.1,45.05,Credit Card
ORD00086,3/23/2025,CUST0472,Pooja Nair,Male,23,Lucknow,PROD004,Lay's Chips,Snacks,4,35.73,142.92,0.05,32.47,UPI
ORD00087,1/27/2025,CUST0763,Anjali Das,Female,32,Lucknow,PROD018,Nescafe Coffee,Beverages,2,187.72,375.44,0.05,40.58,Credit Card
ORD00088,5/22/2025,CUST0997,Riya Shah,Male,29,Lucknow,PROD004,Lay's Chips,Snacks,4,36.57,146.28,0.05,11.47,Net Banking
ORD00089,12/20/2025,CUST0123,Manish Mehta,Male,31,Kolkata,PROD013,Britannia Bread,Dairy,4,42.81,171.24,0,30.61,Cash
ORD00090,9/13/2025,CUST0705,Neha Shah,Male,29,Bengaluru,PROD020,Head & Shoulders,Personal Care,3,261.48,784.44,0,95.92,UPI
ORD00091,11/27/2025,CUST0703,Sneha Khan,Male,44,Chennai,PROD020,Head & Shoulders,Personal Care,6,283.3,1699.8,0,153.26,Credit Card
ORD00092,10/13/2025,CUST0719,Sahil Sharma,Female,60,Delhi,PROD018,Nescafe Coffee,Beverages,2,184.09,368.18,0,49.28,Debit Card
ORD00093,3/10/2025,CUST0825,Neha Nair,Male,33,Chennai,PROD015,Harpic Cleaner,Home & Cleaning,4,119.15,476.6,0.1,60.43,Debit Card
ORD00094,12/23/2025,CUST0921,Kavya Patel,Female,57,Bengaluru,PROD002,Tata Salt,Groceries,8,29.57,236.56,0.15,26.16,Cash
ORD00095,5/21/2025,CUST0195,Manish Patel,Female,34,Chennai,PROD019,Vim Dishwash,Home & Cleaning,3,92.84,278.52,0.05,54.11,Net Banking
ORD00096,5/15/2025,CUST0937,Riya Iyer,Female,61,Jaipur,PROD018,Nescafe Coffee,Beverages,3,182.46,547.38,0,85.61,Net Banking
ORD00097,4/5/2025,CUST0376,Rohan Patel,Female,20,Hyderabad,PROD015,Harpic Cleaner,Home & Cleaning,1,133.3,133.3,0.15,16.37,UPI
ORD00098,10/3/2025,CUST0635,Sneha Singh,Male,35,Bengaluru,PROD012,Dettol Handwash,Personal Care,4,109.79,439.16,0,84.28,Cash
ORD00099,6/15/2025,CUST0195,Manish Patel,Female,34,Chennai,PROD017,Good Day Cookies,Snacks,8,53.24,425.92,0,78.46,Cash
ORD00100,3/8/2025,CUST0657,Karan Shah,Male,54,Ahmedabad,PROD011,Colgate Toothpaste,Personal Care,2,91.62,183.24,0,16.02,Credit Card
ORD00101,10/20/2025,CUST0895,Kavya Nair,Male,25,Delhi,PROD002,Tata Salt,Groceries,4,27.05,108.2,0,10.47,Cash
ORD00102,2/6/2025,CUST0674,Neha Verma,Male,55,Kolkata,PROD016,Thums Up,Beverages,5,38.29,191.45,0,35.04,UPI
ORD00103,11/24/2025,CUST0953,Manish Das,Male,20,Delhi,PROD007,Surf Excel,Home & Cleaning,8,196.07,1568.56,0,250.3,UPI
ORD00104,5/17/2025,CUST0370,Amit Shah,Male,42,Ahmedabad,PROD018,Nescafe Coffee,Beverages,7,203.93,1427.51,0,314.08,Net Banking
ORD00105,2/19/2025,CUST0042,Sneha Patel,Female,19,Lucknow,PROD003,Amul Milk,Dairy,5,57.7,288.5,0,70.19,UPI
ORD00106,10/19/2025,CUST0743,Arjun Mehta,Male,44,Bengaluru,PROD008,Dove Soap,Personal Care,7,53.81,376.67,0.15,61.37,Credit Card
ORD00107,8/23/2025,CUST0572,Amit Singh,Male,42,Delhi,PROD018,Nescafe Coffee,Beverages,7,201.76,1412.32,0.15,169.09,Cash
ORD00108,6/22/2025,CUST0905,Nikhil Malhotra,Female,49,Delhi,PROD004,Lay's Chips,Snacks,3,37.41,112.23,0.15,14.14,Credit Card
ORD00109,6/16/2025,CUST0547,Meera Reddy,Female,60,Ahmedabad,PROD020,Head & Shoulders,Personal Care,8,283.41,2267.28,0.05,373.73,Debit Card
ORD00110,7/12/2025,CUST0423,Vikram Khan,Male,38,Chennai,PROD014,Kellogg's Corn Flakes,Groceries,6,218.67,1312.02,0.15,192.66,Net Banking
ORD00111,1/1/2025,CUST0949,Pooja Joshi,Male,61,Pune,PROD009,Aashirvaad Atta,Groceries,6,273.56,1641.36,0.1,359.22,UPI
ORD00112,4/24/2025,CUST0292,Rahul Verma,Female,62,Hyderabad,PROD020,Head & Shoulders,Personal Care,1,267.19,267.19,0.05,20.59,Credit Card
ORD00113,9/19/2025,CUST0877,Vikram Das,Male,37,Kolkata,PROD011,Colgate Toothpaste,Personal Care,1,101.24,101.24,0.05,22.72,Net Banking
ORD00114,3/12/2025,CUST0585,Meera Iyer,Male,47,Pune,PROD019,Vim Dishwash,Home & Cleaning,3,86.77,260.31,0.1,32.91,Debit Card
ORD00115,7/24/2025,CUST0376,Rohan Patel,Female,20,Hyderabad,PROD019,Vim Dishwash,Home & Cleaning,4,88.65,354.6,0.05,32.21,Net Banking
ORD00116,12/20/2025,CUST0940,Priya Gupta,Female,28,Hyderabad,PROD007,Surf Excel,Home & Cleaning,2,190.54,381.08,0.1,37.52,Net Banking
ORD00117,1/29/2025,CUST0840,Arjun Singh,Female,30,Delhi,PROD004,Lay's Chips,Snacks,5,33.45,167.25,0.15,20.59,Debit Card
ORD00118,4/27/2025,CUST0357,Sneha Mehta,Male,41,Bengaluru,PROD014,Kellogg's Corn Flakes,Groceries,7,228.8,1601.6,0,364.95,Net Banking
ORD00119,10/4/2025,CUST0951,Kavya Singh,Female,26,Delhi,PROD001,Parle-G Biscuits,Snacks,7,28.74,201.18,0.15,14.88,Net Banking
ORD00120,11/1/2025,CUST0154,Karan Singh,Female,53,Mumbai,PROD011,Colgate Toothpaste,Personal Care,4,92.43,369.72,0.1,81.55,Net Banking
ORD00121,6/22/2025,CUST0517,Rohan Nair,Male,44,Hyderabad,PROD003,Amul Milk,Dairy,4,60.89,243.56,0.1,23.05,UPI
ORD00122,9/14/2025,CUST0488,Anjali Mehta,Female,62,Pune,PROD019,Vim Dishwash,Home & Cleaning,1,92.9,92.9,0.05,8.34,Cash
ORD00123,11/30/2025,CUST0793,Arjun Joshi,Female,34,Bengaluru,PROD005,Coca Cola,Beverages,3,46,138,0,22.49,Net Banking
ORD00124,6/15/2025,CUST0201,Meera Kapoor,Male,63,Delhi,PROD018,Nescafe Coffee,Beverages,4,187.41,749.64,0.05,151.01,Net Banking
ORD00125,6/26/2025,CUST0092,Karan Sharma,Male,34,Delhi,PROD004,Lay's Chips,Snacks,7,35.47,248.29,0.05,26.51,Net Banking
ORD00126,8/15/2025,CUST0672,Manish Khan,Male,58,Delhi,PROD001,Parle-G Biscuits,Snacks,5,29.26,146.3,0.05,25.68,Net Banking
ORD00127,7/11/2025,CUST0150,Arjun Khan,Male,23,Hyderabad,PROD015,Harpic Cleaner,Home & Cleaning,1,136.08,136.08,0,15.51,Credit Card
ORD00128,3/17/2025,CUST0776,Sahil Nair,Male,28,Ahmedabad,PROD003,Amul Milk,Dairy,2,63.66,127.32,0,30.72,Debit Card
ORD00129,4/18/2025,CUST0015,Manish Nair,Female,28,Chennai,PROD011,Colgate Toothpaste,Personal Care,2,94.6,189.2,0.1,14.28,Net Banking
ORD00130,3/14/2025,CUST0217,Kavya Malhotra,Male,22,Ahmedabad,PROD007,Surf Excel,Home & Cleaning,5,185.82,929.1,0.15,161.17,UPI
ORD00131,12/23/2025,CUST0386,Pooja Joshi,Female,28,Ahmedabad,PROD019,Vim Dishwash,Home & Cleaning,1,88.95,88.95,0,11.41,Net Banking
ORD00132,12/5/2025,CUST0278,Kavya Patel,Male,59,Jaipur,PROD002,Tata Salt,Groceries,8,29.35,234.8,0,21.44,Debit Card
ORD00133,7/14/2025,CUST0679,Pooja Nair,Male,33,Ahmedabad,PROD012,Dettol Handwash,Personal Care,2,104.81,209.62,0.1,22.51,Net Banking
ORD00134,4/6/2025,CUST0727,Meera Sharma,Male,38,Delhi,PROD004,Lay's Chips,Snacks,6,35.79,214.74,0.15,31.1,Credit Card
ORD00135,9/8/2025,CUST0513,Priya Gupta,Male,43,Ahmedabad,PROD015,Harpic Cleaner,Home & Cleaning,1,119.5,119.5,0.15,13.39,Cash
ORD00136,6/4/2025,CUST0763,Anjali Das,Female,32,Lucknow,PROD006,Tata Tea,Beverages,1,120.24,120.24,0.05,16.04,Credit Card
ORD00137,1/16/2025,CUST0514,Sneha Shah,Male,21,Delhi,PROD009,Aashirvaad Atta,Groceries,1,260.97,260.97,0.1,54.34,Net Banking
ORD00138,2/14/2025,CUST0972,Amit Sharma,Male,34,Jaipur,PROD009,Aashirvaad Atta,Groceries,4,243.19,972.76,0.1,167.81,Cash
ORD00139,6/9/2025,CUST0534,Pooja Singh,Female,50,Ahmedabad,PROD020,Head & Shoulders,Personal Care,4,263.28,1053.12,0.15,94.86,Net Banking
ORD00140,12/17/2025,CUST0338,Aditya Nair,Female,26,Jaipur,PROD015,Harpic Cleaner,Home & Cleaning,3,122.63,367.89,0,65.77,Credit Card
ORD00141,8/9/2025,CUST0884,Karan Gupta,Male,18,Pune,PROD005,Coca Cola,Beverages,5,47.4,237,0.15,47.27,Credit Card
ORD00142,3/2/2025,CUST0672,Manish Khan,Male,58,Delhi,PROD019,Vim Dishwash,Home & Cleaning,3,89.79,269.37,0.15,39.06,Credit Card
ORD00143,6/5/2025,CUST0326,Nikhil Mehta,Female,55,Jaipur,PROD005,Coca Cola,Beverages,1,47.92,47.92,0.1,10.5,Cash
ORD00144,1/14/2025,CUST0764,Anjali Mehta,Female,64,Hyderabad,PROD009,Aashirvaad Atta,Groceries,3,266.72,800.16,0,81.91,Net Banking
ORD00145,7/3/2025,CUST0632,Rohan Gupta,Female,53,Jaipur,PROD009,Aashirvaad Atta,Groceries,4,259.86,1039.44,0,204.62,UPI
ORD00146,11/29/2025,CUST0705,Neha Shah,Male,29,Bengaluru,PROD016,Thums Up,Beverages,3,41.01,123.03,0.15,16.7,Debit Card
ORD00147,1/17/2025,CUST0189,Sahil Sharma,Male,48,Jaipur,PROD013,Britannia Bread,Dairy,8,45.95,367.6,0,41.49,Cash
ORD00148,4/14/2025,CUST0783,Anjali Sharma,Male,39,Bengaluru,PROD001,Parle-G Biscuits,Snacks,5,32.78,163.9,0,33.8,Credit Card
ORD00149,8/23/2025,CUST0068,Manish Iyer,Male,22,Jaipur,PROD006,Tata Tea,Beverages,8,129.61,1036.88,0.1,183.78,Credit Card
ORD00150,7/21/2025,CUST0438,Nikhil Joshi,Female,57,Lucknow,PROD013,Britannia Bread,Dairy,1,46.85,46.85,0.1,8.54,Net Banking
ORD00151,1/22/2025,CUST0962,Meera Reddy,Male,20,Chennai,PROD019,Vim Dishwash,Home & Cleaning,1,92.53,92.53,0.1,13.13,Credit Card
ORD00152,9/22/2025,CUST0532,Vikram Mehta,Male,53,Chennai,PROD018,Nescafe Coffee,Beverages,7,208.54,1459.78,0,255.18,UPI
ORD00153,5/27/2025,CUST0195,Manish Patel,Female,34,Chennai,PROD010,Maggi Noodles,Groceries,8,15.15,121.2,0.05,24.35,Cash
ORD00154,3/14/2025,CUST0171,Rohan Verma,Female,23,Bengaluru,PROD014,Kellogg's Corn Flakes,Groceries,5,218.81,1094.05,0,215.85,Cash
ORD00155,10/27/2025,CUST0850,Amit Gupta,Female,32,Hyderabad,PROD015,Harpic Cleaner,Home & Cleaning,2,132.3,264.6,0,29.25,Net Banking
ORD00156,10/30/2025,CUST0139,Sahil Gupta,Female,62,Hyderabad,PROD013,Britannia Bread,Dairy,7,44.93,314.51,0,34.72,Credit Card
ORD00157,3/5/2025,CUST0904,Meera Sharma,Male,59,Delhi,PROD015,Harpic Cleaner,Home & Cleaning,2,123.44,246.88,0,49.9,UPI
ORD00158,9/19/2025,CUST0117,Manish Singh,Male,58,Hyderabad,PROD015,Harpic Cleaner,Home & Cleaning,6,120.35,722.1,0.1,132.3,Net Banking
ORD00159,6/21/2025,CUST0973,Amit Iyer,Male,34,Kolkata,PROD006,Tata Tea,Beverages,7,123.91,867.37,0,182.67,Net Banking
ORD00160,1/27/2025,CUST0893,Anjali Patel,Female,43,Ahmedabad,PROD005,Coca Cola,Beverages,3,48.61,145.83,0,30.73,Cash
ORD00161,3/9/2025,CUST0316,Vikram Reddy,Female,40,Delhi,PROD010,Maggi Noodles,Groceries,8,14.9,119.2,0,11.92,Credit Card
ORD00162,10/6/2025,CUST0004,Amit Gupta,Male,50,Lucknow,PROD020,Head & Shoulders,Personal Care,5,247.48,1237.4,0.1,251.04,UPI
ORD00163,8/15/2025,CUST0623,Manish Iyer,Male,61,Hyderabad,PROD016,Thums Up,Beverages,4,39.3,157.2,0.1,22.23,UPI
ORD00164,11/18/2025,CUST0616,Meera Reddy,Male,46,Lucknow,PROD020,Head & Shoulders,Personal Care,1,256.54,256.54,0.15,27.75,Net Banking
ORD00165,1/19/2025,CUST0840,Arjun Singh,Female,30,Delhi,PROD007,Surf Excel,Home & Cleaning,1,175.99,175.99,0,33.62,Credit Card
ORD00166,8/2/2025,CUST0875,Rahul Sharma,Male,44,Ahmedabad,PROD002,Tata Salt,Groceries,5,27.99,139.95,0,12.36,Credit Card
ORD00167,1/19/2025,CUST0166,Priya Shah,Female,62,Delhi,PROD010,Maggi Noodles,Groceries,3,16.42,49.26,0.15,5.91,UPI
ORD00168,8/7/2025,CUST0787,Simran Sharma,Female,23,Hyderabad,PROD010,Maggi Noodles,Groceries,6,15.08,90.48,0.1,17.87,Net Banking
ORD00169,7/31/2025,CUST0067,Pooja Joshi,Female,22,Mumbai,PROD010,Maggi Noodles,Groceries,8,14.55,116.4,0.05,15.04,Net Banking
ORD00170,9/5/2025,CUST0215,Rohan Shah,Female,24,Ahmedabad,PROD007,Surf Excel,Home & Cleaning,1,173.95,173.95,0.15,36.64,Net Banking
ORD00171,10/22/2025,CUST0957,Nikhil Verma,Female,52,Jaipur,PROD010,Maggi Noodles,Groceries,7,15.62,109.34,0.05,12.9,Net Banking
ORD00172,4/3/2025,CUST0363,Nikhil Mehta,Male,36,Bengaluru,PROD005,Coca Cola,Beverages,8,46.26,370.08,0.1,54.53,Net Banking
ORD00173,3/2/2025,CUST0239,Rohan Nair,Male,58,Mumbai,PROD010,Maggi Noodles,Groceries,4,14.25,57,0,9.06,Credit Card
ORD00174,11/23/2025,CUST0819,Nikhil Malhotra,Female,21,Jaipur,PROD020,Head & Shoulders,Personal Care,7,263.15,1842.05,0.05,244.01,Credit Card
ORD00175,9/17/2025,CUST0012,Pooja Malhotra,Female,54,Bengaluru,PROD007,Surf Excel,Home & Cleaning,5,177.87,889.35,0,117.68,Net Banking
ORD00176,10/19/2025,CUST0332,Pooja Mehta,Female,39,Lucknow,PROD001,Parle-G Biscuits,Snacks,2,31.59,63.18,0.05,8.84,Net Banking
ORD00177,9/3/2025,CUST0984,Amit Singh,Male,65,Chennai,PROD001,Parle-G Biscuits,Snacks,3,29.37,88.11,0.05,19.82,Cash
ORD00178,10/2/2025,CUST0817,Kavya Iyer,Male,30,Ahmedabad,PROD002,Tata Salt,Groceries,3,28.62,85.86,0.1,17.9,Debit Card
ORD00179,12/14/2025,CUST0474,Anjali Reddy,Male,43,Ahmedabad,PROD014,Kellogg's Corn Flakes,Groceries,1,225.81,225.81,0.05,37.76,Debit Card
ORD00180,7/1/2025,CUST0569,Simran Shah,Female,45,Delhi,PROD018,Nescafe Coffee,Beverages,1,186.44,186.44,0.05,38.24,UPI
ORD00181,11/17/2025,CUST0993,Sahil Verma,Female,38,Kolkata,PROD005,Coca Cola,Beverages,5,48.42,242.1,0.05,56.86,Net Banking
ORD00182,6/7/2025,CUST0863,Vikram Das,Female,18,Chennai,PROD006,Tata Tea,Beverages,7,117.37,821.59,0,186.49,Debit Card
ORD00183,7/10/2025,CUST0727,Meera Sharma,Male,38,Delhi,PROD002,Tata Salt,Groceries,5,28.34,141.7,0.1,29.22,Cash
ORD00184,1/20/2025,CUST0850,Amit Gupta,Female,32,Hyderabad,PROD010,Maggi Noodles,Groceries,4,15.43,61.72,0,6.12,Credit Card
ORD00185,3/20/2025,CUST0936,Karan Das,Male,40,Jaipur,PROD003,Amul Milk,Dairy,8,61.55,492.4,0.1,103.63,Credit Card
ORD00186,2/20/2025,CUST0349,Vikram Khan,Female,47,Hyderabad,PROD016,Thums Up,Beverages,5,42.65,213.25,0,44.96,Net Banking
ORD00187,9/25/2025,CUST0693,Anjali Joshi,Female,51,Jaipur,PROD005,Coca Cola,Beverages,4,47.64,190.56,0.1,25.02,UPI
ORD00188,6/20/2025,CUST0005,Rahul Shah,Male,63,Jaipur,PROD010,Maggi Noodles,Groceries,1,15.8,15.8,0.15,3.06,Cash
ORD00189,6/9/2025,CUST0911,Neha Joshi,Male,24,Kolkata,PROD002,Tata Salt,Groceries,2,28.79,57.58,0.05,4.59,Credit Card
ORD00190,8/14/2025,CUST0329,Neha Kapoor,Female,63,Pune,PROD007,Surf Excel,Home & Cleaning,4,178.74,714.96,0.15,81.59,UPI
ORD00191,10/14/2025,CUST0280,Karan Malhotra,Female,43,Kolkata,PROD005,Coca Cola,Beverages,3,44.6,133.8,0,32.5,Net Banking
ORD00192,12/27/2025,CUST0105,Manish Nair,Male,50,Ahmedabad,PROD007,Surf Excel,Home & Cleaning,6,185.83,1114.98,0.05,110.23,Debit Card
ORD00193,10/4/2025,CUST0588,Kavya Malhotra,Male,37,Chennai,PROD008,Dove Soap,Personal Care,3,52.84,158.52,0.15,31.22,Cash
ORD00194,1/28/2025,CUST0052,Manish Verma,Female,29,Hyderabad,PROD005,Coca Cola,Beverages,1,45.93,45.93,0,4.5,UPI
ORD00195,12/20/2025,CUST0437,Vikram Khan,Female,22,Kolkata,PROD013,Britannia Bread,Dairy,3,47.51,142.53,0.15,22.66,Cash
ORD00196,12/10/2025,CUST0632,Rohan Gupta,Female,53,Jaipur,PROD012,Dettol Handwash,Personal Care,5,109.98,549.9,0,110.64,Net Banking
ORD00197,6/8/2025,CUST0081,Rohan Mehta,Male,20,Hyderabad,PROD015,Harpic Cleaner,Home & Cleaning,3,120.49,361.47,0.1,31.4,Cash
ORD00198,7/6/2025,CUST0482,Karan Patel,Female,60,Pune,PROD008,Dove Soap,Personal Care,4,53.44,213.76,0.15,22.51,Cash
ORD00199,2/27/2025,CUST0188,Sahil Iyer,Male,61,Hyderabad,PROD011,Colgate Toothpaste,Personal Care,6,96.71,580.26,0,52.87,Debit Card
ORD00200,3/7/2025,CUST0491,Simran Mehta,Female,52,Bengaluru,PROD015,Harpic Cleaner,Home & Cleaning,3,124.04,372.12,0.05,64.61,Net Banking
ORD00201,9/30/2025,CUST0106,Anjali Nair,Male,36,Jaipur,PROD013,Britannia Bread,Dairy,2,44.95,89.9,0,19.3,Cash
ORD00202,9/4/2025,CUST0411,Nikhil Reddy,Male,25,Jaipur,PROD019,Vim Dishwash,Home & Cleaning,7,88.72,621.04,0,107.53,Cash
ORD00203,8/11/2025,CUST0068,Manish Iyer,Male,22,Jaipur,PROD011,Colgate Toothpaste,Personal Care,4,101.85,407.4,0.15,53.08,Net Banking
ORD00204,12/31/2025,CUST0807,Rohan Verma,Male,24,Lucknow,PROD011,Colgate Toothpaste,Personal Care,4,92.72,370.88,0,76.29,Net Banking
ORD00205,2/19/2025,CUST0857,Anjali Kapoor,Male,49,Chennai,PROD016,Thums Up,Beverages,2,41.55,83.1,0.1,10.12,Cash
ORD00206,11/2/2025,CUST0181,Vikram Mehta,Male,52,Bengaluru,PROD010,Maggi Noodles,Groceries,7,14.41,100.87,0,19.82,Cash
ORD00207,11/22/2025,CUST0336,Sahil Nair,Male,40,Hyderabad,PROD016,Thums Up,Beverages,1,38.54,38.54,0,8.9,UPI
ORD00208,10/23/2025,CUST0776,Sahil Nair,Male,28,Ahmedabad,PROD005,Coca Cola,Beverages,3,45.81,137.43,0.05,19.1,Cash
ORD00209,8/11/2025,CUST0201,Meera Kapoor,Male,63,Delhi,PROD007,Surf Excel,Home & Cleaning,6,179.09,1074.54,0.05,241.06,Debit Card
ORD00210,3/7/2025,CUST0092,Karan Sharma,Male,34,Delhi,PROD019,Vim Dishwash,Home & Cleaning,1,93.76,93.76,0.15,11.85,Debit Card
ORD00211,7/3/2025,CUST0064,Sahil Gupta,Male,57,Pune,PROD012,Dettol Handwash,Personal Care,1,104.51,104.51,0.15,19.5,UPI
ORD00212,6/12/2025,CUST0882,Vikram Khan,Female,36,Delhi,PROD010,Maggi Noodles,Groceries,1,14.78,14.78,0.15,1.85,Cash
ORD00213,4/7/2025,CUST0416,Sahil Iyer,Male,28,Lucknow,PROD013,Britannia Bread,Dairy,7,46.43,325.01,0,52.24,Net Banking
ORD00214,2/6/2025,CUST0394,Sahil Verma,Female,43,Chennai,PROD012,Dettol Handwash,Personal Care,7,107.05,749.35,0,77.05,UPI
ORD00215,11/25/2025,CUST0148,Kavya Verma,Female,57,Jaipur,PROD016,Thums Up,Beverages,7,43.85,306.95,0,28.97,Cash
ORD00216,10/10/2025,CUST0881,Vikram Iyer,Male,34,Jaipur,PROD015,Harpic Cleaner,Home & Cleaning,7,130.44,913.08,0.1,136.91,Cash
ORD00217,9/13/2025,CUST0394,Sahil Verma,Female,43,Chennai,PROD012,Dettol Handwash,Personal Care,4,107.57,430.28,0.15,29.72,Credit Card
ORD00218,1/18/2025,CUST0730,Rahul Mehta,Female,53,Jaipur,PROD017,Good Day Cookies,Snacks,5,50.58,252.9,0.15,38.26,UPI
ORD00219,2/10/2025,CUST0582,Riya Verma,Male,28,Kolkata,PROD016,Thums Up,Beverages,6,38.68,232.08,0.1,50.86,Credit Card
ORD00220,11/9/2025,CUST0748,Priya Kapoor,Female,51,Chennai,PROD017,Good Day Cookies,Snacks,5,50.99,254.95,0,43.08,UPI
ORD00221,6/9/2025,CUST0252,Amit Nair,Female,62,Hyderabad,PROD016,Thums Up,Beverages,2,42.1,84.2,0.15,15.44,Net Banking
ORD00222,10/21/2025,CUST0055,Anjali Mehta,Female,48,Bengaluru,PROD011,Colgate Toothpaste,Personal Care,1,96.93,96.93,0.15,19.28,Debit Card
ORD00223,11/2/2025,CUST0432,Sahil Khan,Male,21,Hyderabad,PROD012,Dettol Handwash,Personal Care,5,109.27,546.35,0,108.26,Debit Card
ORD00224,10/21/2025,CUST0745,Riya Shah,Female,40,Lucknow,PROD019,Vim Dishwash,Home & Cleaning,5,86.33,431.65,0.1,69.26,UPI
ORD00225,2/9/2025,CUST0673,Kavya Iyer,Female,31,Pune,PROD010,Maggi Noodles,Groceries,1,14.9,14.9,0,1.51,Debit Card
ORD00226,2/27/2025,CUST0259,Simran Patel,Female,52,Chennai,PROD005,Coca Cola,Beverages,5,44.61,223.05,0.05,17.46,Net Banking
ORD00227,5/14/2025,CUST0179,Sneha Singh,Female,62,Ahmedabad,PROD019,Vim Dishwash,Home & Cleaning,3,94.4,283.2,0.05,58.47,Credit Card
ORD00228,11/1/2025,CUST0497,Riya Patel,Female,21,Ahmedabad,PROD006,Tata Tea,Beverages,1,120.17,120.17,0,29.38,Credit Card
ORD00229,11/23/2025,CUST0858,Anjali Khan,Male,18,Ahmedabad,PROD016,Thums Up,Beverages,7,42.62,298.34,0,57.37,Credit Card
ORD00230,3/1/2025,CUST0216,Neha Shah,Female,18,Delhi,PROD019,Vim Dishwash,Home & Cleaning,6,86.23,517.38,0.05,102.45,UPI
ORD00231,9/30/2025,CUST0172,Neha Shah,Female,56,Lucknow,PROD015,Harpic Cleaner,Home & Cleaning,7,127.68,893.76,0.1,166.38,Credit Card
ORD00232,1/7/2025,CUST0389,Amit Nair,Female,41,Jaipur,PROD013,Britannia Bread,Dairy,8,44.52,356.16,0.15,69.01,Debit Card
ORD00233,1/22/2025,CUST0950,Anjali Verma,Male,42,Mumbai,PROD015,Harpic Cleaner,Home & Cleaning,7,131.47,920.29,0.15,153.39,UPI
ORD00234,11/30/2025,CUST0940,Priya Gupta,Female,28,Hyderabad,PROD018,Nescafe Coffee,Beverages,6,207.75,1246.5,0.1,206.18,Debit Card
ORD00235,7/20/2025,CUST0344,Meera Verma,Female,27,Delhi,PROD009,Aashirvaad Atta,Groceries,5,267.59,1337.95,0.05,243.07,Cash
ORD00236,1/6/2025,CUST0792,Aditya Khan,Male,46,Mumbai,PROD008,Dove Soap,Personal Care,4,56.54,226.16,0,30.14,UPI
ORD00237,8/17/2025,CUST0852,Sahil Singh,Female,25,Ahmedabad,PROD003,Amul Milk,Dairy,1,60.7,60.7,0.15,5.04,Debit Card
ORD00238,1/30/2025,CUST0225,Nikhil Mehta,Male,28,Delhi,PROD010,Maggi Noodles,Groceries,5,14.68,73.4,0,13.6,Net Banking
ORD00239,11/6/2025,CUST0673,Kavya Iyer,Female,31,Pune,PROD007,Surf Excel,Home & Cleaning,2,190.12,380.24,0,36,Credit Card
ORD00240,8/28/2025,CUST0385,Karan Patel,Male,38,Hyderabad,PROD019,Vim Dishwash,Home & Cleaning,3,97.6,292.8,0,36.03,UPI
ORD00241,2/7/2025,CUST0655,Amit Kapoor,Female,31,Kolkata,PROD015,Harpic Cleaner,Home & Cleaning,5,133.18,665.9,0.05,78.28,Debit Card
ORD00242,5/16/2025,CUST0796,Sahil Gupta,Male,42,Jaipur,PROD002,Tata Salt,Groceries,7,28.23,197.61,0,24.48,Credit Card
ORD00243,4/2/2025,CUST0452,Priya Iyer,Male,30,Mumbai,PROD003,Amul Milk,Dairy,8,65.81,526.48,0,96.74,Cash
ORD00244,5/13/2025,CUST0112,Neha Kapoor,Female,32,Delhi,PROD005,Coca Cola,Beverages,7,44.22,309.54,0,72.79,UPI
ORD00245,1/10/2025,CUST0036,Sneha Sharma,Male,54,Pune,PROD003,Amul Milk,Dairy,2,62.14,124.28,0.05,25.05,Cash
ORD00246,6/18/2025,CUST0153,Anjali Joshi,Male,40,Hyderabad,PROD001,Parle-G Biscuits,Snacks,1,31.49,31.49,0.05,3.16,Cash
ORD00247,2/5/2025,CUST0589,Meera Das,Male,48,Chennai,PROD001,Parle-G Biscuits,Snacks,8,30.65,245.2,0.1,49.32,Net Banking
ORD00248,10/2/2025,CUST0232,Manish Malhotra,Female,30,Kolkata,PROD001,Parle-G Biscuits,Snacks,7,32.79,229.53,0.1,20.78,Debit Card
ORD00249,6/24/2025,CUST0342,Rohan Verma,Male,36,Pune,PROD010,Maggi Noodles,Groceries,7,14.37,100.59,0,14.29,UPI
ORD00250,7/16/2025,CUST0862,Riya Mehta,Male,20,Jaipur,PROD015,Harpic Cleaner,Home & Cleaning,5,130.9,654.5,0,114.05,Credit Card
ORD00251,11/20/2025,CUST0307,Nikhil Shah,Female,22,Kolkata,PROD013,Britannia Bread,Dairy,2,47.01,94.02,0.05,14.53,Cash
ORD00252,10/31/2025,CUST0753,Simran Iyer,Male,54,Bengaluru,PROD007,Surf Excel,Home & Cleaning,3,171.96,515.88,0,104.39,Credit Card
ORD00253,8/19/2025,CUST0501,Sahil Patel,Male,45,Chennai,PROD013,Britannia Bread,Dairy,2,48.1,96.2,0.05,15.07,UPI
ORD00254,4/19/2025,CUST0038,Rohan Verma,Female,53,Delhi,PROD011,Colgate Toothpaste,Personal Care,1,95.06,95.06,0,14.16,Net Banking
ORD00255,1/19/2025,CUST0470,Rahul Shah,Male,44,Ahmedabad,PROD018,Nescafe Coffee,Beverages,3,201.62,604.86,0,143.48,Credit Card
ORD00256,12/26/2025,CUST0501,Sahil Patel,Male,45,Chennai,PROD001,Parle-G Biscuits,Snacks,8,32.58,260.64,0.15,19.45,Credit Card
ORD00257,3/29/2025,CUST0015,Manish Nair,Female,28,Chennai,PROD006,Tata Tea,Beverages,1,130.28,130.28,0,20.53,Net Banking
ORD00258,4/14/2025,CUST0066,Karan Gupta,Female,43,Delhi,PROD004,Lay's Chips,Snacks,2,35.86,71.72,0.15,7.16,Cash
ORD00259,6/14/2025,CUST0346,Priya Mehta,Female,61,Bengaluru,PROD013,Britannia Bread,Dairy,6,43.57,261.42,0.15,38.4,Credit Card
ORD00260,8/1/2025,CUST0783,Anjali Sharma,Male,39,Bengaluru,PROD002,Tata Salt,Groceries,3,28.01,84.03,0,10.63,Credit Card
ORD00261,2/21/2025,CUST0714,Pooja Patel,Male,51,Bengaluru,PROD012,Dettol Handwash,Personal Care,3,111.74,335.22,0.15,24.77,Net Banking
ORD00262,4/2/2025,CUST0386,Pooja Joshi,Female,28,Ahmedabad,PROD006,Tata Tea,Beverages,1,129.83,129.83,0,10.53,UPI
ORD00263,4/16/2025,CUST0724,Karan Mehta,Male,52,Chennai,PROD019,Vim Dishwash,Home & Cleaning,5,91.12,455.6,0.1,81.07,Credit Card
ORD00264,1/20/2025,CUST0656,Vikram Joshi,Female,38,Hyderabad,PROD009,Aashirvaad Atta,Groceries,8,252.95,2023.6,0,371.92,Net Banking
ORD00265,1/3/2025,CUST0185,Aditya Singh,Female,46,Pune,PROD016,Thums Up,Beverages,2,41.76,83.52,0.05,11.04,Net Banking
ORD00266,10/4/2025,CUST0242,Karan Das,Female,29,Bengaluru,PROD007,Surf Excel,Home & Cleaning,2,197.64,395.28,0,73.21,Net Banking
ORD00267,3/18/2025,CUST0225,Nikhil Mehta,Male,28,Delhi,PROD015,Harpic Cleaner,Home & Cleaning,4,123.93,495.72,0,49.15,Cash
ORD00268,7/6/2025,CUST0510,Arjun Gupta,Male,20,Kolkata,PROD006,Tata Tea,Beverages,3,126.06,378.18,0,33.73,Debit Card
ORD00269,1/27/2025,CUST0215,Rohan Shah,Female,24,Ahmedabad,PROD014,Kellogg's Corn Flakes,Groceries,5,210.03,1050.15,0.1,82.57,Net Banking
ORD00270,5/1/2025,CUST0181,Vikram Mehta,Male,52,Bengaluru,PROD006,Tata Tea,Beverages,1,122.73,122.73,0,11.3,Cash
ORD00271,2/26/2025,CUST0607,Neha Malhotra,Male,40,Hyderabad,PROD019,Vim Dishwash,Home & Cleaning,6,91.16,546.96,0.05,61.89,Debit Card
ORD00272,4/23/2025,CUST0234,Simran Iyer,Female,62,Hyderabad,PROD004,Lay's Chips,Snacks,4,37.12,148.48,0,21.36,UPI
ORD00273,11/9/2025,CUST0483,Anjali Verma,Female,38,Bengaluru,PROD019,Vim Dishwash,Home & Cleaning,8,86.23,689.84,0.1,64.97,Cash
ORD00274,5/19/2025,CUST0183,Priya Verma,Female,56,Lucknow,PROD013,Britannia Bread,Dairy,6,43.67,262.02,0,49.11,Credit Card
ORD00275,2/26/2025,CUST0344,Meera Verma,Female,27,Delhi,PROD005,Coca Cola,Beverages,1,47.42,47.42,0,6.06,Cash
ORD00276,11/6/2025,CUST0470,Rahul Shah,Male,44,Ahmedabad,PROD014,Kellogg's Corn Flakes,Groceries,3,223.45,670.35,0,154.64,Credit Card
ORD00277,2/14/2025,CUST0809,Kavya Singh,Female,59,Ahmedabad,PROD020,Head & Shoulders,Personal Care,3,269.55,808.65,0.15,154.9,Cash
ORD00278,8/25/2025,CUST0878,Neha Nair,Female,57,Lucknow,PROD017,Good Day Cookies,Snacks,8,53.97,431.76,0,77.96,Debit Card
ORD00279,10/30/2025,CUST0015,Manish Nair,Female,28,Chennai,PROD014,Kellogg's Corn Flakes,Groceries,4,207.31,829.24,0.1,133.22,Credit Card
ORD00280,8/29/2025,CUST0936,Karan Das,Male,40,Jaipur,PROD019,Vim Dishwash,Home & Cleaning,1,91.14,91.14,0,7.91,Net Banking
ORD00281,5/4/2025,CUST0035,Riya Sharma,Male,41,Hyderabad,PROD014,Kellogg's Corn Flakes,Groceries,7,214.6,1502.2,0,235.72,UPI
ORD00282,5/3/2025,CUST0572,Amit Singh,Male,42,Delhi,PROD001,Parle-G Biscuits,Snacks,7,32.77,229.39,0,32.33,UPI
ORD00283,10/26/2025,CUST0017,Meera Nair,Male,52,Bengaluru,PROD016,Thums Up,Beverages,5,38.97,194.85,0.1,39.61,UPI
ORD00284,7/9/2025,CUST1000,Rahul Malhotra,Male,55,Lucknow,PROD015,Harpic Cleaner,Home & Cleaning,8,133.22,1065.76,0.1,106.89,Cash
ORD00285,6/1/2025,CUST0721,Karan Khan,Female,35,Bengaluru,PROD001,Parle-G Biscuits,Snacks,2,30.23,60.46,0.05,9.78,Cash
ORD00286,6/21/2025,CUST0771,Arjun Gupta,Male,62,Pune,PROD009,Aashirvaad Atta,Groceries,4,267.04,1068.16,0,198.12,UPI
ORD00287,1/21/2025,CUST0528,Meera Sharma,Male,30,Lucknow,PROD012,Dettol Handwash,Personal Care,1,106.33,106.33,0.05,16.07,Debit Card
ORD00288,6/21/2025,CUST0376,Rohan Patel,Female,20,Hyderabad,PROD006,Tata Tea,Beverages,2,124.09,248.18,0,25.69,Credit Card
ORD00289,12/26/2025,CUST0553,Aditya Patel,Female,43,Ahmedabad,PROD004,Lay's Chips,Snacks,8,37.12,296.96,0.15,57.57,Credit Card
ORD00290,8/5/2025,CUST0772,Simran Singh,Male,64,Mumbai,PROD008,Dove Soap,Personal Care,6,55.16,330.96,0.05,52.07,Debit Card
ORD00291,3/4/2025,CUST0056,Aditya Reddy,Male,28,Kolkata,PROD003,Amul Milk,Dairy,6,60.11,360.66,0.1,53.64,Cash
ORD00292,12/21/2025,CUST0727,Meera Sharma,Male,38,Delhi,PROD018,Nescafe Coffee,Beverages,5,193.38,966.9,0.05,198.39,UPI
ORD00293,2/9/2025,CUST0193,Anjali Khan,Female,62,Ahmedabad,PROD015,Harpic Cleaner,Home & Cleaning,2,120.25,240.5,0,31.03,UPI
ORD00294,4/15/2025,CUST0169,Priya Singh,Female,25,Pune,PROD009,Aashirvaad Atta,Groceries,2,263.64,527.28,0.1,50.11,Net Banking
ORD00295,8/31/2025,CUST0975,Rahul Mehta,Male,52,Mumbai,PROD001,Parle-G Biscuits,Snacks,5,30.37,151.85,0.15,30.77,Debit Card
ORD00296,4/29/2025,CUST0431,Amit Mehta,Female,33,Bengaluru,PROD015,Harpic Cleaner,Home & Cleaning,1,124.22,124.22,0,10.4,Net Banking
ORD00297,12/7/2025,CUST0661,Pooja Verma,Female,23,Chennai,PROD011,Colgate Toothpaste,Personal Care,7,98.5,689.5,0.05,106.54,Net Banking
ORD00298,6/6/2025,CUST0863,Vikram Das,Female,18,Chennai,PROD018,Nescafe Coffee,Beverages,8,193.55,1548.4,0.15,134.82,Credit Card
ORD00299,1/25/2025,CUST0809,Kavya Singh,Female,59,Ahmedabad,PROD009,Aashirvaad Atta,Groceries,4,255.66,1022.64,0.05,204.85,Credit Card
ORD00300,12/31/2025,CUST0362,Vikram Malhotra,Male,53,Lucknow,PROD010,Maggi Noodles,Groceries,8,16.4,131.2,0.15,26.44,Net Banking
ORD00301,3/1/2025,CUST0293,Karan Khan,Male,29,Delhi,PROD006,Tata Tea,Beverages,3,129.11,387.33,0,41.6,UPI
ORD00302,10/15/2025,CUST0325,Amit Nair,Male,57,Lucknow,PROD019,Vim Dishwash,Home & Cleaning,3,91.45,274.35,0.05,29.03,UPI
ORD00303,3/25/2025,CUST0682,Rohan Mehta,Female,41,Jaipur,PROD011,Colgate Toothpaste,Personal Care,6,92.36,554.16,0.1,85.67,Net Banking
ORD00304,8/23/2025,CUST0309,Karan Iyer,Female,54,Kolkata,PROD004,Lay's Chips,Snacks,1,35.37,35.37,0.1,6.71,Debit Card
ORD00305,5/29/2025,CUST0160,Karan Khan,Female,35,Hyderabad,PROD001,Parle-G Biscuits,Snacks,6,31.41,188.46,0.05,28.75,Net Banking
ORD00306,1/21/2025,CUST0683,Anjali Kapoor,Female,22,Mumbai,PROD005,Coca Cola,Beverages,8,45.04,360.32,0,73.64,Credit Card
ORD00307,4/23/2025,CUST0695,Neha Kapoor,Male,39,Kolkata,PROD018,Nescafe Coffee,Beverages,2,189.28,378.56,0.1,63.02,Cash
ORD00308,4/24/2025,CUST0366,Meera Shah,Male,58,Jaipur,PROD003,Amul Milk,Dairy,6,57.5,345,0,61.82,Debit Card
ORD00309,2/14/2025,CUST0201,Meera Kapoor,Male,63,Delhi,PROD001,Parle-G Biscuits,Snacks,2,30.92,61.84,0.1,10.86,Net Banking
ORD00310,1/29/2025,CUST0404,Rohan Gupta,Female,19,Chennai,PROD007,Surf Excel,Home & Cleaning,8,179.58,1436.64,0.15,203.89,Debit Card
ORD00311,6/26/2025,CUST0408,Kavya Malhotra,Male,26,Chennai,PROD005,Coca Cola,Beverages,7,45.25,316.75,0.05,24.7,Debit Card
ORD00312,8/1/2025,CUST0316,Vikram Reddy,Female,40,Delhi,PROD015,Harpic Cleaner,Home & Cleaning,2,122.79,245.58,0.1,45.54,Cash
ORD00313,10/28/2025,CUST0296,Manish Khan,Male,41,Hyderabad,PROD006,Tata Tea,Beverages,7,127.11,889.77,0.1,83.06,Net Banking
ORD00314,2/3/2025,CUST0089,Pooja Malhotra,Male,32,Mumbai,PROD005,Coca Cola,Beverages,4,44.8,179.2,0.15,37.73,Net Banking
ORD00315,10/12/2025,CUST0775,Simran Shah,Female,24,Ahmedabad,PROD013,Britannia Bread,Dairy,2,42.79,85.58,0.05,12.23,Cash
ORD00316,9/9/2025,CUST0728,Amit Das,Male,40,Kolkata,PROD019,Vim Dishwash,Home & Cleaning,3,88.19,264.57,0.1,30.77,UPI
ORD00317,1/2/2025,CUST0843,Rahul Nair,Female,36,Hyderabad,PROD010,Maggi Noodles,Groceries,5,15.36,76.8,0.1,8.17,Credit Card
ORD00318,9/9/2025,CUST0269,Rohan Das,Female,51,Pune,PROD010,Maggi Noodles,Groceries,8,14.53,116.24,0.05,16.67,Credit Card
ORD00319,7/5/2025,CUST0030,Neha Singh,Female,28,Ahmedabad,PROD004,Lay's Chips,Snacks,5,35.84,179.2,0,32.58,Net Banking
ORD00320,3/3/2025,CUST0493,Nikhil Das,Female,22,Lucknow,PROD019,Vim Dishwash,Home & Cleaning,7,97.22,680.54,0.1,150.44,Debit Card
ORD00321,3/16/2025,CUST0525,Arjun Gupta,Female,59,Pune,PROD019,Vim Dishwash,Home & Cleaning,1,96.91,96.91,0,17.34,Debit Card
ORD00322,11/22/2025,CUST0473,Sneha Shah,Male,29,Kolkata,PROD005,Coca Cola,Beverages,6,43.85,263.1,0.05,35.34,Debit Card
ORD00323,11/18/2025,CUST0050,Neha Sharma,Female,64,Chennai,PROD010,Maggi Noodles,Groceries,5,15.44,77.2,0,12.92,Credit Card
ORD00324,12/17/2025,CUST0784,Vikram Mehta,Female,60,Hyderabad,PROD004,Lay's Chips,Snacks,3,36.1,108.3,0.05,22.69,Debit Card
ORD00325,1/7/2025,CUST0278,Kavya Patel,Male,59,Jaipur,PROD012,Dettol Handwash,Personal Care,2,113.32,226.64,0.05,47.36,Credit Card
ORD00326,3/25/2025,CUST0531,Neha Das,Female,33,Lucknow,PROD010,Maggi Noodles,Groceries,6,16,96,0.1,11.91,UPI
ORD00327,9/27/2025,CUST0224,Simran Khan,Female,27,Bengaluru,PROD005,Coca Cola,Beverages,4,48.36,193.44,0.15,30.3,Net Banking
ORD00328,3/9/2025,CUST0730,Rahul Mehta,Female,53,Jaipur,PROD018,Nescafe Coffee,Beverages,2,192.39,384.78,0,38.41,UPI
ORD00329,11/2/2025,CUST0492,Sneha Nair,Male,51,Ahmedabad,PROD012,Dettol Handwash,Personal Care,5,115.9,579.5,0,126.85,Net Banking
ORD00330,3/2/2025,CUST0782,Kavya Nair,Male,56,Kolkata,PROD011,Colgate Toothpaste,Personal Care,3,100.37,301.11,0,62.2,Credit Card
ORD00331,2/10/2025,CUST0132,Anjali Sharma,Female,42,Chennai,PROD005,Coca Cola,Beverages,4,44.83,179.32,0,18.32,Cash
ORD00332,1/22/2025,CUST0708,Isha Joshi,Male,41,Bengaluru,PROD004,Lay's Chips,Snacks,2,33.35,66.7,0.1,12.53,Credit Card
ORD00333,6/4/2025,CUST0111,Riya Mehta,Male,27,Mumbai,PROD002,Tata Salt,Groceries,1,28.57,28.57,0.05,2.37,UPI
ORD00334,4/13/2025,CUST0773,Priya Mehta,Female,64,Kolkata,PROD004,Lay's Chips,Snacks,2,38.08,76.16,0,13.7,Credit Card
ORD00335,6/28/2025,CUST0687,Amit Nair,Male,35,Pune,PROD012,Dettol Handwash,Personal Care,1,106,106,0.05,24.3,Debit Card
ORD00336,10/24/2025,CUST0165,Rahul Das,Male,35,Mumbai,PROD017,Good Day Cookies,Snacks,4,51.29,205.16,0,19.87,UPI
ORD00337,10/3/2025,CUST0542,Anjali Verma,Female,29,Jaipur,PROD007,Surf Excel,Home & Cleaning,4,197.04,788.16,0,183.86,UPI
ORD00338,10/29/2025,CUST0997,Riya Shah,Male,29,Lucknow,PROD004,Lay's Chips,Snacks,4,38.08,152.32,0.1,19.51,Credit Card
ORD00339,9/21/2025,CUST0451,Anjali Shah,Female,27,Bengaluru,PROD004,Lay's Chips,Snacks,3,37.63,112.89,0.1,15.45,Credit Card
ORD00340,9/11/2025,CUST0418,Priya Nair,Female,59,Bengaluru,PROD004,Lay's Chips,Snacks,6,33.9,203.4,0,34.24,Debit Card
ORD00341,5/26/2025,CUST0722,Amit Gupta,Male,55,Pune,PROD010,Maggi Noodles,Groceries,1,14.44,14.44,0.1,1.3,Cash
ORD00342,8/8/2025,CUST0615,Anjali Nair,Female,43,Mumbai,PROD010,Maggi Noodles,Groceries,8,14.76,118.08,0.1,13.75,Credit Card
ORD00343,12/12/2025,CUST0878,Neha Nair,Female,57,Lucknow,PROD003,Amul Milk,Dairy,8,65.45,523.6,0.05,54.96,Cash
ORD00344,7/22/2025,CUST0689,Karan Mehta,Male,37,Kolkata,PROD004,Lay's Chips,Snacks,7,35.55,248.85,0,24.95,Cash
ORD00345,4/12/2025,CUST0712,Kavya Sharma,Male,52,Chennai,PROD019,Vim Dishwash,Home & Cleaning,2,95.51,191.02,0,17.38,Debit Card
ORD00346,5/23/2025,CUST0206,Manish Shah,Male,42,Bengaluru,PROD020,Head & Shoulders,Personal Care,7,251.79,1762.53,0.1,322.46,Net Banking
ORD00347,9/6/2025,CUST0608,Karan Joshi,Male,51,Ahmedabad,PROD009,Aashirvaad Atta,Groceries,7,250.85,1755.95,0.15,360.49,Net Banking
ORD00348,4/29/2025,CUST0286,Kavya Malhotra,Male,36,Lucknow,PROD005,Coca Cola,Beverages,8,43.48,347.84,0.05,53.93,Credit Card
ORD00349,4/2/2025,CUST0031,Rahul Das,Female,50,Delhi,PROD004,Lay's Chips,Snacks,1,37.61,37.61,0.1,6.61,Cash
ORD00350,2/9/2025,CUST0620,Manish Patel,Female,60,Ahmedabad,PROD011,Colgate Toothpaste,Personal Care,3,94.56,283.68,0.15,23.24,Net Banking
ORD00351,5/14/2025,CUST0786,Sahil Shah,Female,27,Mumbai,PROD016,Thums Up,Beverages,8,39.21,313.68,0.1,46.11,Net Banking
ORD00352,3/2/2025,CUST0352,Simran Shah,Male,63,Jaipur,PROD018,Nescafe Coffee,Beverages,1,207.65,207.65,0,51.58,Cash
ORD00353,10/13/2025,CUST0461,Karan Joshi,Female,53,Hyderabad,PROD011,Colgate Toothpaste,Personal Care,7,96.56,675.92,0,57.85,Debit Card
ORD00354,9/7/2025,CUST0906,Amit Kapoor,Female,38,Bengaluru,PROD006,Tata Tea,Beverages,8,121.75,974,0.05,186.61,UPI
ORD00355,7/20/2025,CUST0583,Arjun Mehta,Female,48,Pune,PROD016,Thums Up,Beverages,8,40.86,326.88,0,54.31,Debit Card
ORD00356,5/26/2025,CUST0507,Sneha Malhotra,Male,19,Hyderabad,PROD019,Vim Dishwash,Home & Cleaning,7,93.83,656.81,0.05,131.22,Debit Card
ORD00357,10/26/2025,CUST0063,Amit Nair,Male,43,Pune,PROD001,Parle-G Biscuits,Snacks,1,29.08,29.08,0.05,3.85,UPI
ORD00358,7/30/2025,CUST0784,Vikram Mehta,Female,60,Hyderabad,PROD011,Colgate Toothpaste,Personal Care,7,91.64,641.48,0.05,151.52,Debit Card
ORD00359,12/19/2025,CUST0058,Kavya Das,Female,27,Bengaluru,PROD008,Dove Soap,Personal Care,4,54.19,216.76,0.05,37.22,UPI
ORD00360,1/20/2025,CUST0890,Neha Malhotra,Male,18,Delhi,PROD010,Maggi Noodles,Groceries,2,15.01,30.02,0,5.15,Cash
ORD00361,6/12/2025,CUST0674,Neha Verma,Male,55,Kolkata,PROD014,Kellogg's Corn Flakes,Groceries,7,207.9,1455.3,0.1,235.7,Cash
ORD00362,12/12/2025,CUST0585,Meera Iyer,Male,47,Pune,PROD013,Britannia Bread,Dairy,6,46.61,279.66,0.1,24.42,Credit Card
ORD00363,8/12/2025,CUST0345,Anjali Malhotra,Male,64,Ahmedabad,PROD016,Thums Up,Beverages,6,39,234,0.05,31.51,Credit Card
ORD00364,10/21/2025,CUST0509,Sneha Gupta,Female,40,Delhi,PROD003,Amul Milk,Dairy,4,59.59,238.36,0,31.12,Cash
ORD00365,6/22/2025,CUST0824,Arjun Khan,Female,50,Kolkata,PROD008,Dove Soap,Personal Care,2,58.17,116.34,0.15,9.5,Debit Card
ORD00366,11/30/2025,CUST0069,Vikram Shah,Female,26,Chennai,PROD019,Vim Dishwash,Home & Cleaning,8,91.27,730.16,0.05,149.32,Debit Card
ORD00367,7/25/2025,CUST0517,Rohan Nair,Male,44,Hyderabad,PROD010,Maggi Noodles,Groceries,7,15.74,110.18,0.05,11.93,Debit Card
ORD00368,1/10/2025,CUST0640,Sneha Singh,Male,46,Hyderabad,PROD017,Good Day Cookies,Snacks,8,52.54,420.32,0.15,39.55,Net Banking
ORD00369,11/23/2025,CUST0884,Karan Gupta,Male,18,Pune,PROD006,Tata Tea,Beverages,8,117.83,942.64,0.1,106.51,Net Banking
ORD00370,7/6/2025,CUST0829,Aditya Sharma,Male,54,Bengaluru,PROD020,Head & Shoulders,Personal Care,7,283.45,1984.15,0,334.9,Cash
ORD00371,7/30/2025,CUST0152,Aditya Khan,Male,49,Chennai,PROD008,Dove Soap,Personal Care,3,58.41,175.23,0.05,37.21,Debit Card
ORD00372,11/27/2025,CUST0881,Vikram Iyer,Male,34,Jaipur,PROD003,Amul Milk,Dairy,4,64.61,258.44,0.05,54.02,Credit Card
ORD00373,1/15/2025,CUST0263,Sahil Gupta,Male,53,Bengaluru,PROD020,Head & Shoulders,Personal Care,4,262.83,1051.32,0,110.91,Credit Card
ORD00374,1/19/2025,CUST0817,Kavya Iyer,Male,30,Ahmedabad,PROD010,Maggi Noodles,Groceries,8,15.34,122.72,0.1,16.76,Credit Card
ORD00375,4/1/2025,CUST0164,Pooja Gupta,Female,29,Hyderabad,PROD009,Aashirvaad Atta,Groceries,3,238.59,715.77,0.05,130.54,UPI
ORD00376,6/2/2025,CUST0987,Anjali Nair,Male,53,Ahmedabad,PROD016,Thums Up,Beverages,1,38.33,38.33,0,5.11,UPI
ORD00377,3/13/2025,CUST0923,Vikram Das,Female,24,Kolkata,PROD014,Kellogg's Corn Flakes,Groceries,6,220.66,1323.96,0,195.25,Credit Card
ORD00378,9/26/2025,CUST0115,Isha Iyer,Female,46,Lucknow,PROD019,Vim Dishwash,Home & Cleaning,2,92.55,185.1,0.15,37.99,Debit Card
ORD00379,10/27/2025,CUST0509,Sneha Gupta,Female,40,Delhi,PROD003,Amul Milk,Dairy,4,62.4,249.6,0.05,32.24,Cash
ORD00380,5/21/2025,CUST0826,Riya Iyer,Female,29,Ahmedabad,PROD008,Dove Soap,Personal Care,7,54.05,378.35,0,41.53,Cash
ORD00381,2/27/2025,CUST0419,Sahil Mehta,Male,49,Jaipur,PROD009,Aashirvaad Atta,Groceries,1,255.89,255.89,0.05,48.36,Debit Card
ORD00382,3/16/2025,CUST0559,Sneha Gupta,Female,35,Mumbai,PROD014,Kellogg's Corn Flakes,Groceries,8,221.01,1768.08,0.05,385.49,Debit Card
ORD00383,12/6/2025,CUST0487,Priya Nair,Male,47,Hyderabad,PROD012,Dettol Handwash,Personal Care,5,104.85,524.25,0.15,38.29,UPI
ORD00384,12/25/2025,CUST0708,Isha Joshi,Male,41,Bengaluru,PROD008,Dove Soap,Personal Care,5,56.81,284.05,0.05,50.9,Debit Card
ORD00385,7/21/2025,CUST0925,Sahil Shah,Male,49,Mumbai,PROD004,Lay's Chips,Snacks,4,37.75,151,0.1,11.05,Debit Card
ORD00386,11/20/2025,CUST0309,Karan Iyer,Female,54,Kolkata,PROD003,Amul Milk,Dairy,4,59.68,238.72,0,56.27,Debit Card
ORD00387,9/9/2025,CUST0901,Rahul Das,Male,60,Chennai,PROD014,Kellogg's Corn Flakes,Groceries,1,208.13,208.13,0,45.78,Cash
ORD00388,12/24/2025,CUST0755,Priya Patel,Male,32,Lucknow,PROD014,Kellogg's Corn Flakes,Groceries,6,222.1,1332.6,0,293.37,Debit Card
ORD00389,8/21/2025,CUST0519,Isha Joshi,Male,40,Kolkata,PROD003,Amul Milk,Dairy,6,60.79,364.74,0.15,63.69,UPI
ORD00390,4/13/2025,CUST0781,Meera Reddy,Female,63,Mumbai,PROD002,Tata Salt,Groceries,3,29.25,87.75,0,7.07,Debit Card
ORD00391,11/29/2025,CUST0322,Pooja Kapoor,Female,55,Mumbai,PROD019,Vim Dishwash,Home & Cleaning,2,87,174,0,29.19,Credit Card
ORD00392,3/10/2025,CUST0868,Meera Shah,Female,45,Delhi,PROD020,Head & Shoulders,Personal Care,7,277.91,1945.37,0.05,289.7,Debit Card
ORD00393,7/8/2025,CUST0178,Kavya Joshi,Female,36,Mumbai,PROD019,Vim Dishwash,Home & Cleaning,6,96.29,577.74,0,54.51,Credit Card
ORD00394,11/28/2025,CUST0403,Simran Shah,Male,25,Bengaluru,PROD013,Britannia Bread,Dairy,4,42.89,171.56,0,40.65,Net Banking
ORD00395,3/28/2025,CUST0642,Sneha Gupta,Female,63,Lucknow,PROD008,Dove Soap,Personal Care,2,60.29,120.58,0,15.01,UPI
ORD00396,7/8/2025,CUST0411,Nikhil Reddy,Male,25,Jaipur,PROD020,Head & Shoulders,Personal Care,7,270.42,1892.94,0,180.1,Credit Card
ORD00397,8/21/2025,CUST0970,Kavya Nair,Male,65,Delhi,PROD019,Vim Dishwash,Home & Cleaning,2,85.69,171.38,0.15,22.43,Cash
ORD00398,9/11/2025,CUST0122,Amit Mehta,Female,39,Jaipur,PROD008,Dove Soap,Personal Care,4,53.82,215.28,0.05,26.37,Cash
ORD00399,4/7/2025,CUST0134,Arjun Kapoor,Female,34,Pune,PROD014,Kellogg's Corn Flakes,Groceries,4,218.4,873.6,0.05,168.92,Cash
ORD00400,8/19/2025,CUST0185,Aditya Singh,Female,46,Pune,PROD014,Kellogg's Corn Flakes,Groceries,3,200.41,601.23,0.05,68.56,Credit Card
ORD00401,6/15/2025,CUST0379,Arjun Sharma,Male,36,Chennai,PROD019,Vim Dishwash,Home & Cleaning,8,86.66,693.28,0.1,64.05,Cash
ORD00402,2/18/2025,CUST0704,Arjun Malhotra,Male,54,Chennai,PROD007,Surf Excel,Home & Cleaning,7,190.13,1330.91,0.15,139.78,Net Banking
ORD00403,11/7/2025,CUST0061,Sahil Joshi,Male,21,Jaipur,PROD002,Tata Salt,Groceries,6,30.51,183.06,0.1,38.62,Net Banking
ORD00404,7/22/2025,CUST0727,Meera Sharma,Male,38,Delhi,PROD002,Tata Salt,Groceries,1,27.67,27.67,0.15,3.4,Debit Card
ORD00405,9/10/2025,CUST0136,Amit Kapoor,Male,19,Bengaluru,PROD018,Nescafe Coffee,Beverages,1,197.04,197.04,0.05,20.38,Debit Card
ORD00406,5/14/2025,CUST0899,Rohan Joshi,Female,25,Kolkata,PROD015,Harpic Cleaner,Home & Cleaning,3,120.43,361.29,0.15,47.17,UPI
ORD00407,8/9/2025,CUST0321,Rohan Joshi,Male,48,Ahmedabad,PROD002,Tata Salt,Groceries,3,28.7,86.1,0.05,16.94,Debit Card
ORD00408,6/11/2025,CUST0925,Sahil Shah,Male,49,Mumbai,PROD009,Aashirvaad Atta,Groceries,5,256.89,1284.45,0.1,267.91,Cash
ORD00409,4/4/2025,CUST0783,Anjali Sharma,Male,39,Bengaluru,PROD005,Coca Cola,Beverages,8,43.11,344.88,0,30.79,UPI
ORD00410,9/11/2025,CUST0482,Karan Patel,Female,60,Pune,PROD009,Aashirvaad Atta,Groceries,3,263.97,791.91,0.1,71.08,UPI
ORD00411,3/17/2025,CUST0453,Manish Khan,Female,27,Kolkata,PROD012,Dettol Handwash,Personal Care,8,112.05,896.4,0,200.61,UPI
ORD00412,9/18/2025,CUST0358,Rahul Khan,Male,63,Chennai,PROD003,Amul Milk,Dairy,4,64.81,259.24,0,57.54,Debit Card
ORD00413,10/20/2025,CUST0577,Amit Khan,Male,56,Lucknow,PROD019,Vim Dishwash,Home & Cleaning,4,93.38,373.52,0,63.28,Credit Card
ORD00414,1/14/2025,CUST0427,Neha Sharma,Female,42,Lucknow,PROD003,Amul Milk,Dairy,4,63.91,255.64,0,59.02,Debit Card
ORD00415,3/20/2025,CUST0698,Priya Joshi,Male,41,Delhi,PROD004,Lay's Chips,Snacks,7,35.21,246.47,0,54.79,UPI
ORD00416,1/3/2025,CUST0084,Kavya Iyer,Male,33,Delhi,PROD015,Harpic Cleaner,Home & Cleaning,8,127.26,1018.08,0.05,175.07,Debit Card
ORD00417,1/25/2025,CUST0994,Anjali Sharma,Female,33,Bengaluru,PROD002,Tata Salt,Groceries,8,27.96,223.68,0.15,19.39,Debit Card
ORD00418,7/24/2025,CUST0331,Manish Joshi,Male,41,Chennai,PROD002,Tata Salt,Groceries,2,28.9,57.8,0.15,7.12,Debit Card
ORD00419,7/26/2025,CUST0183,Priya Verma,Female,56,Lucknow,PROD008,Dove Soap,Personal Care,7,52.99,370.93,0,39.95,Debit Card
ORD00420,6/8/2025,CUST0663,Priya Mehta,Female,64,Bengaluru,PROD005,Coca Cola,Beverages,2,44.77,89.54,0.1,16.53,Net Banking
ORD00421,8/17/2025,CUST0135,Riya Sharma,Male,40,Bengaluru,PROD012,Dettol Handwash,Personal Care,2,118.23,236.46,0.15,22.91,Cash
ORD00422,11/11/2025,CUST0488,Anjali Mehta,Female,62,Pune,PROD009,Aashirvaad Atta,Groceries,7,240.88,1686.16,0.1,330.63,Credit Card
ORD00423,12/13/2025,CUST0445,Anjali Mehta,Female,55,Chennai,PROD014,Kellogg's Corn Flakes,Groceries,2,200.77,401.54,0.05,93.63,Credit Card
ORD00424,8/28/2025,CUST0664,Kavya Nair,Male,63,Pune,PROD005,Coca Cola,Beverages,8,46.31,370.48,0.15,29.69,Cash
ORD00425,6/3/2025,CUST0082,Simran Reddy,Male,40,Bengaluru,PROD016,Thums Up,Beverages,5,38.89,194.45,0,38.18,Credit Card
ORD00426,1/24/2025,CUST0536,Simran Khan,Female,20,Lucknow,PROD014,Kellogg's Corn Flakes,Groceries,5,217.41,1087.05,0.15,85.94,Net Banking
ORD00427,10/19/2025,CUST0111,Riya Mehta,Male,27,Mumbai,PROD017,Good Day Cookies,Snacks,7,50.6,354.2,0.1,61.32,Debit Card
ORD00428,12/5/2025,CUST0364,Pooja Patel,Male,33,Kolkata,PROD009,Aashirvaad Atta,Groceries,2,266.32,532.64,0,52.93,Cash
ORD00429,6/2/2025,CUST0184,Pooja Joshi,Male,47,Hyderabad,PROD006,Tata Tea,Beverages,7,114.81,803.67,0.1,165.67,Debit Card
ORD00430,4/6/2025,CUST0602,Karan Kapoor,Female,24,Mumbai,PROD015,Harpic Cleaner,Home & Cleaning,8,130.45,1043.6,0.05,136.84,Credit Card
ORD00431,1/10/2025,CUST0190,Manish Reddy,Female,29,Lucknow,PROD003,Amul Milk,Dairy,5,64.84,324.2,0,49.84,UPI
ORD00432,7/27/2025,CUST0405,Isha Iyer,Female,47,Jaipur,PROD004,Lay's Chips,Snacks,1,34.15,34.15,0.1,4.86,Net Banking
ORD00433,12/11/2025,CUST0744,Nikhil Gupta,Male,42,Chennai,PROD016,Thums Up,Beverages,5,41.71,208.55,0.15,25.05,Cash
ORD00434,1/9/2025,CUST0824,Arjun Khan,Female,50,Kolkata,PROD010,Maggi Noodles,Groceries,2,14.53,29.06,0,3.27,Credit Card
ORD00435,8/12/2025,CUST0880,Neha Singh,Male,24,Ahmedabad,PROD001,Parle-G Biscuits,Snacks,4,30.67,122.68,0,23.37,Net Banking
ORD00436,1/12/2025,CUST0196,Neha Kapoor,Female,50,Mumbai,PROD003,Amul Milk,Dairy,5,63.93,319.65,0,51.33,UPI
ORD00437,8/19/2025,CUST0171,Rohan Verma,Female,23,Bengaluru,PROD005,Coca Cola,Beverages,8,49.26,394.08,0.1,29.56,Net Banking
ORD00438,1/5/2025,CUST0249,Arjun Iyer,Female,58,Chennai,PROD007,Surf Excel,Home & Cleaning,5,186.37,931.85,0.1,74.35,UPI
ORD00439,10/11/2025,CUST0646,Pooja Iyer,Female,50,Pune,PROD014,Kellogg's Corn Flakes,Groceries,7,226.23,1583.61,0.15,244.03,Debit Card
ORD00440,12/14/2025,CUST0038,Rohan Verma,Female,53,Delhi,PROD016,Thums Up,Beverages,7,40.92,286.44,0.15,49.47,Cash
ORD00441,5/18/2025,CUST0238,Sneha Nair,Male,57,Hyderabad,PROD002,Tata Salt,Groceries,1,28.37,28.37,0.05,4.69,Cash
ORD00442,8/12/2025,CUST0911,Neha Joshi,Male,24,Kolkata,PROD016,Thums Up,Beverages,2,40.97,81.94,0.05,12.16,UPI
ORD00443,4/23/2025,CUST0166,Priya Shah,Female,62,Delhi,PROD010,Maggi Noodles,Groceries,4,15.31,61.24,0.1,6.58,Net Banking
ORD00444,7/19/2025,CUST0931,Karan Singh,Female,26,Delhi,PROD011,Colgate Toothpaste,Personal Care,8,92.12,736.96,0.05,142.06,Cash
ORD00445,5/25/2025,CUST0854,Nikhil Patel,Female,51,Hyderabad,PROD012,Dettol Handwash,Personal Care,8,117.7,941.6,0,174.87,UPI
ORD00446,2/21/2025,CUST0684,Sahil Patel,Male,34,Bengaluru,PROD016,Thums Up,Beverages,3,39.04,117.12,0,21.43,Cash
ORD00447,1/10/2025,CUST0966,Pooja Reddy,Male,38,Jaipur,PROD016,Thums Up,Beverages,5,39.41,197.05,0.15,14.74,Debit Card
ORD00448,9/15/2025,CUST0903,Riya Khan,Female,27,Jaipur,PROD009,Aashirvaad Atta,Groceries,6,262.88,1577.28,0,348.19,UPI
ORD00449,10/15/2025,CUST0827,Sahil Shah,Female,40,Delhi,PROD003,Amul Milk,Dairy,6,60.88,365.28,0.15,36.8,Credit Card
ORD00450,10/13/2025,CUST0499,Priya Shah,Female,61,Hyderabad,PROD009,Aashirvaad Atta,Groceries,6,266.93,1601.58,0,337.8,Debit Card
ORD00451,2/26/2025,CUST0918,Rahul Khan,Female,58,Hyderabad,PROD005,Coca Cola,Beverages,2,47.52,95.04,0.1,18.46,UPI
ORD00452,3/27/2025,CUST0801,Priya Mehta,Male,61,Kolkata,PROD020,Head & Shoulders,Personal Care,2,279.12,558.24,0,92.8,UPI
ORD00453,9/17/2025,CUST0892,Arjun Reddy,Male,41,Chennai,PROD007,Surf Excel,Home & Cleaning,6,175.24,1051.44,0.05,200.16,Cash
ORD00454,3/4/2025,CUST0751,Aditya Khan,Male,29,Bengaluru,PROD004,Lay's Chips,Snacks,3,36.65,109.95,0.05,22.9,Credit Card
ORD00455,9/16/2025,CUST0450,Sahil Gupta,Male,55,Ahmedabad,PROD014,Kellogg's Corn Flakes,Groceries,1,207.23,207.23,0.1,25.74,Credit Card
ORD00456,12/7/2025,CUST0088,Riya Gupta,Male,47,Chennai,PROD009,Aashirvaad Atta,Groceries,6,264.32,1585.92,0.1,201.69,Credit Card
ORD00457,7/31/2025,CUST0156,Riya Shah,Male,62,Ahmedabad,PROD017,Good Day Cookies,Snacks,7,53.4,373.8,0,80.85,Cash
ORD00458,1/6/2025,CUST0920,Priya Reddy,Male,49,Delhi,PROD015,Harpic Cleaner,Home & Cleaning,6,136.45,818.7,0.1,77.18,Net Banking
ORD00459,3/26/2025,CUST0967,Amit Patel,Male,52,Jaipur,PROD003,Amul Milk,Dairy,2,60.04,120.08,0.1,26.69,Cash
ORD00460,1/30/2025,CUST0063,Amit Nair,Male,43,Pune,PROD013,Britannia Bread,Dairy,1,47.21,47.21,0,11.02,Net Banking
ORD00461,6/10/2025,CUST0997,Riya Shah,Male,29,Lucknow,PROD010,Maggi Noodles,Groceries,7,15.15,106.05,0.15,20.6,Debit Card
ORD00462,10/6/2025,CUST0009,Neha Patel,Female,24,Chennai,PROD009,Aashirvaad Atta,Groceries,3,263.76,791.28,0.1,134.92,Net Banking
ORD00463,6/4/2025,CUST0808,Neha Kapoor,Female,52,Chennai,PROD020,Head & Shoulders,Personal Care,8,274.2,2193.6,0.1,418.18,UPI
ORD00464,10/4/2025,CUST0038,Rohan Verma,Female,53,Delhi,PROD018,Nescafe Coffee,Beverages,6,191.61,1149.66,0,193.69,Debit Card
ORD00465,10/4/2025,CUST0219,Karan Malhotra,Female,38,Ahmedabad,PROD003,Amul Milk,Dairy,5,61.69,308.45,0,25.9,Net Banking
ORD00466,1/31/2025,CUST0265,Meera Sharma,Female,27,Delhi,PROD008,Dove Soap,Personal Care,5,58.24,291.2,0.15,24.45,Debit Card
ORD00467,10/21/2025,CUST0266,Isha Singh,Male,25,Mumbai,PROD017,Good Day Cookies,Snacks,6,48.43,290.58,0,45.41,UPI
ORD00468,11/18/2025,CUST0465,Riya Gupta,Male,52,Hyderabad,PROD011,Colgate Toothpaste,Personal Care,4,101.73,406.92,0.15,60.93,Net Banking
ORD00469,10/21/2025,CUST0865,Sneha Gupta,Female,37,Delhi,PROD020,Head & Shoulders,Personal Care,4,260.66,1042.64,0.05,191.54,Credit Card
ORD00470,7/4/2025,CUST0732,Neha Sharma,Male,32,Delhi,PROD013,Britannia Bread,Dairy,4,43.46,173.84,0.15,26.45,Cash
ORD00471,8/6/2025,CUST0101,Isha Verma,Male,44,Kolkata,PROD005,Coca Cola,Beverages,7,48.34,338.38,0,32.38,Credit Card
ORD00472,10/14/2025,CUST0488,Anjali Mehta,Female,62,Pune,PROD007,Surf Excel,Home & Cleaning,8,173.11,1384.88,0.15,174.77,Net Banking
ORD00473,12/19/2025,CUST0798,Riya Singh,Male,43,Mumbai,PROD013,Britannia Bread,Dairy,5,46.69,233.45,0.1,52.4,Cash
ORD00474,8/23/2025,CUST0750,Sneha Singh,Male,32,Lucknow,PROD014,Kellogg's Corn Flakes,Groceries,3,204.05,612.15,0,99.42,Credit Card
ORD00475,3/22/2025,CUST0992,Riya Joshi,Female,57,Hyderabad,PROD017,Good Day Cookies,Snacks,2,52.71,105.42,0.1,15.23,Net Banking
ORD00476,1/21/2025,CUST0379,Arjun Sharma,Male,36,Chennai,PROD004,Lay's Chips,Snacks,7,33.83,236.81,0.05,39.86,Net Banking
ORD00477,9/6/2025,CUST0157,Riya Joshi,Male,23,Hyderabad,PROD004,Lay's Chips,Snacks,6,34.85,209.1,0.05,26.13,UPI
ORD00478,6/6/2025,CUST0811,Arjun Mehta,Male,57,Lucknow,PROD005,Coca Cola,Beverages,3,48.04,144.12,0.1,11.45,Debit Card
ORD00479,1/23/2025,CUST0221,Sneha Das,Male,45,Pune,PROD006,Tata Tea,Beverages,8,114.04,912.32,0.15,108,Cash
ORD00480,9/1/2025,CUST0493,Nikhil Das,Female,22,Lucknow,PROD019,Vim Dishwash,Home & Cleaning,5,93.14,465.7,0.05,94.16,Net Banking
ORD00481,6/16/2025,CUST0136,Amit Kapoor,Male,19,Bengaluru,PROD005,Coca Cola,Beverages,8,47.89,383.12,0.1,36.32,UPI
ORD00482,1/24/2025,CUST0820,Anjali Patel,Female,63,Jaipur,PROD020,Head & Shoulders,Personal Care,7,262.1,1834.7,0.1,227.26,Cash
ORD00483,12/29/2025,CUST0754,Riya Shah,Female,29,Ahmedabad,PROD009,Aashirvaad Atta,Groceries,2,269.97,539.94,0,95.7,Debit Card
ORD00484,1/28/2025,CUST0575,Neha Verma,Male,29,Kolkata,PROD004,Lay's Chips,Snacks,2,34.26,68.52,0.15,10.02,Net Banking
ORD00485,9/30/2025,CUST0535,Manish Patel,Female,38,Bengaluru,PROD007,Surf Excel,Home & Cleaning,8,184.57,1476.56,0,148.32,Credit Card
ORD00486,10/24/2025,CUST0986,Sneha Iyer,Female,30,Pune,PROD001,Parle-G Biscuits,Snacks,5,32.04,160.2,0,35.41,Cash
ORD00487,1/12/2025,CUST0087,Arjun Verma,Male,42,Mumbai,PROD018,Nescafe Coffee,Beverages,6,191.95,1151.7,0,188.36,Debit Card
ORD00488,5/12/2025,CUST0448,Neha Mehta,Female,64,Mumbai,PROD006,Tata Tea,Beverages,7,114.43,801.01,0.15,91.2,UPI
ORD00489,2/15/2025,CUST0118,Nikhil Joshi,Male,35,Ahmedabad,PROD004,Lay's Chips,Snacks,3,34.75,104.25,0,12.87,Credit Card
ORD00490,1/30/2025,CUST0315,Nikhil Nair,Male,51,Jaipur,PROD014,Kellogg's Corn Flakes,Groceries,3,201.36,604.08,0.05,63.61,Debit Card
ORD00491,3/3/2025,CUST0400,Anjali Reddy,Female,23,Chennai,PROD004,Lay's Chips,Snacks,6,34,204,0.05,24,UPI
ORD00492,2/28/2025,CUST0208,Kavya Khan,Female,18,Hyderabad,PROD008,Dove Soap,Personal Care,4,56.32,225.28,0.15,27.85,Debit Card
ORD00493,7/28/2025,CUST0063,Amit Nair,Male,43,Pune,PROD011,Colgate Toothpaste,Personal Care,8,98.13,785.04,0,127.42,Credit Card
ORD00494,5/7/2025,CUST0936,Karan Das,Male,40,Jaipur,PROD001,Parle-G Biscuits,Snacks,5,30.99,154.95,0.15,25.65,Net Banking
ORD00495,11/22/2025,CUST0668,Riya Patel,Male,42,Pune,PROD005,Coca Cola,Beverages,5,46.59,232.95,0.1,19.76,Net Banking
ORD00496,10/3/2025,CUST0209,Pooja Malhotra,Female,27,Ahmedabad,PROD005,Coca Cola,Beverages,6,46.4,278.4,0,59.28,Cash
ORD00497,11/14/2025,CUST0985,Vikram Mehta,Male,28,Delhi,PROD018,Nescafe Coffee,Beverages,8,181.69,1453.52,0.1,318.39,Debit Card
ORD00498,5/9/2025,CUST0669,Neha Patel,Female,41,Hyderabad,PROD006,Tata Tea,Beverages,1,115.08,115.08,0.1,13.1,Cash
ORD00499,6/3/2025,CUST0360,Rohan Kapoor,Female,46,Lucknow,PROD007,Surf Excel,Home & Cleaning,5,172.23,861.15,0.15,128.63,UPI
ORD00500,4/18/2025,CUST0405,Isha Iyer,Female,47,Jaipur,PROD004,Lay's Chips,Snacks,3,37.06,111.18,0.05,24.22,Net Banking
ORD00501,12/6/2025,CUST0517,Rohan Nair,Male,44,Hyderabad,PROD011,Colgate Toothpaste,Personal Care,6,99.3,595.8,0.1,67.78,Debit Card
ORD00502,12/21/2025,CUST0350,Aditya Shah,Female,28,Bengaluru,PROD007,Surf Excel,Home & Cleaning,8,196.89,1575.12,0.05,123.75,Credit Card
ORD00503,7/31/2025,CUST0662,Arjun Patel,Female,60,Delhi,PROD001,Parle-G Biscuits,Snacks,8,28.52,228.16,0,44.35,Net Banking
ORD00504,12/10/2025,CUST0917,Manish Patel,Male,60,Bengaluru,PROD016,Thums Up,Beverages,7,41.23,288.61,0,49.52,Cash
ORD00505,7/3/2025,CUST0689,Karan Mehta,Male,37,Kolkata,PROD004,Lay's Chips,Snacks,6,38.35,230.1,0.1,45.7,Cash
ORD00506,4/24/2025,CUST0182,Rohan Reddy,Female,27,Pune,PROD001,Parle-G Biscuits,Snacks,2,30.58,61.16,0,9.52,UPI
ORD00507,4/24/2025,CUST0777,Amit Kapoor,Male,36,Mumbai,PROD009,Aashirvaad Atta,Groceries,6,244.68,1468.08,0.15,232.47,Credit Card
ORD00508,4/11/2025,CUST0506,Neha Verma,Female,51,Delhi,PROD012,Dettol Handwash,Personal Care,1,109.13,109.13,0.15,10.72,Cash
ORD00509,10/17/2025,CUST0114,Neha Joshi,Male,47,Jaipur,PROD009,Aashirvaad Atta,Groceries,8,243.89,1951.12,0,374.95,Net Banking
ORD00510,10/19/2025,CUST0579,Kavya Mehta,Male,64,Jaipur,PROD006,Tata Tea,Beverages,2,124.59,249.18,0,25.33,Credit Card
ORD00511,12/21/2025,CUST0903,Riya Khan,Female,27,Jaipur,PROD017,Good Day Cookies,Snacks,5,48.94,244.7,0,60.84,Net Banking
ORD00512,11/29/2025,CUST0630,Rohan Verma,Female,46,Lucknow,PROD009,Aashirvaad Atta,Groceries,8,237.57,1900.56,0.1,323.22,UPI
ORD00513,12/15/2025,CUST0875,Rahul Sharma,Male,44,Ahmedabad,PROD011,Colgate Toothpaste,Personal Care,7,102.28,715.96,0.1,81.57,Net Banking
ORD00514,4/25/2025,CUST0478,Manish Singh,Male,25,Chennai,PROD016,Thums Up,Beverages,6,41.1,246.6,0,56.78,UPI
ORD00515,2/11/2025,CUST0285,Isha Khan,Male,44,Chennai,PROD014,Kellogg's Corn Flakes,Groceries,8,209.46,1675.68,0.1,170.54,Net Banking
ORD00516,5/8/2025,CUST0828,Arjun Das,Male,36,Mumbai,PROD001,Parle-G Biscuits,Snacks,4,32.9,131.6,0.1,28.76,Credit Card
ORD00517,8/10/2025,CUST0169,Priya Singh,Female,25,Pune,PROD011,Colgate Toothpaste,Personal Care,5,91.15,455.75,0,38.62,UPI
ORD00518,6/24/2025,CUST0607,Neha Malhotra,Male,40,Hyderabad,PROD011,Colgate Toothpaste,Personal Care,5,93.77,468.85,0.1,50.86,UPI
ORD00519,2/18/2025,CUST0842,Aditya Nair,Female,61,Delhi,PROD011,Colgate Toothpaste,Personal Care,4,103.7,414.8,0.15,65.34,Cash
ORD00520,12/22/2025,CUST0593,Sahil Gupta,Male,61,Jaipur,PROD004,Lay's Chips,Snacks,2,38.37,76.74,0,11.06,UPI
ORD00521,11/9/2025,CUST0802,Vikram Malhotra,Male,56,Hyderabad,PROD005,Coca Cola,Beverages,1,48.95,48.95,0.1,3.93,Cash
ORD00522,7/25/2025,CUST0068,Manish Iyer,Male,22,Jaipur,PROD004,Lay's Chips,Snacks,1,36.19,36.19,0.05,7.72,UPI
ORD00523,7/16/2025,CUST0633,Riya Mehta,Female,44,Ahmedabad,PROD014,Kellogg's Corn Flakes,Groceries,4,226.73,906.92,0.15,63.06,Cash
ORD00524,6/18/2025,CUST0815,Riya Malhotra,Male,32,Delhi,PROD014,Kellogg's Corn Flakes,Groceries,2,210.2,420.4,0,66.08,Net Banking
ORD00525,4/10/2025,CUST0198,Nikhil Khan,Female,58,Ahmedabad,PROD004,Lay's Chips,Snacks,2,33.31,66.62,0,12.04,Net Banking
ORD00526,8/16/2025,CUST0130,Rahul Reddy,Female,55,Lucknow,PROD017,Good Day Cookies,Snacks,5,50.17,250.85,0.1,45.87,Credit Card
ORD00527,9/20/2025,CUST0249,Arjun Iyer,Female,58,Chennai,PROD005,Coca Cola,Beverages,1,43.16,43.16,0.05,7.35,Debit Card
ORD00528,5/30/2025,CUST0319,Anjali Kapoor,Female,47,Lucknow,PROD019,Vim Dishwash,Home & Cleaning,3,87.49,262.47,0.05,45.52,Debit Card
ORD00529,10/14/2025,CUST0994,Anjali Sharma,Female,33,Bengaluru,PROD001,Parle-G Biscuits,Snacks,3,28.76,86.28,0.15,16.08,UPI
ORD00530,6/24/2025,CUST0433,Riya Iyer,Female,36,Jaipur,PROD012,Dettol Handwash,Personal Care,4,120.61,482.44,0,103,Credit Card
ORD00531,10/17/2025,CUST0684,Sahil Patel,Male,34,Bengaluru,PROD016,Thums Up,Beverages,8,41.6,332.8,0.05,71.09,Debit Card
ORD00532,1/22/2025,CUST0631,Priya Malhotra,Female,18,Ahmedabad,PROD010,Maggi Noodles,Groceries,7,14.99,104.93,0,16.5,Cash
ORD00533,5/3/2025,CUST0225,Nikhil Mehta,Male,28,Delhi,PROD001,Parle-G Biscuits,Snacks,4,31.62,126.48,0.1,21.18,Cash
ORD00534,1/4/2025,CUST0753,Simran Iyer,Male,54,Bengaluru,PROD011,Colgate Toothpaste,Personal Care,7,93.18,652.26,0,143.78,Debit Card
ORD00535,8/14/2025,CUST0011,Isha Patel,Female,23,Jaipur,PROD003,Amul Milk,Dairy,6,57.27,343.62,0,35.81,Credit Card
ORD00536,5/26/2025,CUST0647,Rohan Kapoor,Female,21,Hyderabad,PROD019,Vim Dishwash,Home & Cleaning,6,86.09,516.54,0,58.81,Credit Card
ORD00537,4/11/2025,CUST0225,Nikhil Mehta,Male,28,Delhi,PROD009,Aashirvaad Atta,Groceries,3,250.24,750.72,0.15,77.73,UPI
ORD00538,2/26/2025,CUST0181,Vikram Mehta,Male,52,Bengaluru,PROD009,Aashirvaad Atta,Groceries,2,238.29,476.58,0,68.83,Debit Card
ORD00539,12/5/2025,CUST0959,Karan Khan,Female,36,Bengaluru,PROD007,Surf Excel,Home & Cleaning,5,183.32,916.6,0.05,189.49,Credit Card
ORD00540,3/8/2025,CUST0964,Isha Das,Female,19,Jaipur,PROD017,Good Day Cookies,Snacks,7,54.09,378.63,0,37.92,Credit Card
ORD00541,11/22/2025,CUST0197,Isha Joshi,Female,21,Bengaluru,PROD018,Nescafe Coffee,Beverages,7,200.29,1402.03,0.05,242.31,Credit Card
ORD00542,6/17/2025,CUST0944,Aditya Gupta,Female,62,Mumbai,PROD002,Tata Salt,Groceries,4,30.19,120.76,0.05,24.58,Credit Card
ORD00543,4/18/2025,CUST0055,Anjali Mehta,Female,48,Bengaluru,PROD009,Aashirvaad Atta,Groceries,3,269.43,808.29,0.15,158.43,UPI
ORD00544,11/27/2025,CUST0804,Isha Mehta,Female,35,Jaipur,PROD016,Thums Up,Beverages,2,39,78,0.1,14.58,Net Banking
ORD00545,9/5/2025,CUST0384,Amit Mehta,Male,52,Hyderabad,PROD016,Thums Up,Beverages,8,39.07,312.56,0.05,50.28,Cash
ORD00546,4/17/2025,CUST0486,Rahul Singh,Female,62,Bengaluru,PROD009,Aashirvaad Atta,Groceries,7,261.43,1830.01,0.15,296.25,Credit Card
ORD00547,8/6/2025,CUST0917,Manish Patel,Male,60,Bengaluru,PROD007,Surf Excel,Home & Cleaning,8,194.31,1554.48,0.1,163.91,Cash
ORD00548,2/13/2025,CUST0586,Rohan Singh,Male,43,Chennai,PROD006,Tata Tea,Beverages,6,118.58,711.48,0,73.17,Debit Card
ORD00549,11/15/2025,CUST0456,Riya Shah,Female,38,Delhi,PROD017,Good Day Cookies,Snacks,6,49.23,295.38,0,46.99,Debit Card
ORD00550,6/12/2025,CUST0437,Vikram Khan,Female,22,Kolkata,PROD015,Harpic Cleaner,Home & Cleaning,8,126.86,1014.88,0.05,208.99,Debit Card
ORD00551,7/3/2025,CUST0392,Simran Mehta,Male,56,Delhi,PROD001,Parle-G Biscuits,Snacks,3,30.49,91.47,0.05,16.49,UPI
ORD00552,2/6/2025,CUST0302,Sahil Joshi,Female,20,Bengaluru,PROD017,Good Day Cookies,Snacks,2,53.39,106.78,0,10.33,Debit Card
ORD00553,12/16/2025,CUST0040,Vikram Das,Female,43,Chennai,PROD018,Nescafe Coffee,Beverages,4,190.01,760.04,0.05,88.45,Debit Card
ORD00554,1/5/2025,CUST0196,Neha Kapoor,Female,50,Mumbai,PROD020,Head & Shoulders,Personal Care,3,285.94,857.82,0.15,171.43,Debit Card
ORD00555,1/7/2025,CUST0289,Simran Malhotra,Female,25,Hyderabad,PROD012,Dettol Handwash,Personal Care,7,120.11,840.77,0.15,149.24,Cash
ORD00556,4/18/2025,CUST0670,Rohan Mehta,Male,59,Delhi,PROD017,Good Day Cookies,Snacks,3,53.99,161.97,0,19.21,Cash
ORD00557,2/13/2025,CUST0240,Pooja Kapoor,Female,20,Lucknow,PROD017,Good Day Cookies,Snacks,8,52.92,423.36,0.1,52.55,Debit Card
ORD00558,8/19/2025,CUST0867,Priya Singh,Female,47,Jaipur,PROD007,Surf Excel,Home & Cleaning,7,191.79,1342.53,0.1,139.71,Net Banking
ORD00559,1/5/2025,CUST0031,Rahul Das,Female,50,Delhi,PROD012,Dettol Handwash,Personal Care,3,114.03,342.09,0,45.14,Cash
ORD00560,7/26/2025,CUST0830,Sneha Nair,Male,61,Bengaluru,PROD012,Dettol Handwash,Personal Care,6,108.22,649.32,0.1,114.88,Net Banking
ORD00561,3/20/2025,CUST0307,Nikhil Shah,Female,22,Kolkata,PROD011,Colgate Toothpaste,Personal Care,1,98.34,98.34,0,23.28,Debit Card
ORD00562,2/2/2025,CUST0582,Riya Verma,Male,28,Kolkata,PROD020,Head & Shoulders,Personal Care,7,285.23,1996.61,0,481.74,Net Banking
ORD00563,11/24/2025,CUST0396,Riya Shah,Female,53,Pune,PROD007,Surf Excel,Home & Cleaning,8,173.93,1391.44,0.15,288.03,Debit Card
ORD00564,12/19/2025,CUST0096,Arjun Sharma,Female,18,Jaipur,PROD006,Tata Tea,Beverages,2,126.15,252.3,0,21.56,Net Banking
ORD00565,4/30/2025,CUST0501,Sahil Patel,Male,45,Chennai,PROD001,Parle-G Biscuits,Snacks,3,29.4,88.2,0.1,10.18,Debit Card
ORD00566,3/29/2025,CUST0676,Arjun Nair,Male,33,Jaipur,PROD017,Good Day Cookies,Snacks,2,50.91,101.82,0.05,16.27,Debit Card
ORD00567,8/3/2025,CUST0881,Vikram Iyer,Male,34,Jaipur,PROD014,Kellogg's Corn Flakes,Groceries,7,204.45,1431.15,0,145.91,Cash
ORD00568,4/16/2025,CUST0761,Karan Singh,Female,26,Delhi,PROD003,Amul Milk,Dairy,7,65.6,459.2,0,46.88,Debit Card
ORD00569,9/15/2025,CUST0443,Riya Shah,Female,27,Lucknow,PROD016,Thums Up,Beverages,3,41.62,124.86,0.05,21.34,Cash
ORD00570,7/24/2025,CUST0283,Amit Patel,Female,24,Chennai,PROD007,Surf Excel,Home & Cleaning,1,197.76,197.76,0.1,16.17,Net Banking
ORD00571,10/22/2025,CUST0827,Sahil Shah,Female,40,Delhi,PROD008,Dove Soap,Personal Care,6,59.76,358.56,0.1,51.06,UPI
ORD00572,12/31/2025,CUST0755,Priya Patel,Male,32,Lucknow,PROD003,Amul Milk,Dairy,5,62.82,314.1,0.1,39.28,Debit Card
ORD00573,8/10/2025,CUST0401,Simran Das,Male,53,Jaipur,PROD020,Head & Shoulders,Personal Care,3,263.19,789.57,0,183.97,Cash
ORD00574,3/22/2025,CUST0394,Sahil Verma,Female,43,Chennai,PROD006,Tata Tea,Beverages,2,121.08,242.16,0,29.24,Debit Card
ORD00575,4/22/2025,CUST0904,Meera Sharma,Male,59,Delhi,PROD018,Nescafe Coffee,Beverages,5,199.5,997.5,0,198.17,Cash
ORD00576,9/16/2025,CUST0422,Anjali Joshi,Female,48,Ahmedabad,PROD018,Nescafe Coffee,Beverages,2,208.87,417.74,0,87.06,Debit Card
ORD00577,1/14/2025,CUST0420,Pooja Nair,Female,48,Bengaluru,PROD015,Harpic Cleaner,Home & Cleaning,3,123.49,370.47,0.15,27.58,UPI
ORD00578,7/23/2025,CUST0655,Amit Kapoor,Female,31,Kolkata,PROD015,Harpic Cleaner,Home & Cleaning,7,125.19,876.33,0.1,177.84,UPI
ORD00579,8/26/2025,CUST0011,Isha Patel,Female,23,Jaipur,PROD009,Aashirvaad Atta,Groceries,2,264.09,528.18,0,71.63,Cash
ORD00580,8/13/2025,CUST0473,Sneha Shah,Male,29,Kolkata,PROD003,Amul Milk,Dairy,2,61.94,123.88,0,24.94,Credit Card
ORD00581,4/1/2025,CUST0483,Anjali Verma,Female,38,Bengaluru,PROD009,Aashirvaad Atta,Groceries,3,243.9,731.7,0,134.04,Debit Card
ORD00582,3/20/2025,CUST0128,Karan Nair,Female,64,Delhi,PROD018,Nescafe Coffee,Beverages,7,185.3,1297.1,0,253.14,Cash
ORD00583,12/23/2025,CUST0367,Sahil Gupta,Male,36,Kolkata,PROD006,Tata Tea,Beverages,4,126.86,507.44,0.15,50.36,UPI
ORD00584,11/3/2025,CUST0857,Anjali Kapoor,Male,49,Chennai,PROD017,Good Day Cookies,Snacks,2,50.43,100.86,0.05,14.9,UPI
ORD00585,4/13/2025,CUST0050,Neha Sharma,Female,64,Chennai,PROD013,Britannia Bread,Dairy,4,49.02,196.08,0.05,43.68,UPI
ORD00586,12/15/2025,CUST0017,Meera Nair,Male,52,Bengaluru,PROD014,Kellogg's Corn Flakes,Groceries,1,230.66,230.66,0.05,48.1,UPI
ORD00587,2/25/2025,CUST0226,Amit Iyer,Female,57,Bengaluru,PROD004,Lay's Chips,Snacks,3,37.05,111.15,0,16.75,Debit Card
ORD00588,8/8/2025,CUST0331,Manish Joshi,Male,41,Chennai,PROD018,Nescafe Coffee,Beverages,4,198.3,793.2,0.15,99.22,UPI
ORD00589,12/1/2025,CUST0238,Sneha Nair,Male,57,Hyderabad,PROD007,Surf Excel,Home & Cleaning,2,180.63,361.26,0,29.82,Debit Card
ORD00590,5/23/2025,CUST0013,Amit Sharma,Male,36,Pune,PROD013,Britannia Bread,Dairy,4,45.85,183.4,0,35.19,Net Banking
ORD00591,11/3/2025,CUST0378,Pooja Shah,Female,52,Ahmedabad,PROD002,Tata Salt,Groceries,2,30.32,60.64,0.1,7.16,Cash
ORD00592,11/20/2025,CUST0105,Manish Nair,Male,50,Ahmedabad,PROD018,Nescafe Coffee,Beverages,3,187.68,563.04,0,102.46,Cash
ORD00593,12/8/2025,CUST0695,Neha Kapoor,Male,39,Kolkata,PROD005,Coca Cola,Beverages,6,43.93,263.58,0.05,61.66,Cash
ORD00594,9/19/2025,CUST0070,Amit Reddy,Male,41,Hyderabad,PROD011,Colgate Toothpaste,Personal Care,1,98.92,98.92,0.15,13.14,Credit Card
ORD00595,3/5/2025,CUST0516,Karan Iyer,Female,33,Hyderabad,PROD019,Vim Dishwash,Home & Cleaning,1,88.64,88.64,0.15,15.75,Debit Card
ORD00596,9/13/2025,CUST0243,Rohan Kapoor,Female,51,Jaipur,PROD014,Kellogg's Corn Flakes,Groceries,4,219.02,876.08,0,90.57,Debit Card
ORD00597,11/3/2025,CUST0207,Meera Shah,Male,22,Hyderabad,PROD005,Coca Cola,Beverages,7,44.13,308.91,0,37.21,Cash
ORD00598,8/1/2025,CUST0757,Meera Gupta,Male,39,Delhi,PROD011,Colgate Toothpaste,Personal Care,3,94.21,282.63,0,47.64,Debit Card
ORD00599,4/16/2025,CUST0769,Amit Gupta,Female,38,Delhi,PROD001,Parle-G Biscuits,Snacks,4,32.31,129.24,0.05,16.98,Net Banking
ORD00600,4/4/2025,CUST0056,Aditya Reddy,Male,28,Kolkata,PROD008,Dove Soap,Personal Care,4,57.27,229.08,0.1,34.77,Cash
ORD00601,1/27/2025,CUST0645,Meera Shah,Male,38,Hyderabad,PROD001,Parle-G Biscuits,Snacks,2,32.41,64.82,0,15.69,Credit Card
ORD00602,4/15/2025,CUST0961,Neha Nair,Female,46,Bengaluru,PROD007,Surf Excel,Home & Cleaning,3,173.48,520.44,0.15,76.67,Credit Card
ORD00603,4/12/2025,CUST0520,Nikhil Khan,Female,44,Delhi,PROD003,Amul Milk,Dairy,7,63.52,444.64,0.05,45.58,Credit Card
ORD00604,11/22/2025,CUST0435,Arjun Das,Female,43,Chennai,PROD006,Tata Tea,Beverages,4,119.46,477.84,0.15,63.45,Credit Card
ORD00605,3/27/2025,CUST0279,Vikram Mehta,Female,32,Kolkata,PROD016,Thums Up,Beverages,2,43.71,87.42,0.05,12.27,Cash
ORD00606,7/15/2025,CUST0452,Priya Iyer,Male,30,Mumbai,PROD014,Kellogg's Corn Flakes,Groceries,7,223.45,1564.15,0.1,117.36,Cash
ORD00607,3/31/2025,CUST0875,Rahul Sharma,Male,44,Ahmedabad,PROD003,Amul Milk,Dairy,5,62.36,311.8,0,54.25,Debit Card
ORD00608,9/4/2025,CUST0390,Anjali Sharma,Male,56,Ahmedabad,PROD015,Harpic Cleaner,Home & Cleaning,5,127.26,636.3,0.1,100.54,UPI
ORD00609,9/14/2025,CUST0342,Rohan Verma,Male,36,Pune,PROD005,Coca Cola,Beverages,8,44.07,352.56,0,28.46,Debit Card
ORD00610,6/7/2025,CUST0504,Kavya Khan,Female,46,Kolkata,PROD013,Britannia Bread,Dairy,7,49.1,343.7,0.05,47.44,Net Banking
ORD00611,10/17/2025,CUST0073,Rohan Singh,Male,24,Jaipur,PROD014,Kellogg's Corn Flakes,Groceries,1,230.76,230.76,0,33.56,Credit Card
ORD00612,9/8/2025,CUST0199,Priya Gupta,Female,53,Delhi,PROD014,Kellogg's Corn Flakes,Groceries,5,223.8,1119,0.05,177.14,Debit Card
ORD00613,1/18/2025,CUST0714,Pooja Patel,Male,51,Bengaluru,PROD002,Tata Salt,Groceries,7,30.49,213.43,0,25.87,Debit Card
ORD00614,3/17/2025,CUST0647,Rohan Kapoor,Female,21,Hyderabad,PROD001,Parle-G Biscuits,Snacks,3,29.68,89.04,0.1,19.27,Debit Card
ORD00615,7/16/2025,CUST0254,Pooja Joshi,Male,24,Bengaluru,PROD020,Head & Shoulders,Personal Care,3,247.48,742.44,0,140.73,Cash
ORD00616,3/26/2025,CUST0724,Karan Mehta,Male,52,Chennai,PROD019,Vim Dishwash,Home & Cleaning,2,92.5,185,0,42.35,Cash
ORD00617,2/15/2025,CUST0259,Simran Patel,Female,52,Chennai,PROD010,Maggi Noodles,Groceries,7,15.57,108.99,0.1,20.39,UPI
ORD00618,7/23/2025,CUST0652,Aditya Shah,Female,62,Chennai,PROD019,Vim Dishwash,Home & Cleaning,6,96.49,578.94,0.05,114,Debit Card
ORD00619,8/2/2025,CUST0007,Rahul Kapoor,Male,62,Kolkata,PROD006,Tata Tea,Beverages,8,114.03,912.24,0,192.97,Net Banking
ORD00620,3/10/2025,CUST0427,Neha Sharma,Female,42,Lucknow,PROD010,Maggi Noodles,Groceries,7,14.63,102.41,0.05,10.87,Credit Card
ORD00621,1/31/2025,CUST0499,Priya Shah,Female,61,Hyderabad,PROD006,Tata Tea,Beverages,2,122.11,244.22,0,27.24,Credit Card
ORD00622,11/16/2025,CUST0829,Aditya Sharma,Male,54,Bengaluru,PROD007,Surf Excel,Home & Cleaning,5,197.54,987.7,0.1,137.72,UPI
ORD00623,2/2/2025,CUST0890,Neha Malhotra,Male,18,Delhi,PROD006,Tata Tea,Beverages,2,119.28,238.56,0.1,21.73,Debit Card
ORD00624,5/17/2025,CUST0031,Rahul Das,Female,50,Delhi,PROD019,Vim Dishwash,Home & Cleaning,4,91.95,367.8,0,30.02,UPI
ORD00625,7/12/2025,CUST0682,Rohan Mehta,Female,41,Jaipur,PROD019,Vim Dishwash,Home & Cleaning,1,86.81,86.81,0.15,15.84,Net Banking
ORD00626,6/22/2025,CUST0533,Pooja Mehta,Female,52,Chennai,PROD009,Aashirvaad Atta,Groceries,8,255.25,2042,0.05,354.5,Debit Card
ORD00627,7/13/2025,CUST0699,Arjun Kapoor,Male,54,Pune,PROD011,Colgate Toothpaste,Personal Care,6,101.89,611.34,0.05,112.13,Net Banking
ORD00628,12/24/2025,CUST0059,Pooja Gupta,Male,55,Jaipur,PROD012,Dettol Handwash,Personal Care,6,117.8,706.8,0,111.45,Cash
ORD00629,12/25/2025,CUST0743,Arjun Mehta,Male,44,Bengaluru,PROD005,Coca Cola,Beverages,1,46.81,46.81,0.15,5.07,Credit Card
ORD00630,11/23/2025,CUST0378,Pooja Shah,Female,52,Ahmedabad,PROD015,Harpic Cleaner,Home & Cleaning,8,128.4,1027.2,0,82.72,Debit Card
ORD00631,4/30/2025,CUST0018,Anjali Joshi,Female,35,Jaipur,PROD012,Dettol Handwash,Personal Care,1,120.5,120.5,0.05,22.35,Net Banking
ORD00632,12/25/2025,CUST0497,Riya Patel,Female,21,Ahmedabad,PROD013,Britannia Bread,Dairy,2,45.1,90.2,0.1,20.11,UPI
ORD00633,10/20/2025,CUST0752,Sahil Khan,Female,55,Mumbai,PROD013,Britannia Bread,Dairy,5,46.85,234.25,0,53.38,Net Banking
ORD00634,10/8/2025,CUST0033,Nikhil Iyer,Male,27,Chennai,PROD005,Coca Cola,Beverages,8,48.13,385.04,0.05,81.02,Cash
ORD00635,4/19/2025,CUST0173,Meera Gupta,Female,46,Ahmedabad,PROD015,Harpic Cleaner,Home & Cleaning,2,127.79,255.58,0.15,26.28,Credit Card
ORD00636,6/17/2025,CUST0772,Simran Singh,Male,64,Mumbai,PROD003,Amul Milk,Dairy,2,60.91,121.82,0,13.06,Cash
ORD00637,12/10/2025,CUST0785,Pooja Gupta,Male,21,Kolkata,PROD009,Aashirvaad Atta,Groceries,4,264.47,1057.88,0.1,230.17,UPI
ORD00638,10/22/2025,CUST0682,Rohan Mehta,Female,41,Jaipur,PROD005,Coca Cola,Beverages,8,43.36,346.88,0.05,75.21,Net Banking
ORD00639,10/15/2025,CUST0067,Pooja Joshi,Female,22,Mumbai,PROD011,Colgate Toothpaste,Personal Care,7,103.22,722.54,0.1,124.31,Cash
ORD00640,2/15/2025,CUST0828,Arjun Das,Male,36,Mumbai,PROD008,Dove Soap,Personal Care,4,54.39,217.56,0.05,19.62,Debit Card
ORD00641,3/7/2025,CUST0759,Rohan Kapoor,Male,51,Chennai,PROD019,Vim Dishwash,Home & Cleaning,4,95.55,382.2,0,67.8,Debit Card
ORD00642,7/18/2025,CUST0977,Simran Reddy,Male,36,Hyderabad,PROD013,Britannia Bread,Dairy,1,44.85,44.85,0.15,6.52,Cash
ORD00643,2/24/2025,CUST0328,Riya Shah,Male,21,Ahmedabad,PROD012,Dettol Handwash,Personal Care,3,113.08,339.24,0.15,52.03,Cash
ORD00644,9/13/2025,CUST0010,Simran Iyer,Female,20,Ahmedabad,PROD018,Nescafe Coffee,Beverages,8,189.5,1516,0.05,320.2,Cash
ORD00645,6/8/2025,CUST0151,Manish Gupta,Female,54,Lucknow,PROD020,Head & Shoulders,Personal Care,5,252.69,1263.45,0,229.71,Net Banking
ORD00646,4/21/2025,CUST0706,Nikhil Sharma,Female,22,Ahmedabad,PROD004,Lay's Chips,Snacks,5,38.48,192.4,0.15,26.38,Cash
ORD00647,4/18/2025,CUST0299,Arjun Joshi,Female,49,Lucknow,PROD013,Britannia Bread,Dairy,1,49.37,49.37,0.05,4.97,Credit Card
ORD00648,12/4/2025,CUST0718,Nikhil Verma,Female,22,Lucknow,PROD002,Tata Salt,Groceries,3,30.2,90.6,0.1,10.67,Credit Card
ORD00649,7/20/2025,CUST0023,Rohan Gupta,Female,65,Lucknow,PROD018,Nescafe Coffee,Beverages,7,190.12,1330.84,0.1,297.47,Cash
ORD00650,10/8/2025,CUST0074,Rohan Singh,Female,56,Bengaluru,PROD017,Good Day Cookies,Snacks,5,49.62,248.1,0,49.42,Cash
ORD00651,1/28/2025,CUST0100,Kavya Khan,Female,62,Hyderabad,PROD005,Coca Cola,Beverages,6,47.83,286.98,0.15,55.42,Debit Card
ORD00652,3/16/2025,CUST0469,Kavya Khan,Female,24,Delhi,PROD006,Tata Tea,Beverages,3,121.95,365.85,0.1,42.63,Credit Card
ORD00653,3/17/2025,CUST0224,Simran Khan,Female,27,Bengaluru,PROD007,Surf Excel,Home & Cleaning,1,180.78,180.78,0.15,14.96,Cash
ORD00654,8/31/2025,CUST0974,Aditya Joshi,Female,45,Chennai,PROD014,Kellogg's Corn Flakes,Groceries,3,228.67,686.01,0,96.35,Credit Card
ORD00655,3/18/2025,CUST0968,Rahul Nair,Male,31,Bengaluru,PROD002,Tata Salt,Groceries,2,30.72,61.44,0.05,10.56,Cash
ORD00656,11/2/2025,CUST0251,Meera Reddy,Female,57,Bengaluru,PROD002,Tata Salt,Groceries,2,27.61,55.22,0.1,6.53,Credit Card
ORD00657,12/1/2025,CUST0669,Neha Patel,Female,41,Hyderabad,PROD013,Britannia Bread,Dairy,2,48,96,0.1,10.95,Cash
ORD00658,12/9/2025,CUST0377,Vikram Sharma,Male,20,Chennai,PROD001,Parle-G Biscuits,Snacks,2,29.02,58.04,0,9.47,Net Banking
ORD00659,4/3/2025,CUST0231,Pooja Nair,Female,62,Hyderabad,PROD001,Parle-G Biscuits,Snacks,8,29.73,237.84,0,51.14,Cash
ORD00660,10/3/2025,CUST0496,Neha Nair,Male,63,Lucknow,PROD014,Kellogg's Corn Flakes,Groceries,5,217.5,1087.5,0,147.13,Credit Card
ORD00661,9/29/2025,CUST0416,Sahil Iyer,Male,28,Lucknow,PROD001,Parle-G Biscuits,Snacks,7,31,217,0.15,39.32,Cash
ORD00662,3/2/2025,CUST0066,Karan Gupta,Female,43,Delhi,PROD017,Good Day Cookies,Snacks,2,53.15,106.3,0,25.95,Credit Card
ORD00663,3/4/2025,CUST0883,Priya Shah,Female,31,Ahmedabad,PROD020,Head & Shoulders,Personal Care,3,247.21,741.63,0.1,144.23,UPI
ORD00664,1/18/2025,CUST0132,Anjali Sharma,Female,42,Chennai,PROD019,Vim Dishwash,Home & Cleaning,4,94.31,377.24,0,66.25,UPI
ORD00665,12/3/2025,CUST0128,Karan Nair,Female,64,Delhi,PROD017,Good Day Cookies,Snacks,5,50.23,251.15,0.15,23.31,UPI
ORD00666,5/31/2025,CUST0255,Isha Verma,Female,47,Chennai,PROD010,Maggi Noodles,Groceries,1,16.38,16.38,0.15,3.25,Net Banking
ORD00667,6/30/2025,CUST0456,Riya Shah,Female,38,Delhi,PROD005,Coca Cola,Beverages,8,47.44,379.52,0.15,75.76,Net Banking
ORD00668,4/7/2025,CUST0552,Meera Shah,Female,40,Hyderabad,PROD017,Good Day Cookies,Snacks,4,52.66,210.64,0,25.34,Credit Card
ORD00669,5/23/2025,CUST0307,Nikhil Shah,Female,22,Kolkata,PROD007,Surf Excel,Home & Cleaning,3,187.26,561.78,0,101.46,Credit Card
ORD00670,11/29/2025,CUST0747,Rahul Khan,Male,19,Hyderabad,PROD020,Head & Shoulders,Personal Care,7,249.9,1749.3,0.05,206.59,Credit Card
ORD00671,3/15/2025,CUST0410,Simran Verma,Male,26,Kolkata,PROD015,Harpic Cleaner,Home & Cleaning,2,136.46,272.92,0.1,58.91,Net Banking
ORD00672,10/16/2025,CUST0209,Pooja Malhotra,Female,27,Ahmedabad,PROD003,Amul Milk,Dairy,5,65.96,329.8,0,66.44,Net Banking
ORD00673,8/11/2025,CUST0620,Manish Patel,Female,60,Ahmedabad,PROD006,Tata Tea,Beverages,7,128.79,901.53,0.05,213.01,Cash
ORD00674,12/17/2025,CUST0027,Meera Patel,Female,42,Lucknow,PROD020,Head & Shoulders,Personal Care,4,250.02,1000.08,0,170.36,Net Banking
ORD00675,5/20/2025,CUST0417,Meera Khan,Male,19,Pune,PROD003,Amul Milk,Dairy,6,62.76,376.56,0.05,83.91,Credit Card
ORD00676,4/24/2025,CUST0890,Neha Malhotra,Male,18,Delhi,PROD008,Dove Soap,Personal Care,5,52.33,261.65,0.1,58.05,Cash
ORD00677,9/8/2025,CUST0975,Rahul Mehta,Male,52,Mumbai,PROD004,Lay's Chips,Snacks,2,34.17,68.34,0.05,11.69,UPI
ORD00678,1/25/2025,CUST0542,Anjali Verma,Female,29,Jaipur,PROD012,Dettol Handwash,Personal Care,5,113.6,568,0.15,46.75,Credit Card
ORD00679,7/26/2025,CUST0326,Nikhil Mehta,Female,55,Jaipur,PROD013,Britannia Bread,Dairy,3,45.08,135.24,0.15,19.98,Cash
ORD00680,12/3/2025,CUST0607,Neha Malhotra,Male,40,Hyderabad,PROD005,Coca Cola,Beverages,5,42.81,214.05,0.15,36.62,Credit Card
ORD00681,5/8/2025,CUST0147,Kavya Khan,Female,63,Delhi,PROD013,Britannia Bread,Dairy,5,43.11,215.55,0.05,41.01,Net Banking
ORD00682,9/15/2025,CUST0429,Karan Gupta,Male,49,Jaipur,PROD015,Harpic Cleaner,Home & Cleaning,3,126.98,380.94,0.05,78.07,Debit Card
ORD00683,7/28/2025,CUST0283,Amit Patel,Female,24,Chennai,PROD014,Kellogg's Corn Flakes,Groceries,4,209.11,836.44,0,201.64,Debit Card
ORD00684,3/26/2025,CUST0866,Neha Mehta,Female,28,Pune,PROD003,Amul Milk,Dairy,2,57.69,115.38,0,27.76,Net Banking
ORD00685,1/6/2025,CUST0059,Pooja Gupta,Male,55,Jaipur,PROD003,Amul Milk,Dairy,5,61.99,309.95,0.1,60.65,Cash
ORD00686,12/13/2025,CUST0694,Arjun Verma,Female,26,Hyderabad,PROD017,Good Day Cookies,Snacks,3,51.1,153.3,0.15,25.6,Net Banking
ORD00687,1/4/2025,CUST0715,Kavya Joshi,Male,27,Hyderabad,PROD004,Lay's Chips,Snacks,7,33.32,233.24,0,54.78,Cash
ORD00688,1/22/2025,CUST0720,Sneha Singh,Female,38,Kolkata,PROD018,Nescafe Coffee,Beverages,6,187.46,1124.76,0.15,187.67,Net Banking
ORD00689,9/21/2025,CUST0460,Pooja Das,Male,62,Ahmedabad,PROD006,Tata Tea,Beverages,4,117.15,468.6,0.05,99.14,Debit Card
ORD00690,2/27/2025,CUST0976,Meera Patel,Male,62,Pune,PROD002,Tata Salt,Groceries,7,28.68,200.76,0,28.8,Debit Card
ORD00691,4/20/2025,CUST0936,Karan Das,Male,40,Jaipur,PROD008,Dove Soap,Personal Care,2,54.64,109.28,0.1,12.78,UPI
ORD00692,11/26/2025,CUST0756,Sneha Sharma,Female,18,Chennai,PROD019,Vim Dishwash,Home & Cleaning,7,88.44,619.08,0.05,139.94,Net Banking
ORD00693,1/4/2025,CUST0846,Isha Nair,Female,60,Chennai,PROD002,Tata Salt,Groceries,8,30.35,242.8,0.1,19.62,Net Banking
ORD00694,4/6/2025,CUST0472,Pooja Nair,Male,23,Lucknow,PROD011,Colgate Toothpaste,Personal Care,5,95.29,476.45,0,66.44,Cash
ORD00695,9/21/2025,CUST0364,Pooja Patel,Male,33,Kolkata,PROD001,Parle-G Biscuits,Snacks,2,30.44,60.88,0,5.75,Credit Card
ORD00696,7/22/2025,CUST0421,Aditya Singh,Female,22,Mumbai,PROD004,Lay's Chips,Snacks,8,33.29,266.32,0.05,29.96,Debit Card
ORD00697,2/25/2025,CUST0307,Nikhil Shah,Female,22,Kolkata,PROD012,Dettol Handwash,Personal Care,7,119.22,834.54,0.15,154.61,Cash
ORD00698,12/30/2025,CUST0673,Kavya Iyer,Female,31,Pune,PROD015,Harpic Cleaner,Home & Cleaning,3,121.37,364.11,0.1,26.54,Credit Card
ORD00699,6/19/2025,CUST0114,Neha Joshi,Male,47,Jaipur,PROD007,Surf Excel,Home & Cleaning,5,172.09,860.45,0.1,117.38,UPI
ORD00700,9/8/2025,CUST0165,Rahul Das,Male,35,Mumbai,PROD007,Surf Excel,Home & Cleaning,8,196.91,1575.28,0.05,149.94,Net Banking
ORD00701,7/19/2025,CUST0508,Manish Nair,Female,52,Kolkata,PROD005,Coca Cola,Beverages,6,47.82,286.92,0.1,42.69,Credit Card
ORD00702,12/17/2025,CUST0113,Nikhil Joshi,Male,53,Bengaluru,PROD004,Lay's Chips,Snacks,1,33.91,33.91,0.05,5.32,Credit Card
ORD00703,5/29/2025,CUST0054,Neha Sharma,Male,23,Bengaluru,PROD011,Colgate Toothpaste,Personal Care,7,104.16,729.12,0,112.16,Debit Card
ORD00704,4/6/2025,CUST0498,Rohan Shah,Female,47,Lucknow,PROD003,Amul Milk,Dairy,7,59.23,414.61,0,84.57,Credit Card
ORD00705,8/8/2025,CUST0288,Vikram Verma,Female,32,Pune,PROD004,Lay's Chips,Snacks,5,38.47,192.35,0,37.18,Credit Card
ORD00706,3/18/2025,CUST0486,Rahul Singh,Female,62,Bengaluru,PROD004,Lay's Chips,Snacks,3,34.24,102.72,0.15,16.32,Credit Card
ORD00707,8/7/2025,CUST0124,Aditya Reddy,Male,54,Kolkata,PROD005,Coca Cola,Beverages,7,43.01,301.07,0,71.64,UPI
ORD00708,6/6/2025,CUST0632,Rohan Gupta,Female,53,Jaipur,PROD007,Surf Excel,Home & Cleaning,2,194.34,388.68,0.1,52.21,Credit Card
ORD00709,1/27/2025,CUST0228,Arjun Joshi,Female,60,Mumbai,PROD011,Colgate Toothpaste,Personal Care,7,97.08,679.56,0.15,88.15,Debit Card
ORD00710,5/7/2025,CUST0113,Nikhil Joshi,Male,53,Bengaluru,PROD009,Aashirvaad Atta,Groceries,6,248.02,1488.12,0.05,284.11,Debit Card
ORD00711,6/14/2025,CUST0917,Manish Patel,Male,60,Bengaluru,PROD002,Tata Salt,Groceries,3,26.77,80.31,0,15.44,Credit Card
ORD00712,5/10/2025,CUST0293,Karan Khan,Male,29,Delhi,PROD016,Thums Up,Beverages,5,43.45,217.25,0,33.29,Cash
ORD00713,3/8/2025,CUST0373,Neha Kapoor,Female,26,Mumbai,PROD011,Colgate Toothpaste,Personal Care,5,91.84,459.2,0,90.05,Debit Card
ORD00714,7/16/2025,CUST0370,Amit Shah,Male,42,Ahmedabad,PROD012,Dettol Handwash,Personal Care,6,108.43,650.58,0.05,71.51,UPI
ORD00715,10/28/2025,CUST0909,Amit Joshi,Female,54,Ahmedabad,PROD004,Lay's Chips,Snacks,3,36.56,109.68,0.15,9.37,Credit Card
ORD00716,6/4/2025,CUST0198,Nikhil Khan,Female,58,Ahmedabad,PROD015,Harpic Cleaner,Home & Cleaning,2,120.15,240.3,0.15,37.83,Cash
ORD00717,12/31/2025,CUST0780,Isha Reddy,Male,39,Lucknow,PROD007,Surf Excel,Home & Cleaning,3,172.18,516.54,0,78.05,Debit Card
ORD00718,3/2/2025,CUST0913,Meera Nair,Female,50,Jaipur,PROD018,Nescafe Coffee,Beverages,6,206.01,1236.06,0.1,208.11,Cash
ORD00719,3/27/2025,CUST0070,Amit Reddy,Male,41,Hyderabad,PROD016,Thums Up,Beverages,7,41.14,287.98,0.15,52.49,Net Banking
ORD00720,12/22/2025,CUST0281,Neha Khan,Female,38,Hyderabad,PROD005,Coca Cola,Beverages,5,43.06,215.3,0.15,16.53,Credit Card
ORD00721,3/26/2025,CUST0759,Rohan Kapoor,Male,51,Chennai,PROD013,Britannia Bread,Dairy,8,47.37,378.96,0.15,78.97,Cash
ORD00722,5/20/2025,CUST0769,Amit Gupta,Female,38,Delhi,PROD017,Good Day Cookies,Snacks,7,51.72,362.04,0.1,48.27,Credit Card
ORD00723,9/20/2025,CUST0189,Sahil Sharma,Male,48,Jaipur,PROD001,Parle-G Biscuits,Snacks,3,31.07,93.21,0.15,15.72,Cash
ORD00724,5/18/2025,CUST0516,Karan Iyer,Female,33,Hyderabad,PROD017,Good Day Cookies,Snacks,5,49.78,248.9,0,32.45,Net Banking
ORD00725,11/24/2025,CUST0122,Amit Mehta,Female,39,Jaipur,PROD006,Tata Tea,Beverages,4,114.82,459.28,0,59.53,Credit Card
ORD00726,5/8/2025,CUST0965,Simran Shah,Female,49,Mumbai,PROD009,Aashirvaad Atta,Groceries,3,247.64,742.92,0,140.57,Credit Card
ORD00727,6/16/2025,CUST0548,Rahul Sharma,Female,18,Mumbai,PROD004,Lay's Chips,Snacks,1,36.66,36.66,0.15,7.64,UPI
ORD00728,5/31/2025,CUST0970,Kavya Nair,Male,65,Delhi,PROD018,Nescafe Coffee,Beverages,5,201.08,1005.4,0.1,210.58,Debit Card
ORD00729,1/9/2025,CUST0059,Pooja Gupta,Male,55,Jaipur,PROD001,Parle-G Biscuits,Snacks,6,29.49,176.94,0.05,18.5,Net Banking
ORD00730,5/12/2025,CUST0674,Neha Verma,Male,55,Kolkata,PROD019,Vim Dishwash,Home & Cleaning,2,95.26,190.52,0.1,41.28,Net Banking
ORD00731,11/19/2025,CUST0565,Amit Shah,Female,21,Pune,PROD007,Surf Excel,Home & Cleaning,8,176.96,1415.68,0.05,154.21,Cash
ORD00732,9/3/2025,CUST0160,Karan Khan,Female,35,Hyderabad,PROD015,Harpic Cleaner,Home & Cleaning,4,132.43,529.72,0.1,68.02,UPI
ORD00733,9/9/2025,CUST0508,Manish Nair,Female,52,Kolkata,PROD006,Tata Tea,Beverages,8,117.33,938.64,0,105.23,Credit Card
ORD00734,12/18/2025,CUST0664,Kavya Nair,Male,63,Pune,PROD010,Maggi Noodles,Groceries,1,14.95,14.95,0,3.27,Net Banking
ORD00735,11/27/2025,CUST0193,Anjali Khan,Female,62,Ahmedabad,PROD003,Amul Milk,Dairy,3,57.65,172.95,0,27.21,Cash
ORD00736,7/13/2025,CUST0103,Rahul Singh,Female,31,Kolkata,PROD017,Good Day Cookies,Snacks,3,52.95,158.85,0,29,Cash
ORD00737,2/12/2025,CUST0022,Aditya Reddy,Female,27,Hyderabad,PROD004,Lay's Chips,Snacks,1,37.26,37.26,0,3.82,Debit Card
ORD00738,2/24/2025,CUST0147,Kavya Khan,Female,63,Delhi,PROD020,Head & Shoulders,Personal Care,1,277.9,277.9,0,67.47,Net Banking
ORD00739,8/16/2025,CUST0754,Riya Shah,Female,29,Ahmedabad,PROD011,Colgate Toothpaste,Personal Care,2,93.13,186.26,0.1,35.06,Credit Card
ORD00740,5/17/2025,CUST0315,Nikhil Nair,Male,51,Jaipur,PROD011,Colgate Toothpaste,Personal Care,8,92.45,739.6,0,127.51,Net Banking
ORD00741,8/1/2025,CUST0127,Arjun Mehta,Female,19,Kolkata,PROD001,Parle-G Biscuits,Snacks,1,28.96,28.96,0.05,2.68,Credit Card
ORD00742,12/2/2025,CUST0002,Rohan Das,Male,61,Jaipur,PROD008,Dove Soap,Personal Care,1,54.12,54.12,0.1,5.12,Debit Card
ORD00743,5/25/2025,CUST0232,Manish Malhotra,Female,30,Kolkata,PROD013,Britannia Bread,Dairy,2,46.07,92.14,0,10.89,Debit Card
ORD00744,11/6/2025,CUST0079,Isha Sharma,Male,22,Delhi,PROD020,Head & Shoulders,Personal Care,6,251.62,1509.72,0,350.63,Credit Card
ORD00745,12/8/2025,CUST0183,Priya Verma,Female,56,Lucknow,PROD014,Kellogg's Corn Flakes,Groceries,6,218.39,1310.34,0.1,124.46,Debit Card
ORD00746,12/5/2025,CUST0640,Sneha Singh,Male,46,Hyderabad,PROD010,Maggi Noodles,Groceries,6,16.22,97.32,0.05,21.8,Debit Card
ORD00747,3/17/2025,CUST0956,Nikhil Gupta,Male,51,Pune,PROD009,Aashirvaad Atta,Groceries,2,267.08,534.16,0,113.36,Debit Card
ORD00748,2/27/2025,CUST0152,Aditya Khan,Male,49,Chennai,PROD013,Britannia Bread,Dairy,8,47.62,380.96,0.1,74.91,Net Banking
ORD00749,7/17/2025,CUST0438,Nikhil Joshi,Female,57,Lucknow,PROD009,Aashirvaad Atta,Groceries,3,240.89,722.67,0,80.16,Debit Card
ORD00750,11/22/2025,CUST0327,Priya Joshi,Male,38,Lucknow,PROD016,Thums Up,Beverages,7,40.89,286.23,0.1,46.96,Debit Card
ORD00751,9/10/2025,CUST0142,Aditya Mehta,Male,22,Lucknow,PROD008,Dove Soap,Personal Care,7,55.7,389.9,0.1,60.21,Net Banking
ORD00752,12/22/2025,CUST0550,Rahul Shah,Female,29,Pune,PROD008,Dove Soap,Personal Care,7,52.94,370.58,0.1,56.56,Credit Card
ORD00753,1/9/2025,CUST0720,Sneha Singh,Female,38,Kolkata,PROD003,Amul Milk,Dairy,4,60.26,241.04,0,60.01,Debit Card
ORD00754,7/4/2025,CUST0572,Amit Singh,Male,42,Delhi,PROD016,Thums Up,Beverages,3,43.53,130.59,0,30.68,Credit Card
ORD00755,8/4/2025,CUST0302,Sahil Joshi,Female,20,Bengaluru,PROD015,Harpic Cleaner,Home & Cleaning,3,134.41,403.23,0.15,84.04,Credit Card
ORD00756,12/27/2025,CUST0216,Neha Shah,Female,18,Delhi,PROD008,Dove Soap,Personal Care,1,58.41,58.41,0,14.23,Credit Card
ORD00757,2/7/2025,CUST0387,Simran Joshi,Male,64,Chennai,PROD001,Parle-G Biscuits,Snacks,7,30.17,211.19,0,40.69,Cash
ORD00758,5/6/2025,CUST0858,Anjali Khan,Male,18,Ahmedabad,PROD020,Head & Shoulders,Personal Care,3,248.18,744.54,0.05,73.57,UPI
ORD00759,3/13/2025,CUST0013,Amit Sharma,Male,36,Pune,PROD019,Vim Dishwash,Home & Cleaning,7,87.52,612.64,0,97.94,Net Banking
ORD00760,11/27/2025,CUST0716,Amit Sharma,Male,51,Kolkata,PROD010,Maggi Noodles,Groceries,8,15.18,121.44,0.05,17.94,UPI
ORD00761,3/30/2025,CUST0294,Sahil Nair,Female,22,Delhi,PROD004,Lay's Chips,Snacks,3,33.57,100.71,0,18.4,Net Banking
ORD00762,5/13/2025,CUST0165,Rahul Das,Male,35,Mumbai,PROD001,Parle-G Biscuits,Snacks,7,32.25,225.75,0.1,35.39,Net Banking
ORD00763,2/17/2025,CUST0514,Sneha Shah,Male,21,Delhi,PROD010,Maggi Noodles,Groceries,4,15.2,60.8,0,7.67,Net Banking
ORD00764,4/5/2025,CUST0387,Simran Joshi,Male,64,Chennai,PROD005,Coca Cola,Beverages,4,45.45,181.8,0,21.31,Net Banking
ORD00765,3/26/2025,CUST0620,Manish Patel,Female,60,Ahmedabad,PROD003,Amul Milk,Dairy,8,61.3,490.4,0.1,97.38,UPI
ORD00766,7/5/2025,CUST0823,Manish Sharma,Female,63,Bengaluru,PROD012,Dettol Handwash,Personal Care,7,107.71,753.97,0,73.7,Net Banking
ORD00767,2/3/2025,CUST0798,Riya Singh,Male,43,Mumbai,PROD011,Colgate Toothpaste,Personal Care,1,93.66,93.66,0,16.12,Credit Card
ORD00768,1/17/2025,CUST0612,Anjali Reddy,Male,51,Delhi,PROD001,Parle-G Biscuits,Snacks,5,29.34,146.7,0,27.66,Credit Card
ORD00769,6/11/2025,CUST0276,Arjun Iyer,Female,42,Lucknow,PROD003,Amul Milk,Dairy,1,62.07,62.07,0.1,4.9,UPI
ORD00770,9/14/2025,CUST0967,Amit Patel,Male,52,Jaipur,PROD010,Maggi Noodles,Groceries,1,16.46,16.46,0.05,3.8,Credit Card
ORD00771,9/15/2025,CUST0323,Simran Shah,Male,37,Ahmedabad,PROD013,Britannia Bread,Dairy,6,49.32,295.92,0,40.34,UPI
ORD00772,1/20/2025,CUST0515,Nikhil Singh,Male,64,Lucknow,PROD005,Coca Cola,Beverages,1,46.71,46.71,0.1,6.77,Debit Card
ORD00773,4/29/2025,CUST0166,Priya Shah,Female,62,Delhi,PROD005,Coca Cola,Beverages,8,43.28,346.24,0,83.78,Credit Card
ORD00774,11/8/2025,CUST0827,Sahil Shah,Female,40,Delhi,PROD005,Coca Cola,Beverages,3,49.46,148.38,0.15,21.16,Net Banking
ORD00775,11/16/2025,CUST0953,Manish Das,Male,20,Delhi,PROD011,Colgate Toothpaste,Personal Care,8,101.44,811.52,0.05,99.79,Cash
ORD00776,3/20/2025,CUST0041,Manish Reddy,Female,25,Bengaluru,PROD013,Britannia Bread,Dairy,4,44.16,176.64,0.15,27.5,Net Banking
ORD00777,6/8/2025,CUST0643,Kavya Verma,Male,31,Bengaluru,PROD016,Thums Up,Beverages,2,42.83,85.66,0,18.01,Net Banking
ORD00778,6/1/2025,CUST0889,Simran Kapoor,Female,45,Pune,PROD003,Amul Milk,Dairy,8,57.85,462.8,0.05,47.86,Credit Card
ORD00779,8/24/2025,CUST0070,Amit Reddy,Male,41,Hyderabad,PROD009,Aashirvaad Atta,Groceries,6,250.75,1504.5,0,166.19,Debit Card
ORD00780,10/19/2025,CUST0485,Arjun Khan,Female,55,Lucknow,PROD009,Aashirvaad Atta,Groceries,8,261.89,2095.12,0,502.35,Cash
ORD00781,3/8/2025,CUST0041,Manish Reddy,Female,25,Bengaluru,PROD012,Dettol Handwash,Personal Care,5,111.12,555.6,0.15,111.41,Cash
ORD00782,5/15/2025,CUST0376,Rohan Patel,Female,20,Hyderabad,PROD017,Good Day Cookies,Snacks,6,50.3,301.8,0.1,45.09,UPI
ORD00783,2/23/2025,CUST0636,Isha Singh,Male,47,Lucknow,PROD002,Tata Salt,Groceries,4,29.54,118.16,0.15,8.17,Debit Card
ORD00784,8/25/2025,CUST0385,Karan Patel,Male,38,Hyderabad,PROD006,Tata Tea,Beverages,7,129.37,905.59,0,132.21,UPI
ORD00785,4/3/2025,CUST0358,Rahul Khan,Male,63,Chennai,PROD015,Harpic Cleaner,Home & Cleaning,8,130.8,1046.4,0.1,92.81,UPI
ORD00786,6/25/2025,CUST0940,Priya Gupta,Female,28,Hyderabad,PROD013,Britannia Bread,Dairy,7,44.1,308.7,0.05,26.68,Net Banking
ORD00787,3/21/2025,CUST0498,Rohan Shah,Female,47,Lucknow,PROD007,Surf Excel,Home & Cleaning,8,174.09,1392.72,0.1,108.43,Cash
ORD00788,2/1/2025,CUST0150,Arjun Khan,Male,23,Hyderabad,PROD007,Surf Excel,Home & Cleaning,6,186.34,1118.04,0.15,201.1,Debit Card
ORD00789,12/17/2025,CUST0809,Kavya Singh,Female,59,Ahmedabad,PROD014,Kellogg's Corn Flakes,Groceries,8,206.22,1649.76,0,375.43,Cash
ORD00790,2/11/2025,CUST0277,Nikhil Singh,Female,50,Lucknow,PROD009,Aashirvaad Atta,Groceries,3,240.63,721.89,0,91.37,Debit Card
ORD00791,1/28/2025,CUST0895,Kavya Nair,Male,25,Delhi,PROD015,Harpic Cleaner,Home & Cleaning,7,128.59,900.13,0.05,95.17,UPI
ORD00792,6/28/2025,CUST0917,Manish Patel,Male,60,Bengaluru,PROD014,Kellogg's Corn Flakes,Groceries,6,229.85,1379.1,0.05,141.46,Cash
ORD00793,12/21/2025,CUST0494,Neha Sharma,Male,54,Jaipur,PROD016,Thums Up,Beverages,3,43.79,131.37,0.1,16.59,Net Banking
ORD00794,6/15/2025,CUST0399,Vikram Patel,Male,22,Ahmedabad,PROD001,Parle-G Biscuits,Snacks,4,28.85,115.4,0.15,18.13,Debit Card
ORD00795,2/28/2025,CUST0015,Manish Nair,Female,28,Chennai,PROD005,Coca Cola,Beverages,8,49.05,392.4,0.1,80.14,Cash
ORD00796,11/24/2025,CUST0270,Amit Joshi,Female,41,Jaipur,PROD017,Good Day Cookies,Snacks,1,54.91,54.91,0,10.31,Net Banking
ORD00797,10/7/2025,CUST0100,Kavya Khan,Female,62,Hyderabad,PROD002,Tata Salt,Groceries,4,29.73,118.92,0,18.01,Credit Card
ORD00798,10/23/2025,CUST0616,Meera Reddy,Male,46,Lucknow,PROD013,Britannia Bread,Dairy,4,45.1,180.4,0,44.23,UPI
ORD00799,3/5/2025,CUST0380,Priya Malhotra,Female,35,Pune,PROD012,Dettol Handwash,Personal Care,1,109.48,109.48,0.05,17.2,Cash
ORD00800,8/7/2025,CUST0665,Rahul Gupta,Female,22,Delhi,PROD015,Harpic Cleaner,Home & Cleaning,7,126.44,885.08,0.05,185.65,Net Banking
ORD00801,4/1/2025,CUST0998,Amit Malhotra,Female,26,Jaipur,PROD011,Colgate Toothpaste,Personal Care,2,103.45,206.9,0.1,28.46,Net Banking
ORD00802,12/26/2025,CUST0610,Karan Patel,Female,20,Pune,PROD006,Tata Tea,Beverages,7,120.87,846.09,0.1,143,Net Banking
ORD00803,1/9/2025,CUST0961,Neha Nair,Female,46,Bengaluru,PROD004,Lay's Chips,Snacks,2,37.48,74.96,0,7.14,Net Banking
ORD00804,2/21/2025,CUST0955,Pooja Joshi,Female,22,Chennai,PROD014,Kellogg's Corn Flakes,Groceries,2,215.14,430.28,0.15,86.91,Cash
ORD00805,8/21/2025,CUST0516,Karan Iyer,Female,33,Hyderabad,PROD019,Vim Dishwash,Home & Cleaning,1,94.51,94.51,0.1,9.87,Net Banking
ORD00806,8/26/2025,CUST0391,Priya Verma,Male,33,Chennai,PROD004,Lay's Chips,Snacks,4,37.75,151,0,21.08,Cash
ORD00807,5/18/2025,CUST0930,Kavya Iyer,Male,35,Kolkata,PROD013,Britannia Bread,Dairy,1,49.09,49.09,0,8.16,Debit Card
ORD00808,1/14/2025,CUST0315,Nikhil Nair,Male,51,Jaipur,PROD014,Kellogg's Corn Flakes,Groceries,4,199.63,798.52,0.1,61.49,Credit Card
ORD00809,5/4/2025,CUST0810,Sahil Iyer,Female,20,Delhi,PROD012,Dettol Handwash,Personal Care,6,110.03,660.18,0.15,139.6,Net Banking
ORD00810,10/23/2025,CUST0997,Riya Shah,Male,29,Lucknow,PROD013,Britannia Bread,Dairy,4,46.91,187.64,0.1,37.3,Cash
ORD00811,8/12/2025,CUST0132,Anjali Sharma,Female,42,Chennai,PROD013,Britannia Bread,Dairy,3,45.47,136.41,0.05,21.76,Credit Card
ORD00812,11/18/2025,CUST0102,Anjali Iyer,Female,43,Jaipur,PROD005,Coca Cola,Beverages,2,47.01,94.02,0.1,18.9,Debit Card
ORD00813,1/14/2025,CUST0858,Anjali Khan,Male,18,Ahmedabad,PROD018,Nescafe Coffee,Beverages,3,207.54,622.62,0,59.68,Cash
ORD00814,2/10/2025,CUST0012,Pooja Malhotra,Female,54,Bengaluru,PROD019,Vim Dishwash,Home & Cleaning,3,85.88,257.64,0.15,51.79,Net Banking
ORD00815,12/1/2025,CUST0392,Simran Mehta,Male,56,Delhi,PROD001,Parle-G Biscuits,Snacks,3,32.93,98.79,0.05,10.48,Credit Card
ORD00816,12/4/2025,CUST0305,Karan Patel,Male,49,Kolkata,PROD007,Surf Excel,Home & Cleaning,4,190.61,762.44,0.1,144.76,UPI
ORD00817,2/26/2025,CUST0282,Simran Verma,Female,22,Pune,PROD003,Amul Milk,Dairy,3,62.65,187.95,0.15,36.33,Cash
ORD00818,4/3/2025,CUST0950,Anjali Verma,Male,42,Mumbai,PROD020,Head & Shoulders,Personal Care,2,251.18,502.36,0.05,59.44,UPI
ORD00819,9/9/2025,CUST0080,Isha Sharma,Female,55,Jaipur,PROD016,Thums Up,Beverages,6,43.48,260.88,0,38.2,UPI
ORD00820,8/3/2025,CUST0424,Simran Mehta,Male,41,Jaipur,PROD003,Amul Milk,Dairy,8,65.63,525.04,0,60.77,Cash
ORD00821,4/2/2025,CUST0912,Kavya Sharma,Male,23,Lucknow,PROD011,Colgate Toothpaste,Personal Care,8,101.77,814.16,0,106.48,Net Banking
ORD00822,9/5/2025,CUST0647,Rohan Kapoor,Female,21,Hyderabad,PROD020,Head & Shoulders,Personal Care,1,251.57,251.57,0.05,59.49,Net Banking
ORD00823,4/9/2025,CUST0615,Anjali Nair,Female,43,Mumbai,PROD018,Nescafe Coffee,Beverages,1,185.01,185.01,0.05,41.75,Net Banking
ORD00824,7/6/2025,CUST0031,Rahul Das,Female,50,Delhi,PROD018,Nescafe Coffee,Beverages,1,195.26,195.26,0,22.8,UPI
ORD00825,12/21/2025,CUST0921,Kavya Patel,Female,57,Bengaluru,PROD007,Surf Excel,Home & Cleaning,1,179.84,179.84,0,16.94,Credit Card
ORD00826,10/10/2025,CUST0275,Karan Iyer,Male,22,Delhi,PROD009,Aashirvaad Atta,Groceries,8,244.97,1959.76,0,272.9,Debit Card
ORD00827,5/9/2025,CUST0479,Anjali Das,Female,59,Hyderabad,PROD016,Thums Up,Beverages,7,41.08,287.56,0.1,61.28,Credit Card
ORD00828,4/16/2025,CUST0203,Amit Gupta,Male,47,Pune,PROD009,Aashirvaad Atta,Groceries,7,241.36,1689.52,0.15,190.96,Cash
ORD00829,11/15/2025,CUST0444,Nikhil Verma,Female,57,Chennai,PROD015,Harpic Cleaner,Home & Cleaning,7,129.93,909.51,0.05,188.97,UPI
ORD00830,11/20/2025,CUST0622,Meera Mehta,Male,40,Chennai,PROD013,Britannia Bread,Dairy,7,44.1,308.7,0.05,42.11,UPI
ORD00831,5/31/2025,CUST0461,Karan Joshi,Female,53,Hyderabad,PROD006,Tata Tea,Beverages,1,131.25,131.25,0.05,22.41,Net Banking
ORD00832,6/15/2025,CUST0847,Nikhil Singh,Male,60,Jaipur,PROD017,Good Day Cookies,Snacks,6,50.49,302.94,0,33.5,Cash
ORD00833,7/10/2025,CUST0810,Sahil Iyer,Female,20,Delhi,PROD006,Tata Tea,Beverages,6,118.42,710.52,0,136.19,Credit Card
ORD00834,4/20/2025,CUST0799,Nikhil Iyer,Male,25,Ahmedabad,PROD011,Colgate Toothpaste,Personal Care,2,90.39,180.78,0,36.49,Cash
ORD00835,4/19/2025,CUST0582,Riya Verma,Male,28,Kolkata,PROD011,Colgate Toothpaste,Personal Care,4,98.25,393,0.1,45.35,Net Banking
ORD00836,11/27/2025,CUST0223,Rahul Sharma,Female,21,Hyderabad,PROD004,Lay's Chips,Snacks,5,37.01,185.05,0,32.86,Cash
ORD00837,9/10/2025,CUST0699,Arjun Kapoor,Male,54,Pune,PROD014,Kellogg's Corn Flakes,Groceries,6,225.12,1350.72,0,153.32,Cash
ORD00838,6/17/2025,CUST0048,Vikram Patel,Male,60,Kolkata,PROD009,Aashirvaad Atta,Groceries,7,241.97,1693.79,0.1,166.3,Net Banking
ORD00839,8/25/2025,CUST0393,Manish Khan,Female,46,Pune,PROD008,Dove Soap,Personal Care,1,54.6,54.6,0.15,11.51,Debit Card
ORD00840,11/27/2025,CUST0135,Riya Sharma,Male,40,Bengaluru,PROD013,Britannia Bread,Dairy,1,48.8,48.8,0.15,3.59,UPI
ORD00841,5/21/2025,CUST0072,Rahul Nair,Female,60,Pune,PROD016,Thums Up,Beverages,2,42.98,85.96,0.1,15.7,Debit Card
ORD00842,1/25/2025,CUST0772,Simran Singh,Male,64,Mumbai,PROD012,Dettol Handwash,Personal Care,7,105.82,740.74,0.05,115.37,Cash
ORD00843,11/13/2025,CUST0306,Anjali Verma,Female,52,Bengaluru,PROD015,Harpic Cleaner,Home & Cleaning,8,134.66,1077.28,0,240.58,UPI
ORD00844,6/15/2025,CUST0030,Neha Singh,Female,28,Ahmedabad,PROD008,Dove Soap,Personal Care,1,59.06,59.06,0,5.78,Cash
ORD00845,10/3/2025,CUST0232,Manish Malhotra,Female,30,Kolkata,PROD006,Tata Tea,Beverages,2,117.44,234.88,0.05,48.81,UPI
ORD00846,6/5/2025,CUST0957,Nikhil Verma,Female,52,Jaipur,PROD002,Tata Salt,Groceries,5,30.31,151.55,0,14.98,UPI
ORD00847,10/26/2025,CUST0271,Sahil Patel,Female,50,Bengaluru,PROD011,Colgate Toothpaste,Personal Care,7,94.1,658.7,0,156.26,Cash
ORD00848,7/31/2025,CUST0123,Manish Mehta,Male,31,Kolkata,PROD005,Coca Cola,Beverages,6,48.57,291.42,0.15,57.2,Cash
ORD00849,6/14/2025,CUST0685,Priya Reddy,Male,43,Jaipur,PROD004,Lay's Chips,Snacks,4,36.28,145.12,0.1,32.13,Cash
ORD00850,5/5/2025,CUST0232,Manish Malhotra,Female,30,Kolkata,PROD003,Amul Milk,Dairy,5,63.9,319.5,0,44.73,Credit Card
ORD00851,12/10/2025,CUST0712,Kavya Sharma,Male,52,Chennai,PROD003,Amul Milk,Dairy,2,65.75,131.5,0,15.27,Credit Card
ORD00852,10/30/2025,CUST0480,Anjali Sharma,Female,36,Lucknow,PROD013,Britannia Bread,Dairy,4,46.04,184.16,0.05,20.2,Net Banking
ORD00853,2/24/2025,CUST0527,Vikram Sharma,Female,42,Lucknow,PROD011,Colgate Toothpaste,Personal Care,5,100.35,501.75,0,112.46,Credit Card
ORD00854,7/24/2025,CUST0225,Nikhil Mehta,Male,28,Delhi,PROD012,Dettol Handwash,Personal Care,7,120.59,844.13,0.15,120.03,Credit Card
ORD00855,10/23/2025,CUST0071,Anjali Joshi,Female,57,Jaipur,PROD009,Aashirvaad Atta,Groceries,7,243.66,1705.62,0.05,391.72,UPI
ORD00856,8/24/2025,CUST0151,Manish Gupta,Female,54,Lucknow,PROD015,Harpic Cleaner,Home & Cleaning,2,132.72,265.44,0,21.98,Credit Card
ORD00857,3/2/2025,CUST0274,Riya Das,Female,22,Pune,PROD001,Parle-G Biscuits,Snacks,8,31.48,251.84,0.1,31.69,Net Banking
ORD00858,9/18/2025,CUST0087,Arjun Verma,Male,42,Mumbai,PROD012,Dettol Handwash,Personal Care,7,108,756,0.1,112.52,Debit Card
ORD00859,8/5/2025,CUST0055,Anjali Mehta,Female,48,Bengaluru,PROD015,Harpic Cleaner,Home & Cleaning,5,125.68,628.4,0,119.56,Credit Card
ORD00860,9/10/2025,CUST0302,Sahil Joshi,Female,20,Bengaluru,PROD007,Surf Excel,Home & Cleaning,7,175.77,1230.39,0.05,198.74,Net Banking
ORD00861,1/28/2025,CUST0444,Nikhil Verma,Female,57,Chennai,PROD004,Lay's Chips,Snacks,1,36.64,36.64,0,4.3,UPI
ORD00862,11/14/2025,CUST0590,Anjali Mehta,Female,36,Ahmedabad,PROD009,Aashirvaad Atta,Groceries,4,239.97,959.88,0,121.74,Cash
ORD00863,3/29/2025,CUST0402,Pooja Reddy,Female,28,Delhi,PROD013,Britannia Bread,Dairy,2,44.23,88.46,0.05,13.8,Credit Card
ORD00864,12/25/2025,CUST0356,Kavya Sharma,Female,50,Chennai,PROD010,Maggi Noodles,Groceries,5,15.9,79.5,0,8.86,Net Banking
ORD00865,6/20/2025,CUST0489,Pooja Khan,Male,32,Delhi,PROD010,Maggi Noodles,Groceries,4,14.63,58.52,0,6.34,Cash
ORD00866,5/16/2025,CUST0146,Karan Sharma,Female,49,Pune,PROD001,Parle-G Biscuits,Snacks,8,30.43,243.44,0,26.82,UPI
ORD00867,5/7/2025,CUST0175,Meera Sharma,Male,31,Bengaluru,PROD001,Parle-G Biscuits,Snacks,6,32.86,197.16,0.15,13.44,Cash
ORD00868,9/26/2025,CUST0113,Nikhil Joshi,Male,53,Bengaluru,PROD002,Tata Salt,Groceries,1,28.98,28.98,0.05,6.11,Net Banking
ORD00869,6/29/2025,CUST0172,Neha Shah,Female,56,Lucknow,PROD005,Coca Cola,Beverages,2,43.42,86.84,0.05,12.95,Net Banking
ORD00870,6/4/2025,CUST0264,Sahil Gupta,Male,39,Delhi,PROD016,Thums Up,Beverages,5,40.19,200.95,0,44.35,Debit Card
ORD00871,1/11/2025,CUST0913,Meera Nair,Female,50,Jaipur,PROD017,Good Day Cookies,Snacks,8,48.35,386.8,0.15,67,Credit Card
ORD00872,12/23/2025,CUST0421,Aditya Singh,Female,22,Mumbai,PROD008,Dove Soap,Personal Care,3,55.2,165.6,0,20.13,Cash
ORD00873,5/21/2025,CUST0369,Kavya Verma,Male,51,Chennai,PROD007,Surf Excel,Home & Cleaning,2,176.23,352.46,0.1,59.82,Net Banking
ORD00874,7/20/2025,CUST0921,Kavya Patel,Female,57,Bengaluru,PROD015,Harpic Cleaner,Home & Cleaning,3,123.72,371.16,0.05,81.44,Net Banking
ORD00875,6/25/2025,CUST0428,Kavya Gupta,Male,38,Lucknow,PROD009,Aashirvaad Atta,Groceries,5,244.65,1223.25,0.15,175.11,Net Banking
ORD00876,1/5/2025,CUST0126,Kavya Shah,Male,49,Bengaluru,PROD014,Kellogg's Corn Flakes,Groceries,8,217.35,1738.8,0.05,213.14,Cash
ORD00877,11/16/2025,CUST0950,Anjali Verma,Male,42,Mumbai,PROD005,Coca Cola,Beverages,8,47.35,378.8,0.15,78.67,Net Banking
ORD00878,1/8/2025,CUST0681,Amit Shah,Male,41,Chennai,PROD006,Tata Tea,Beverages,5,122.76,613.8,0,132.56,Cash
ORD00879,6/6/2025,CUST0042,Sneha Patel,Female,19,Lucknow,PROD007,Surf Excel,Home & Cleaning,5,193.29,966.45,0,86.06,UPI
ORD00880,5/26/2025,CUST0441,Meera Shah,Female,50,Mumbai,PROD012,Dettol Handwash,Personal Care,1,105.32,105.32,0,14.7,Net Banking
ORD00881,4/11/2025,CUST0682,Rohan Mehta,Female,41,Jaipur,PROD018,Nescafe Coffee,Beverages,3,207.68,623.04,0.05,61.7,Cash
ORD00882,5/8/2025,CUST0600,Simran Das,Male,24,Bengaluru,PROD003,Amul Milk,Dairy,5,58.97,294.85,0.1,63.32,Cash
ORD00883,3/30/2025,CUST0433,Riya Iyer,Female,36,Jaipur,PROD013,Britannia Bread,Dairy,2,48.78,97.56,0.05,16.82,Net Banking
ORD00884,8/2/2025,CUST0447,Pooja Joshi,Male,41,Chennai,PROD011,Colgate Toothpaste,Personal Care,3,99.99,299.97,0,36.75,Net Banking
ORD00885,8/25/2025,CUST0205,Kavya Malhotra,Female,48,Bengaluru,PROD010,Maggi Noodles,Groceries,5,14.44,72.2,0.15,14.58,Net Banking
ORD00886,6/10/2025,CUST0188,Sahil Iyer,Male,61,Hyderabad,PROD013,Britannia Bread,Dairy,7,43.4,303.8,0.15,40.06,Net Banking
ORD00887,7/30/2025,CUST0958,Aditya Patel,Female,32,Bengaluru,PROD012,Dettol Handwash,Personal Care,8,110.34,882.72,0.1,120.35,Cash
ORD00888,3/13/2025,CUST0029,Neha Nair,Female,59,Chennai,PROD018,Nescafe Coffee,Beverages,1,207.79,207.79,0.1,17.77,Net Banking
ORD00889,10/6/2025,CUST0929,Meera Iyer,Female,50,Kolkata,PROD010,Maggi Noodles,Groceries,4,15.56,62.24,0.05,6.01,Net Banking
ORD00890,12/10/2025,CUST0899,Rohan Joshi,Female,25,Kolkata,PROD010,Maggi Noodles,Groceries,1,15.95,15.95,0.1,1.46,UPI
ORD00891,11/29/2025,CUST0474,Anjali Reddy,Male,43,Ahmedabad,PROD017,Good Day Cookies,Snacks,8,53.79,430.32,0,38.43,UPI
ORD00892,6/19/2025,CUST0342,Rohan Verma,Male,36,Pune,PROD020,Head & Shoulders,Personal Care,2,279.06,558.12,0.15,76.78,UPI
ORD00893,9/11/2025,CUST0125,Riya Sharma,Female,37,Kolkata,PROD019,Vim Dishwash,Home & Cleaning,1,94.97,94.97,0.15,8.44,Credit Card
ORD00894,11/16/2025,CUST0229,Manish Reddy,Female,61,Jaipur,PROD005,Coca Cola,Beverages,5,46.99,234.95,0,50.97,Credit Card
ORD00895,5/7/2025,CUST0118,Nikhil Joshi,Male,35,Ahmedabad,PROD003,Amul Milk,Dairy,1,58.38,58.38,0,9.83,Credit Card
ORD00896,3/4/2025,CUST0107,Meera Khan,Male,33,Hyderabad,PROD016,Thums Up,Beverages,1,43,43,0.1,5.67,Debit Card
ORD00897,11/10/2025,CUST0415,Meera Shah,Male,50,Delhi,PROD016,Thums Up,Beverages,3,42.92,128.76,0.15,13.6,Cash
ORD00898,12/3/2025,CUST0880,Neha Singh,Male,24,Ahmedabad,PROD020,Head & Shoulders,Personal Care,2,263.86,527.72,0,58.8,Credit Card
ORD00899,2/21/2025,CUST0175,Meera Sharma,Male,31,Bengaluru,PROD017,Good Day Cookies,Snacks,4,51.07,204.28,0.05,25.07,Net Banking
ORD00900,8/6/2025,CUST0505,Aditya Patel,Male,59,Chennai,PROD012,Dettol Handwash,Personal Care,5,110.95,554.75,0,88.14,Credit Card
ORD00901,6/5/2025,CUST0029,Neha Nair,Female,59,Chennai,PROD010,Maggi Noodles,Groceries,8,14.52,116.16,0.1,8.56,UPI
ORD00902,8/28/2025,CUST0661,Pooja Verma,Female,23,Chennai,PROD020,Head & Shoulders,Personal Care,8,248.66,1989.28,0.05,460.5,Cash
ORD00903,12/28/2025,CUST0284,Rohan Shah,Male,55,Jaipur,PROD001,Parle-G Biscuits,Snacks,3,30.11,90.33,0.15,8.89,Net Banking
ORD00904,10/16/2025,CUST0400,Anjali Reddy,Female,23,Chennai,PROD017,Good Day Cookies,Snacks,2,48.81,97.62,0,13.65,Debit Card
ORD00905,2/4/2025,CUST0471,Riya Nair,Male,36,Chennai,PROD005,Coca Cola,Beverages,5,48.05,240.25,0.05,54.09,Cash
ORD00906,9/27/2025,CUST0386,Pooja Joshi,Female,28,Ahmedabad,PROD016,Thums Up,Beverages,3,41.46,124.38,0.15,22.39,Debit Card
ORD00907,1/16/2025,CUST0133,Vikram Joshi,Female,39,Kolkata,PROD011,Colgate Toothpaste,Personal Care,6,98.58,591.48,0.1,48.7,Credit Card
ORD00908,4/29/2025,CUST0238,Sneha Nair,Male,57,Hyderabad,PROD004,Lay's Chips,Snacks,2,35.87,71.74,0.1,8.72,Credit Card
ORD00909,2/1/2025,CUST0108,Sneha Kapoor,Male,27,Mumbai,PROD006,Tata Tea,Beverages,7,127.6,893.2,0.1,190.36,Net Banking
ORD00910,7/11/2025,CUST0257,Riya Iyer,Female,35,Mumbai,PROD004,Lay's Chips,Snacks,1,37.7,37.7,0,5.85,Net Banking
ORD00911,11/23/2025,CUST0647,Rohan Kapoor,Female,21,Hyderabad,PROD001,Parle-G Biscuits,Snacks,3,29.95,89.85,0.1,11.66,Net Banking
ORD00912,4/26/2025,CUST0570,Sahil Nair,Female,23,Lucknow,PROD007,Surf Excel,Home & Cleaning,4,177.82,711.28,0.1,125.09,Credit Card
ORD00913,1/13/2025,CUST0760,Amit Khan,Female,55,Pune,PROD006,Tata Tea,Beverages,7,128.65,900.55,0,85.21,UPI
ORD00914,10/18/2025,CUST0209,Pooja Malhotra,Female,27,Ahmedabad,PROD002,Tata Salt,Groceries,3,30.35,91.05,0.05,18.31,Net Banking
ORD00915,4/17/2025,CUST0886,Nikhil Patel,Male,34,Bengaluru,PROD003,Amul Milk,Dairy,6,58.67,352.02,0.15,49.18,Net Banking
ORD00916,2/4/2025,CUST0848,Anjali Singh,Male,48,Delhi,PROD016,Thums Up,Beverages,6,40.14,240.84,0.15,46.08,Cash
ORD00917,6/2/2025,CUST0438,Nikhil Joshi,Female,57,Lucknow,PROD013,Britannia Bread,Dairy,2,46.59,93.18,0,19.85,UPI
ORD00918,4/25/2025,CUST0121,Sneha Mehta,Male,63,Bengaluru,PROD016,Thums Up,Beverages,4,38.31,153.24,0.15,17.75,Debit Card
ORD00919,3/22/2025,CUST0945,Aditya Mehta,Female,61,Chennai,PROD009,Aashirvaad Atta,Groceries,7,263.87,1847.09,0,421.72,Debit Card
ORD00920,7/24/2025,CUST0077,Arjun Sharma,Male,39,Delhi,PROD018,Nescafe Coffee,Beverages,4,204.82,819.28,0.15,114.91,Net Banking
ORD00921,1/17/2025,CUST0059,Pooja Gupta,Male,55,Jaipur,PROD018,Nescafe Coffee,Beverages,2,197.11,394.22,0.05,71.55,Debit Card
ORD00922,10/8/2025,CUST0432,Sahil Khan,Male,21,Hyderabad,PROD009,Aashirvaad Atta,Groceries,4,250.05,1000.2,0,103.7,Debit Card
ORD00923,12/26/2025,CUST0947,Vikram Iyer,Female,32,Chennai,PROD002,Tata Salt,Groceries,4,28.67,114.68,0.15,22.78,UPI
ORD00924,10/10/2025,CUST0355,Sneha Malhotra,Female,40,Mumbai,PROD003,Amul Milk,Dairy,7,62.38,436.66,0.15,88.33,Cash
ORD00925,9/17/2025,CUST0970,Kavya Nair,Male,65,Delhi,PROD005,Coca Cola,Beverages,5,47.63,238.15,0,20.49,Credit Card
ORD00926,1/29/2025,CUST0666,Sahil Gupta,Female,18,Mumbai,PROD012,Dettol Handwash,Personal Care,7,112.38,786.66,0,65.8,UPI
ORD00927,1/27/2025,CUST0793,Arjun Joshi,Female,34,Bengaluru,PROD007,Surf Excel,Home & Cleaning,7,189.41,1325.87,0,230.6,Cash
ORD00928,3/1/2025,CUST0785,Pooja Gupta,Male,21,Kolkata,PROD013,Britannia Bread,Dairy,3,45.65,136.95,0.1,21.38,Cash
ORD00929,1/30/2025,CUST0121,Sneha Mehta,Male,63,Bengaluru,PROD020,Head & Shoulders,Personal Care,6,260.72,1564.32,0.05,229.17,Credit Card
ORD00930,1/8/2025,CUST0238,Sneha Nair,Male,57,Hyderabad,PROD003,Amul Milk,Dairy,1,59.04,59.04,0.15,8.86,Credit Card
ORD00931,1/23/2025,CUST0833,Meera Kapoor,Male,32,Hyderabad,PROD002,Tata Salt,Groceries,2,26.84,53.68,0.1,5.35,Debit Card
ORD00932,9/3/2025,CUST0359,Rohan Verma,Male,36,Ahmedabad,PROD020,Head & Shoulders,Personal Care,4,285.93,1143.72,0,209.35,UPI
ORD00933,12/28/2025,CUST0673,Kavya Iyer,Female,31,Pune,PROD003,Amul Milk,Dairy,2,59.25,118.5,0.15,11.58,Debit Card
ORD00934,5/30/2025,CUST0920,Priya Reddy,Male,49,Delhi,PROD008,Dove Soap,Personal Care,8,58.13,465.04,0.05,93.94,Credit Card
ORD00935,6/27/2025,CUST0540,Sneha Joshi,Female,34,Ahmedabad,PROD009,Aashirvaad Atta,Groceries,6,263.67,1582.02,0.15,131.44,Cash
ORD00936,9/24/2025,CUST0723,Rohan Patel,Male,46,Ahmedabad,PROD020,Head & Shoulders,Personal Care,8,257.91,2063.28,0,484.97,Credit Card
ORD00937,5/1/2025,CUST0313,Sahil Mehta,Male,43,Hyderabad,PROD018,Nescafe Coffee,Beverages,4,184,736,0,63.37,Cash
ORD00938,10/29/2025,CUST0666,Sahil Gupta,Female,18,Mumbai,PROD015,Harpic Cleaner,Home & Cleaning,2,119.15,238.3,0,30.01,Cash
ORD00939,1/10/2025,CUST0308,Priya Mehta,Male,47,Pune,PROD003,Amul Milk,Dairy,1,59.51,59.51,0.15,7.35,Cash
ORD00940,8/9/2025,CUST0394,Sahil Verma,Female,43,Chennai,PROD015,Harpic Cleaner,Home & Cleaning,1,122.96,122.96,0.1,12.32,Net Banking
ORD00941,11/8/2025,CUST0054,Neha Sharma,Male,23,Bengaluru,PROD010,Maggi Noodles,Groceries,1,15.47,15.47,0.05,3.52,Debit Card
ORD00942,11/15/2025,CUST0945,Aditya Mehta,Female,61,Chennai,PROD009,Aashirvaad Atta,Groceries,4,265.9,1063.6,0.05,205.5,Cash
ORD00943,12/14/2025,CUST0887,Manish Singh,Female,47,Mumbai,PROD014,Kellogg's Corn Flakes,Groceries,1,224.93,224.93,0.15,27.91,Debit Card
ORD00944,5/14/2025,CUST0880,Neha Singh,Male,24,Ahmedabad,PROD018,Nescafe Coffee,Beverages,8,192.58,1540.64,0.15,275.96,Credit Card
ORD00945,1/8/2025,CUST0984,Amit Singh,Male,65,Chennai,PROD013,Britannia Bread,Dairy,8,47.78,382.24,0,39.15,Debit Card
ORD00946,10/20/2025,CUST0819,Nikhil Malhotra,Female,21,Jaipur,PROD009,Aashirvaad Atta,Groceries,2,274.96,549.92,0.15,60.9,Cash
ORD00947,11/8/2025,CUST0040,Vikram Das,Female,43,Chennai,PROD020,Head & Shoulders,Personal Care,5,261.11,1305.55,0.05,264.19,UPI
ORD00948,1/9/2025,CUST0128,Karan Nair,Female,64,Delhi,PROD010,Maggi Noodles,Groceries,6,16.13,96.78,0,15.04,Cash
ORD00949,10/12/2025,CUST0010,Simran Iyer,Female,20,Ahmedabad,PROD015,Harpic Cleaner,Home & Cleaning,1,136.86,136.86,0.1,23.21,Credit Card
ORD00950,2/2/2025,CUST0419,Sahil Mehta,Male,49,Jaipur,PROD002,Tata Salt,Groceries,2,27.76,55.52,0.15,8.2,Cash
ORD00951,11/19/2025,CUST0185,Aditya Singh,Female,46,Pune,PROD009,Aashirvaad Atta,Groceries,5,247.23,1236.15,0.1,113.06,Credit Card
ORD00952,9/17/2025,CUST0151,Manish Gupta,Female,54,Lucknow,PROD020,Head & Shoulders,Personal Care,1,256.07,256.07,0,28.51,Cash
ORD00953,5/13/2025,CUST0594,Rahul Das,Female,63,Bengaluru,PROD011,Colgate Toothpaste,Personal Care,1,98.14,98.14,0,8.87,Debit Card
ORD00954,9/17/2025,CUST0017,Meera Nair,Male,52,Bengaluru,PROD012,Dettol Handwash,Personal Care,1,114.41,114.41,0.05,10.71,Cash
ORD00955,12/15/2025,CUST0116,Nikhil Mehta,Female,28,Ahmedabad,PROD017,Good Day Cookies,Snacks,2,49.28,98.56,0.05,16.57,Cash
ORD00956,7/4/2025,CUST0074,Rohan Singh,Female,56,Bengaluru,PROD014,Kellogg's Corn Flakes,Groceries,5,204.01,1020.05,0.05,177.51,Debit Card
ORD00957,3/24/2025,CUST0999,Vikram Singh,Male,64,Pune,PROD014,Kellogg's Corn Flakes,Groceries,6,214.33,1285.98,0.05,226.9,Debit Card
ORD00958,4/19/2025,CUST0046,Vikram Shah,Male,64,Lucknow,PROD010,Maggi Noodles,Groceries,3,16.3,48.9,0,4.8,Debit Card
ORD00959,1/17/2025,CUST0524,Kavya Shah,Male,42,Bengaluru,PROD017,Good Day Cookies,Snacks,6,54.55,327.3,0.1,65.17,Credit Card
ORD00960,10/22/2025,CUST0391,Priya Verma,Male,33,Chennai,PROD003,Amul Milk,Dairy,2,65.63,131.26,0,23.12,Net Banking
ORD00961,11/7/2025,CUST0752,Sahil Khan,Female,55,Mumbai,PROD014,Kellogg's Corn Flakes,Groceries,2,226.2,452.4,0.15,82.94,Cash
ORD00962,5/31/2025,CUST0676,Arjun Nair,Male,33,Jaipur,PROD017,Good Day Cookies,Snacks,8,49.88,399.04,0,88.64,Credit Card
ORD00963,3/1/2025,CUST0337,Aditya Verma,Male,37,Jaipur,PROD008,Dove Soap,Personal Care,6,54.15,324.9,0.05,63.95,Credit Card
ORD00964,7/5/2025,CUST0456,Riya Shah,Female,38,Delhi,PROD014,Kellogg's Corn Flakes,Groceries,6,202.01,1212.06,0.15,170.98,Cash
ORD00965,3/6/2025,CUST0620,Manish Patel,Female,60,Ahmedabad,PROD008,Dove Soap,Personal Care,8,58.74,469.92,0,83.08,Net Banking
ORD00966,3/2/2025,CUST0251,Meera Reddy,Female,57,Bengaluru,PROD014,Kellogg's Corn Flakes,Groceries,3,218.57,655.71,0.05,86.01,UPI
ORD00967,8/21/2025,CUST0419,Sahil Mehta,Male,49,Jaipur,PROD014,Kellogg's Corn Flakes,Groceries,3,217.64,652.92,0,152.12,UPI
ORD00968,8/29/2025,CUST0171,Rohan Verma,Female,23,Bengaluru,PROD004,Lay's Chips,Snacks,7,34.63,242.41,0.15,41.4,UPI
ORD00969,3/9/2025,CUST0130,Rahul Reddy,Female,55,Lucknow,PROD002,Tata Salt,Groceries,7,26.7,186.9,0,46.41,Net Banking
ORD00970,12/23/2025,CUST0888,Neha Malhotra,Male,20,Hyderabad,PROD017,Good Day Cookies,Snacks,7,54.28,379.96,0.05,36.7,Net Banking
ORD00971,11/12/2025,CUST0248,Arjun Shah,Male,47,Chennai,PROD010,Maggi Noodles,Groceries,2,15.01,30.02,0.05,5.15,UPI
ORD00972,7/29/2025,CUST0740,Arjun Joshi,Male,20,Lucknow,PROD002,Tata Salt,Groceries,2,29.7,59.4,0.05,13.63,Cash
ORD00973,10/29/2025,CUST0759,Rohan Kapoor,Male,51,Chennai,PROD014,Kellogg's Corn Flakes,Groceries,5,223.37,1116.85,0,228.6,Net Banking
ORD00974,8/21/2025,CUST0086,Karan Kapoor,Female,60,Bengaluru,PROD005,Coca Cola,Beverages,1,46.76,46.76,0.05,8.64,Cash
ORD00975,2/19/2025,CUST0329,Neha Kapoor,Female,63,Pune,PROD015,Harpic Cleaner,Home & Cleaning,3,128.29,384.87,0.15,41.7,Credit Card
ORD00976,10/24/2025,CUST0305,Karan Patel,Male,49,Kolkata,PROD016,Thums Up,Beverages,6,38.29,229.74,0.15,45.41,Net Banking
ORD00977,3/15/2025,CUST0865,Sneha Gupta,Female,37,Delhi,PROD014,Kellogg's Corn Flakes,Groceries,5,209.67,1048.35,0.05,207.89,UPI
ORD00978,6/10/2025,CUST0834,Meera Kapoor,Female,63,Hyderabad,PROD007,Surf Excel,Home & Cleaning,7,185.02,1295.14,0.15,252.68,UPI
ORD00979,4/25/2025,CUST0356,Kavya Sharma,Female,50,Chennai,PROD010,Maggi Noodles,Groceries,3,14.52,43.56,0.05,6.73,Credit Card
ORD00980,4/16/2025,CUST0296,Manish Khan,Male,41,Hyderabad,PROD009,Aashirvaad Atta,Groceries,2,272.17,544.34,0.05,53.77,Net Banking
ORD00981,10/4/2025,CUST0859,Arjun Gupta,Male,54,Delhi,PROD017,Good Day Cookies,Snacks,3,47.71,143.13,0,34.81,Net Banking
ORD00982,5/25/2025,CUST0819,Nikhil Malhotra,Female,21,Jaipur,PROD007,Surf Excel,Home & Cleaning,1,184.19,184.19,0,26.31,Net Banking
ORD00983,12/28/2025,CUST0437,Vikram Khan,Female,22,Kolkata,PROD015,Harpic Cleaner,Home & Cleaning,3,134.33,402.99,0.05,90.37,UPI
ORD00984,12/9/2025,CUST0456,Riya Shah,Female,38,Delhi,PROD014,Kellogg's Corn Flakes,Groceries,8,207.79,1662.32,0,413.62,UPI
ORD00985,6/17/2025,CUST0992,Riya Joshi,Female,57,Hyderabad,PROD012,Dettol Handwash,Personal Care,2,116.78,233.56,0,47.56,Credit Card
ORD00986,2/7/2025,CUST0520,Nikhil Khan,Female,44,Delhi,PROD011,Colgate Toothpaste,Personal Care,5,96.71,483.55,0.15,79.84,Debit Card
ORD00987,10/13/2025,CUST0914,Vikram Nair,Female,39,Chennai,PROD002,Tata Salt,Groceries,7,27.02,189.14,0.15,21.54,UPI
ORD00988,4/23/2025,CUST0972,Amit Sharma,Male,34,Jaipur,PROD001,Parle-G Biscuits,Snacks,4,29.12,116.48,0.1,23.93,Credit Card
ORD00989,5/25/2025,CUST0272,Meera Sharma,Female,47,Mumbai,PROD016,Thums Up,Beverages,3,40.91,122.73,0,25.12,Credit Card
ORD00990,11/9/2025,CUST0204,Rohan Joshi,Female,50,Hyderabad,PROD003,Amul Milk,Dairy,4,57.03,228.12,0,37.28,Credit Card
ORD00991,11/20/2025,CUST0728,Amit Das,Male,40,Kolkata,PROD006,Tata Tea,Beverages,1,121.53,121.53,0.05,21.28,Net Banking
ORD00992,4/29/2025,CUST0241,Simran Das,Male,23,Hyderabad,PROD012,Dettol Handwash,Personal Care,8,113.25,906,0,207.69,Debit Card
ORD00993,10/6/2025,CUST0685,Priya Reddy,Male,43,Jaipur,PROD016,Thums Up,Beverages,8,42.78,342.24,0.1,55.95,Cash
ORD00994,8/17/2025,CUST0303,Aditya Iyer,Male,18,Bengaluru,PROD004,Lay's Chips,Snacks,4,33.84,135.36,0.05,19.46,Debit Card
ORD00995,6/27/2025,CUST0254,Pooja Joshi,Male,24,Bengaluru,PROD014,Kellogg's Corn Flakes,Groceries,2,205.05,410.1,0.05,74.92,Cash
ORD00996,12/18/2025,CUST0722,Amit Gupta,Male,55,Pune,PROD005,Coca Cola,Beverages,8,48.42,387.36,0.1,63.51,Credit Card
ORD00997,6/15/2025,CUST0030,Neha Singh,Female,28,Ahmedabad,PROD010,Maggi Noodles,Groceries,5,15.39,76.95,0.1,6.26,Debit Card
ORD00998,5/14/2025,CUST0692,Neha Sharma,Male,62,Mumbai,PROD011,Colgate Toothpaste,Personal Care,7,95.83,670.81,0.1,91.94,UPI
ORD00999,7/29/2025,CUST0275,Karan Iyer,Male,22,Delhi,PROD016,Thums Up,Beverages,4,40.04,160.16,0,21.21,Credit Card
ORD01000,11/11/2025,CUST0587,Meera Mehta,Female,46,Chennai,PROD006,Tata Tea,Beverages,4,128.03,512.12,0,123.49,Net Banking
ORD01001,2/16/2025,CUST0338,Aditya Nair,Female,26,Jaipur,PROD005,Coca Cola,Beverages,1,49.16,49.16,0,10.64,Debit Card
ORD01002,10/2/2025,CUST0935,Rohan Das,Male,50,Jaipur,PROD012,Dettol Handwash,Personal Care,2,115.31,230.62,0.15,22.7,Credit Card
ORD01003,3/24/2025,CUST0161,Arjun Gupta,Male,64,Bengaluru,PROD018,Nescafe Coffee,Beverages,7,205,1435,0,185.59,Debit Card
ORD01004,1/19/2025,CUST0340,Rahul Khan,Female,29,Bengaluru,PROD014,Kellogg's Corn Flakes,Groceries,4,216.92,867.68,0,208.07,UPI
ORD01005,5/25/2025,CUST0774,Anjali Reddy,Female,49,Kolkata,PROD017,Good Day Cookies,Snacks,2,51.26,102.52,0.1,8.04,Debit Card
ORD01006,7/13/2025,CUST0025,Rohan Shah,Female,23,Mumbai,PROD008,Dove Soap,Personal Care,4,52.53,210.12,0,45.85,Cash
ORD01007,8/1/2025,CUST0135,Riya Sharma,Male,40,Bengaluru,PROD009,Aashirvaad Atta,Groceries,2,240.37,480.74,0.15,82.85,UPI
ORD01008,4/10/2025,CUST0016,Simran Gupta,Female,62,Pune,PROD018,Nescafe Coffee,Beverages,3,183.22,549.66,0.15,100.33,Net Banking
ORD01009,8/23/2025,CUST0880,Neha Singh,Male,24,Ahmedabad,PROD010,Maggi Noodles,Groceries,6,15.21,91.26,0,11.99,Credit Card
ORD01010,7/28/2025,CUST0103,Rahul Singh,Female,31,Kolkata,PROD009,Aashirvaad Atta,Groceries,8,251.62,2012.96,0.1,173.59,Net Banking
ORD01011,7/15/2025,CUST0286,Kavya Malhotra,Male,36,Lucknow,PROD016,Thums Up,Beverages,5,43.45,217.25,0.15,30.68,UPI
ORD01012,10/23/2025,CUST0509,Sneha Gupta,Female,40,Delhi,PROD013,Britannia Bread,Dairy,6,47.9,287.4,0,45.09,UPI
ORD01013,6/9/2025,CUST0407,Aditya Das,Female,51,Kolkata,PROD008,Dove Soap,Personal Care,8,55.3,442.4,0.15,37.05,Debit Card
ORD01014,9/8/2025,CUST0148,Kavya Verma,Female,57,Jaipur,PROD003,Amul Milk,Dairy,2,62.05,124.1,0,28.17,Net Banking
ORD01015,10/18/2025,CUST0256,Isha Mehta,Male,44,Pune,PROD003,Amul Milk,Dairy,3,60.63,181.89,0.1,27.66,Credit Card
ORD01016,1/19/2025,CUST0061,Sahil Joshi,Male,21,Jaipur,PROD016,Thums Up,Beverages,5,40.47,202.35,0.05,42.64,Debit Card
ORD01017,10/15/2025,CUST0706,Nikhil Sharma,Female,22,Ahmedabad,PROD019,Vim Dishwash,Home & Cleaning,7,97.26,680.82,0.05,127.65,Cash
ORD01018,12/29/2025,CUST0559,Sneha Gupta,Female,35,Mumbai,PROD016,Thums Up,Beverages,6,43.76,262.56,0,35.37,Cash
ORD01019,7/12/2025,CUST0527,Vikram Sharma,Female,42,Lucknow,PROD018,Nescafe Coffee,Beverages,2,206.76,413.52,0.1,74.01,Credit Card
ORD01020,8/13/2025,CUST0776,Sahil Nair,Male,28,Ahmedabad,PROD001,Parle-G Biscuits,Snacks,3,30.84,92.52,0,10.02,UPI
ORD01021,10/8/2025,CUST0040,Vikram Das,Female,43,Chennai,PROD014,Kellogg's Corn Flakes,Groceries,8,204.88,1639.04,0.15,226.84,Cash
ORD01022,12/13/2025,CUST0409,Amit Joshi,Female,61,Jaipur,PROD001,Parle-G Biscuits,Snacks,5,29.03,145.15,0.05,27.91,Debit Card
ORD01023,9/25/2025,CUST0536,Simran Khan,Female,20,Lucknow,PROD011,Colgate Toothpaste,Personal Care,6,98.28,589.68,0,61.36,Credit Card
ORD01024,4/18/2025,CUST0823,Manish Sharma,Female,63,Bengaluru,PROD020,Head & Shoulders,Personal Care,6,267.26,1603.56,0.05,244.14,Debit Card
ORD01025,8/2/2025,CUST0950,Anjali Verma,Male,42,Mumbai,PROD005,Coca Cola,Beverages,3,46.29,138.87,0.1,10.21,Credit Card
ORD01026,4/7/2025,CUST0154,Karan Singh,Female,53,Mumbai,PROD016,Thums Up,Beverages,2,43.96,87.92,0,11.69,Credit Card
ORD01027,11/1/2025,CUST0711,Vikram Das,Male,27,Mumbai,PROD004,Lay's Chips,Snacks,8,34.99,279.92,0,52.13,Credit Card
ORD01028,5/21/2025,CUST0069,Vikram Shah,Female,26,Chennai,PROD012,Dettol Handwash,Personal Care,4,110.19,440.76,0,104.79,Debit Card
ORD01029,10/15/2025,CUST0841,Nikhil Kapoor,Male,21,Lucknow,PROD014,Kellogg's Corn Flakes,Groceries,5,211.07,1055.35,0.1,226.85,Net Banking
ORD01030,5/24/2025,CUST0657,Karan Shah,Male,54,Ahmedabad,PROD007,Surf Excel,Home & Cleaning,2,187,374,0,76.38,Credit Card
ORD01031,7/16/2025,CUST0270,Amit Joshi,Female,41,Jaipur,PROD019,Vim Dishwash,Home & Cleaning,2,87.21,174.42,0.15,26.66,Debit Card
ORD01032,8/31/2025,CUST0590,Anjali Mehta,Female,36,Ahmedabad,PROD019,Vim Dishwash,Home & Cleaning,5,98.55,492.75,0.15,81.11,Credit Card
ORD01033,11/11/2025,CUST0173,Meera Gupta,Female,46,Ahmedabad,PROD001,Parle-G Biscuits,Snacks,4,32.95,131.8,0,31.37,Credit Card
ORD01034,1/27/2025,CUST0147,Kavya Khan,Female,63,Delhi,PROD006,Tata Tea,Beverages,8,129.74,1037.92,0.05,91.92,Credit Card
ORD01035,3/2/2025,CUST0524,Kavya Shah,Male,42,Bengaluru,PROD015,Harpic Cleaner,Home & Cleaning,7,131.22,918.54,0.05,114.69,Credit Card
ORD01036,9/25/2025,CUST0574,Rahul Singh,Female,41,Hyderabad,PROD013,Britannia Bread,Dairy,7,47.97,335.79,0.1,42.41,Debit Card
ORD01037,8/12/2025,CUST0544,Rahul Mehta,Male,58,Bengaluru,PROD003,Amul Milk,Dairy,4,65.6,262.4,0.05,50.09,Net Banking
ORD01038,11/30/2025,CUST0453,Manish Khan,Female,27,Kolkata,PROD016,Thums Up,Beverages,5,42.11,210.55,0.15,41.69,Debit Card
ORD01039,4/20/2025,CUST0183,Priya Verma,Female,56,Lucknow,PROD001,Parle-G Biscuits,Snacks,6,32.35,194.1,0.05,37.59,Net Banking
ORD01040,7/4/2025,CUST0574,Rahul Singh,Female,41,Hyderabad,PROD007,Surf Excel,Home & Cleaning,7,181.1,1267.7,0,143.62,Net Banking
ORD01041,9/15/2025,CUST0200,Pooja Joshi,Female,25,Mumbai,PROD001,Parle-G Biscuits,Snacks,5,29.98,149.9,0.05,33.56,UPI
ORD01042,12/23/2025,CUST0622,Meera Mehta,Male,40,Chennai,PROD009,Aashirvaad Atta,Groceries,1,261.77,261.77,0.1,34.8,Debit Card
ORD01043,11/20/2025,CUST0281,Neha Khan,Female,38,Hyderabad,PROD002,Tata Salt,Groceries,1,30.23,30.23,0.1,6.79,Cash
ORD01044,1/20/2025,CUST0503,Priya Singh,Female,29,Delhi,PROD006,Tata Tea,Beverages,8,127.5,1020,0.15,188.37,Debit Card
ORD01045,3/9/2025,CUST0030,Neha Singh,Female,28,Ahmedabad,PROD020,Head & Shoulders,Personal Care,3,274.52,823.56,0,187.82,UPI
ORD01046,10/6/2025,CUST0430,Manish Joshi,Female,49,Mumbai,PROD004,Lay's Chips,Snacks,1,35.58,35.58,0,4.75,Debit Card
ORD01047,3/28/2025,CUST0874,Priya Iyer,Male,60,Pune,PROD007,Surf Excel,Home & Cleaning,1,179.98,179.98,0.05,39.77,Net Banking
ORD01048,12/8/2025,CUST0740,Arjun Joshi,Male,20,Lucknow,PROD012,Dettol Handwash,Personal Care,1,120.02,120.02,0.1,16.29,UPI
ORD01049,1/23/2025,CUST0067,Pooja Joshi,Female,22,Mumbai,PROD007,Surf Excel,Home & Cleaning,3,190.68,572.04,0,62.55,Debit Card
ORD01050,10/15/2025,CUST0624,Meera Iyer,Male,61,Delhi,PROD007,Surf Excel,Home & Cleaning,7,175.67,1229.69,0,163.42,Debit Card
ORD01051,8/26/2025,CUST0121,Sneha Mehta,Male,63,Bengaluru,PROD011,Colgate Toothpaste,Personal Care,8,98.35,786.8,0,138.68,UPI
ORD01052,11/17/2025,CUST0120,Karan Khan,Male,26,Delhi,PROD003,Amul Milk,Dairy,3,63.57,190.71,0,25.55,UPI
ORD01053,5/7/2025,CUST0786,Sahil Shah,Female,27,Mumbai,PROD006,Tata Tea,Beverages,1,117.92,117.92,0.05,17.73,Debit Card
ORD01054,4/2/2025,CUST0858,Anjali Khan,Male,18,Ahmedabad,PROD007,Surf Excel,Home & Cleaning,3,179.38,538.14,0.1,96.87,Debit Card
ORD01055,4/13/2025,CUST0144,Neha Kapoor,Male,40,Jaipur,PROD019,Vim Dishwash,Home & Cleaning,6,91.09,546.54,0,69.07,Credit Card
ORD01056,7/6/2025,CUST0303,Aditya Iyer,Male,18,Bengaluru,PROD009,Aashirvaad Atta,Groceries,8,247.42,1979.36,0.1,250.07,Debit Card
ORD01057,10/27/2025,CUST0791,Arjun Patel,Female,29,Chennai,PROD017,Good Day Cookies,Snacks,8,53.72,429.76,0,37.06,Cash
ORD01058,12/16/2025,CUST0160,Karan Khan,Female,35,Hyderabad,PROD018,Nescafe Coffee,Beverages,4,208.82,835.28,0.1,104.48,Debit Card
ORD01059,8/28/2025,CUST0213,Priya Khan,Female,63,Kolkata,PROD011,Colgate Toothpaste,Personal Care,5,91.54,457.7,0,56.71,Debit Card
ORD01060,7/10/2025,CUST0033,Nikhil Iyer,Male,27,Chennai,PROD004,Lay's Chips,Snacks,3,35.74,107.22,0.1,17.35,Net Banking
ORD01061,1/5/2025,CUST0387,Simran Joshi,Male,64,Chennai,PROD019,Vim Dishwash,Home & Cleaning,1,89.85,89.85,0,16.8,Credit Card
ORD01062,7/3/2025,CUST0432,Sahil Khan,Male,21,Hyderabad,PROD016,Thums Up,Beverages,6,40.02,240.12,0,26.85,Debit Card
ORD01063,8/22/2025,CUST0167,Riya Patel,Male,54,Hyderabad,PROD015,Harpic Cleaner,Home & Cleaning,3,132.85,398.55,0.1,78.04,Net Banking
ORD01064,7/11/2025,CUST0590,Anjali Mehta,Female,36,Ahmedabad,PROD014,Kellogg's Corn Flakes,Groceries,7,214.42,1500.94,0,184.52,Net Banking
ORD01065,9/17/2025,CUST0346,Priya Mehta,Female,61,Bengaluru,PROD016,Thums Up,Beverages,7,39.8,278.6,0,58.43,UPI
ORD01066,3/25/2025,CUST0432,Sahil Khan,Male,21,Hyderabad,PROD014,Kellogg's Corn Flakes,Groceries,5,229.55,1147.75,0.1,186.79,Net Banking
ORD01067,3/8/2025,CUST0171,Rohan Verma,Female,23,Bengaluru,PROD010,Maggi Noodles,Groceries,4,16.39,65.56,0.15,11.58,Debit Card
ORD01068,8/23/2025,CUST0808,Neha Kapoor,Female,52,Chennai,PROD002,Tata Salt,Groceries,2,27.9,55.8,0,12.07,Cash
ORD01069,6/4/2025,CUST0170,Aditya Joshi,Male,54,Mumbai,PROD015,Harpic Cleaner,Home & Cleaning,1,131.1,131.1,0,30.17,Debit Card
ORD01070,5/6/2025,CUST0083,Sneha Nair,Male,40,Jaipur,PROD006,Tata Tea,Beverages,4,129.44,517.76,0.1,44.42,Credit Card
ORD01071,8/30/2025,CUST0702,Rohan Verma,Male,53,Kolkata,PROD018,Nescafe Coffee,Beverages,6,180.64,1083.84,0,150.22,Net Banking
ORD01072,12/28/2025,CUST0704,Arjun Malhotra,Male,54,Chennai,PROD013,Britannia Bread,Dairy,4,48.91,195.64,0.1,38.97,Credit Card
ORD01073,6/17/2025,CUST0782,Kavya Nair,Male,56,Kolkata,PROD004,Lay's Chips,Snacks,7,33.92,237.44,0,35.14,Debit Card
ORD01074,10/28/2025,CUST0840,Arjun Singh,Female,30,Delhi,PROD014,Kellogg's Corn Flakes,Groceries,7,216.32,1514.24,0.05,234.5,UPI
ORD01075,9/14/2025,CUST0228,Arjun Joshi,Female,60,Mumbai,PROD020,Head & Shoulders,Personal Care,3,276.95,830.85,0.05,111.76,UPI
ORD01076,4/7/2025,CUST0626,Anjali Khan,Male,50,Kolkata,PROD020,Head & Shoulders,Personal Care,7,282.67,1978.69,0,204.74,UPI
ORD01077,8/6/2025,CUST0217,Kavya Malhotra,Male,22,Ahmedabad,PROD010,Maggi Noodles,Groceries,7,14.46,101.22,0.1,17.42,Credit Card
ORD01078,8/4/2025,CUST0292,Rahul Verma,Female,62,Hyderabad,PROD010,Maggi Noodles,Groceries,7,15.77,110.39,0.1,8.54,Credit Card
ORD01079,2/21/2025,CUST0168,Riya Joshi,Female,39,Delhi,PROD013,Britannia Bread,Dairy,2,45.89,91.78,0,12.75,Cash
ORD01080,12/18/2025,CUST0823,Manish Sharma,Female,63,Bengaluru,PROD001,Parle-G Biscuits,Snacks,3,29.94,89.82,0.15,12.69,Cash
ORD01081,5/13/2025,CUST0012,Pooja Malhotra,Female,54,Bengaluru,PROD016,Thums Up,Beverages,7,40.53,283.71,0,37.31,UPI
ORD01082,7/6/2025,CUST0619,Isha Verma,Female,38,Bengaluru,PROD015,Harpic Cleaner,Home & Cleaning,6,133.39,800.34,0.05,169.94,UPI
ORD01083,2/10/2025,CUST0805,Manish Reddy,Male,62,Lucknow,PROD006,Tata Tea,Beverages,7,123.57,864.99,0.1,177.46,Credit Card
ORD01084,8/21/2025,CUST0008,Karan Singh,Male,31,Chennai,PROD011,Colgate Toothpaste,Personal Care,5,93.07,465.35,0.15,80.57,Cash
ORD01085,1/26/2025,CUST0050,Neha Sharma,Female,64,Chennai,PROD015,Harpic Cleaner,Home & Cleaning,5,119.5,597.5,0.1,85.09,Net Banking
ORD01086,1/13/2025,CUST0703,Sneha Khan,Male,44,Chennai,PROD012,Dettol Handwash,Personal Care,5,111.52,557.6,0.05,111.43,Net Banking
ORD01087,6/2/2025,CUST0274,Riya Das,Female,22,Pune,PROD006,Tata Tea,Beverages,5,120.42,602.1,0,93.9,UPI
ORD01088,5/8/2025,CUST0611,Rahul Malhotra,Female,59,Pune,PROD004,Lay's Chips,Snacks,6,37.09,222.54,0.15,38.89,Credit Card
ORD01089,8/9/2025,CUST0087,Arjun Verma,Male,42,Mumbai,PROD018,Nescafe Coffee,Beverages,2,184.09,368.18,0,69.07,Debit Card
ORD01090,1/21/2025,CUST0354,Manish Reddy,Male,45,Pune,PROD015,Harpic Cleaner,Home & Cleaning,4,135.98,543.92,0.15,81.71,UPI
ORD01091,2/10/2025,CUST0335,Meera Malhotra,Male,39,Pune,PROD012,Dettol Handwash,Personal Care,1,106.92,106.92,0,15.5,Debit Card
ORD01092,5/12/2025,CUST0950,Anjali Verma,Male,42,Mumbai,PROD010,Maggi Noodles,Groceries,7,15.15,106.05,0,25.62,UPI
ORD01093,6/5/2025,CUST0857,Anjali Kapoor,Male,49,Chennai,PROD014,Kellogg's Corn Flakes,Groceries,2,224.5,449,0.15,47.46,Net Banking
ORD01094,8/31/2025,CUST0527,Vikram Sharma,Female,42,Lucknow,PROD018,Nescafe Coffee,Beverages,4,200.29,801.16,0,115.06,Credit Card
ORD01095,12/10/2025,CUST0779,Anjali Reddy,Female,28,Pune,PROD014,Kellogg's Corn Flakes,Groceries,5,223.03,1115.15,0,141.7,UPI
ORD01096,4/17/2025,CUST0620,Manish Patel,Female,60,Ahmedabad,PROD013,Britannia Bread,Dairy,3,47.33,141.99,0.05,10.91,UPI
ORD01097,11/22/2025,CUST0801,Priya Mehta,Male,61,Kolkata,PROD014,Kellogg's Corn Flakes,Groceries,3,208.16,624.48,0.1,102.2,Debit Card
ORD01098,11/10/2025,CUST0100,Kavya Khan,Female,62,Hyderabad,PROD008,Dove Soap,Personal Care,4,52.4,209.6,0.05,23.41,Debit Card
ORD01099,7/19/2025,CUST0746,Nikhil Khan,Female,35,Delhi,PROD020,Head & Shoulders,Personal Care,8,269.93,2159.44,0.15,249.43,Cash
ORD01100,8/16/2025,CUST0953,Manish Das,Male,20,Delhi,PROD018,Nescafe Coffee,Beverages,1,190.27,190.27,0.05,25.1,Credit Card
ORD01101,5/11/2025,CUST0474,Anjali Reddy,Male,43,Ahmedabad,PROD016,Thums Up,Beverages,4,41.19,164.76,0,32.03,Cash
ORD01102,2/12/2025,CUST0034,Anjali Shah,Male,56,Chennai,PROD019,Vim Dishwash,Home & Cleaning,2,94.02,188.04,0.15,39.55,Credit Card
ORD01103,8/28/2025,CUST0766,Aditya Malhotra,Male,29,Lucknow,PROD017,Good Day Cookies,Snacks,6,49.78,298.68,0.05,44.48,UPI
ORD01104,1/12/2025,CUST0160,Karan Khan,Female,35,Hyderabad,PROD020,Head & Shoulders,Personal Care,3,271.35,814.05,0.15,106.12,Debit Card
ORD01105,11/7/2025,CUST0570,Sahil Nair,Female,23,Lucknow,PROD016,Thums Up,Beverages,4,40.25,161,0.15,14.01,UPI
ORD01106,4/2/2025,CUST0100,Kavya Khan,Female,62,Hyderabad,PROD013,Britannia Bread,Dairy,4,44.18,176.72,0,31.28,Credit Card
ORD01107,11/3/2025,CUST0786,Sahil Shah,Female,27,Mumbai,PROD013,Britannia Bread,Dairy,7,45.13,315.91,0,47.73,Debit Card
ORD01108,9/30/2025,CUST0328,Riya Shah,Male,21,Ahmedabad,PROD012,Dettol Handwash,Personal Care,2,115.46,230.92,0.05,36.28,Cash
ORD01109,8/19/2025,CUST0231,Pooja Nair,Female,62,Hyderabad,PROD013,Britannia Bread,Dairy,8,47.86,382.88,0.05,80.18,Credit Card
ORD01110,8/26/2025,CUST0947,Vikram Iyer,Female,32,Chennai,PROD006,Tata Tea,Beverages,7,119.19,834.33,0.15,156.78,Credit Card
ORD01111,7/30/2025,CUST0700,Sneha Das,Male,20,Mumbai,PROD004,Lay's Chips,Snacks,7,36.3,254.1,0.1,56.17,Credit Card
ORD01112,2/11/2025,CUST0652,Aditya Shah,Female,62,Chennai,PROD001,Parle-G Biscuits,Snacks,4,29.12,116.48,0.15,16.39,Net Banking
ORD01113,11/17/2025,CUST0585,Meera Iyer,Male,47,Pune,PROD014,Kellogg's Corn Flakes,Groceries,1,209.74,209.74,0,22.71,Cash
ORD01114,12/1/2025,CUST0701,Sneha Sharma,Female,41,Kolkata,PROD003,Amul Milk,Dairy,6,57.2,343.2,0.15,67.15,Cash
ORD01115,5/3/2025,CUST0566,Kavya Gupta,Male,39,Lucknow,PROD017,Good Day Cookies,Snacks,4,53.88,215.52,0,34.01,Credit Card
ORD01116,4/16/2025,CUST0484,Rahul Singh,Female,33,Ahmedabad,PROD007,Surf Excel,Home & Cleaning,6,174.58,1047.48,0,243.07,Net Banking
ORD01117,4/1/2025,CUST0473,Sneha Shah,Male,29,Kolkata,PROD015,Harpic Cleaner,Home & Cleaning,4,131.57,526.28,0.1,117.58,Cash
ORD01118,2/5/2025,CUST0513,Priya Gupta,Male,43,Ahmedabad,PROD004,Lay's Chips,Snacks,6,37.83,226.98,0,27.61,UPI
ORD01119,2/6/2025,CUST0767,Karan Reddy,Male,58,Lucknow,PROD002,Tata Salt,Groceries,7,30.24,211.68,0.1,43.16,Cash
ORD01120,10/1/2025,CUST0981,Isha Singh,Male,37,Chennai,PROD009,Aashirvaad Atta,Groceries,2,264.34,528.68,0.15,85.38,UPI
ORD01121,1/21/2025,CUST0450,Sahil Gupta,Male,55,Ahmedabad,PROD016,Thums Up,Beverages,1,39.76,39.76,0.1,7.9,Debit Card
ORD01122,5/15/2025,CUST0410,Simran Verma,Male,26,Kolkata,PROD017,Good Day Cookies,Snacks,8,50.71,405.68,0,39.6,Net Banking
ORD01123,5/5/2025,CUST0772,Simran Singh,Male,64,Mumbai,PROD004,Lay's Chips,Snacks,3,35.17,105.51,0.05,10.44,Cash
ORD01124,12/30/2025,CUST0216,Neha Shah,Female,18,Delhi,PROD009,Aashirvaad Atta,Groceries,2,249.88,499.76,0,78.91,Cash
ORD01125,8/19/2025,CUST0771,Arjun Gupta,Male,62,Pune,PROD008,Dove Soap,Personal Care,5,55.08,275.4,0.1,33.76,Debit Card
ORD01126,1/14/2025,CUST0582,Riya Verma,Male,28,Kolkata,PROD009,Aashirvaad Atta,Groceries,1,266.05,266.05,0,44.88,Credit Card
ORD01127,3/23/2025,CUST0902,Nikhil Shah,Male,45,Bengaluru,PROD012,Dettol Handwash,Personal Care,6,116.28,697.68,0.05,159.48,Net Banking
ORD01128,12/22/2025,CUST0650,Riya Verma,Female,58,Kolkata,PROD010,Maggi Noodles,Groceries,8,15.85,126.8,0.05,12.8,Credit Card
ORD01129,1/15/2025,CUST0151,Manish Gupta,Female,54,Lucknow,PROD020,Head & Shoulders,Personal Care,5,280.51,1402.55,0.05,250.83,Credit Card
ORD01130,9/18/2025,CUST0598,Aditya Patel,Female,56,Ahmedabad,PROD010,Maggi Noodles,Groceries,3,15.56,46.68,0.05,6.29,Net Banking
ORD01131,9/14/2025,CUST0416,Sahil Iyer,Male,28,Lucknow,PROD016,Thums Up,Beverages,3,43.83,131.49,0,23.64,Debit Card
ORD01132,9/26/2025,CUST0536,Simran Khan,Female,20,Lucknow,PROD012,Dettol Handwash,Personal Care,7,118.78,831.46,0.1,142.35,Cash
ORD01133,6/8/2025,CUST0180,Amit Nair,Male,34,Lucknow,PROD016,Thums Up,Beverages,7,38.09,266.63,0,36.85,Credit Card
ORD01134,7/2/2025,CUST0230,Anjali Patel,Female,40,Lucknow,PROD005,Coca Cola,Beverages,5,46.86,234.3,0,44.63,Cash
ORD01135,4/14/2025,CUST0471,Riya Nair,Male,36,Chennai,PROD019,Vim Dishwash,Home & Cleaning,1,96.84,96.84,0.15,19.15,Debit Card
ORD01136,5/19/2025,CUST0681,Amit Shah,Male,41,Chennai,PROD002,Tata Salt,Groceries,7,29.23,204.61,0.05,32.32,Net Banking
ORD01137,9/25/2025,CUST0985,Vikram Mehta,Male,28,Delhi,PROD018,Nescafe Coffee,Beverages,2,208.16,416.32,0,64.92,Credit Card
ORD01138,8/22/2025,CUST0251,Meera Reddy,Female,57,Bengaluru,PROD009,Aashirvaad Atta,Groceries,3,263.36,790.08,0,93.88,Credit Card
ORD01139,2/2/2025,CUST0042,Sneha Patel,Female,19,Lucknow,PROD020,Head & Shoulders,Personal Care,5,268.53,1342.65,0,277.03,Credit Card
ORD01140,10/25/2025,CUST0536,Simran Khan,Female,20,Lucknow,PROD010,Maggi Noodles,Groceries,1,14.72,14.72,0,2.64,Cash
ORD01141,3/1/2025,CUST0476,Pooja Iyer,Male,39,Hyderabad,PROD004,Lay's Chips,Snacks,1,34.92,34.92,0,3.96,Cash
ORD01142,9/7/2025,CUST0086,Karan Kapoor,Female,60,Bengaluru,PROD016,Thums Up,Beverages,4,38.6,154.4,0.15,15.3,Debit Card
ORD01143,8/15/2025,CUST0583,Arjun Mehta,Female,48,Pune,PROD001,Parle-G Biscuits,Snacks,7,32.38,226.66,0,45.88,Credit Card
ORD01144,11/4/2025,CUST0604,Isha Iyer,Male,46,Chennai,PROD020,Head & Shoulders,Personal Care,8,285.7,2285.6,0.05,452.23,Debit Card
ORD01145,11/27/2025,CUST0505,Aditya Patel,Male,59,Chennai,PROD006,Tata Tea,Beverages,6,123.13,738.78,0.15,80.53,Debit Card
ORD01146,11/17/2025,CUST0271,Sahil Patel,Female,50,Bengaluru,PROD018,Nescafe Coffee,Beverages,4,190.22,760.88,0.15,107.05,Cash
ORD01147,3/25/2025,CUST0115,Isha Iyer,Female,46,Lucknow,PROD006,Tata Tea,Beverages,8,114.12,912.96,0.15,124.15,Credit Card
ORD01148,12/18/2025,CUST0068,Manish Iyer,Male,22,Jaipur,PROD014,Kellogg's Corn Flakes,Groceries,5,202.48,1012.4,0.1,125.93,Net Banking
ORD01149,9/14/2025,CUST0843,Rahul Nair,Female,36,Hyderabad,PROD006,Tata Tea,Beverages,4,128.02,512.08,0,59.53,Debit Card
ORD01150,4/18/2025,CUST0328,Riya Shah,Male,21,Ahmedabad,PROD017,Good Day Cookies,Snacks,8,48.27,386.16,0.05,87.19,Net Banking
ORD01151,3/22/2025,CUST0689,Karan Mehta,Male,37,Kolkata,PROD005,Coca Cola,Beverages,6,43.81,262.86,0.1,50.53,Net Banking
ORD01152,8/2/2025,CUST0679,Pooja Nair,Male,33,Ahmedabad,PROD006,Tata Tea,Beverages,6,131.22,787.32,0.1,135.41,Debit Card
ORD01153,6/6/2025,CUST0235,Rahul Malhotra,Female,35,Mumbai,PROD009,Aashirvaad Atta,Groceries,8,272.54,2180.32,0.05,296.27,Debit Card
ORD01154,8/2/2025,CUST0745,Riya Shah,Female,40,Lucknow,PROD012,Dettol Handwash,Personal Care,6,111.92,671.52,0.1,106.22,UPI
ORD01155,3/13/2025,CUST0781,Meera Reddy,Female,63,Mumbai,PROD013,Britannia Bread,Dairy,1,49.29,49.29,0.05,8.89,Cash
ORD01156,5/12/2025,CUST0786,Sahil Shah,Female,27,Mumbai,PROD009,Aashirvaad Atta,Groceries,1,268.19,268.19,0,30.97,Debit Card
ORD01157,10/14/2025,CUST0853,Priya Malhotra,Male,48,Bengaluru,PROD012,Dettol Handwash,Personal Care,1,109.81,109.81,0.1,13.38,Credit Card
ORD01158,3/24/2025,CUST0817,Kavya Iyer,Male,30,Ahmedabad,PROD007,Surf Excel,Home & Cleaning,8,194.12,1552.96,0,143.89,Debit Card
ORD01159,7/19/2025,CUST0741,Meera Iyer,Male,59,Hyderabad,PROD016,Thums Up,Beverages,8,43.71,349.68,0,74.41,Cash
ORD01160,5/22/2025,CUST0256,Isha Mehta,Male,44,Pune,PROD009,Aashirvaad Atta,Groceries,7,239.72,1678.04,0,316.71,Net Banking
ORD01161,2/7/2025,CUST0379,Arjun Sharma,Male,36,Chennai,PROD015,Harpic Cleaner,Home & Cleaning,5,120.83,604.15,0,138.8,Debit Card
ORD01162,4/13/2025,CUST0794,Arjun Iyer,Male,27,Pune,PROD014,Kellogg's Corn Flakes,Groceries,3,227.03,681.09,0.15,75.73,Net Banking
ORD01163,5/14/2025,CUST0091,Arjun Khan,Female,61,Jaipur,PROD015,Harpic Cleaner,Home & Cleaning,4,124.9,499.6,0.15,89.04,Net Banking
ORD01164,12/25/2025,CUST0544,Rahul Mehta,Male,58,Bengaluru,PROD010,Maggi Noodles,Groceries,1,14.57,14.57,0,3.32,Debit Card
ORD01165,8/28/2025,CUST0981,Isha Singh,Male,37,Chennai,PROD012,Dettol Handwash,Personal Care,8,116.83,934.64,0,104.03,Credit Card
ORD01166,1/12/2025,CUST0472,Pooja Nair,Male,23,Lucknow,PROD012,Dettol Handwash,Personal Care,6,107.78,646.68,0.05,75.82,Credit Card
ORD01167,9/28/2025,CUST0123,Manish Mehta,Male,31,Kolkata,PROD014,Kellogg's Corn Flakes,Groceries,7,211.98,1483.86,0.1,288.03,UPI
ORD01168,9/16/2025,CUST0935,Rohan Das,Male,50,Jaipur,PROD017,Good Day Cookies,Snacks,6,47.62,285.72,0.1,64.1,Debit Card
ORD01169,2/8/2025,CUST0810,Sahil Iyer,Female,20,Delhi,PROD018,Nescafe Coffee,Beverages,8,188.56,1508.48,0.05,269.19,Net Banking
ORD01170,2/14/2025,CUST0095,Nikhil Patel,Female,54,Bengaluru,PROD018,Nescafe Coffee,Beverages,2,195.66,391.32,0.15,74.46,Net Banking
ORD01171,8/27/2025,CUST0945,Aditya Mehta,Female,61,Chennai,PROD015,Harpic Cleaner,Home & Cleaning,4,132.85,531.4,0.1,104.75,Cash
ORD01172,9/28/2025,CUST0911,Neha Joshi,Male,24,Kolkata,PROD005,Coca Cola,Beverages,6,43.24,259.44,0.15,30.38,Cash
ORD01173,7/19/2025,CUST0911,Neha Joshi,Male,24,Kolkata,PROD001,Parle-G Biscuits,Snacks,7,31.09,217.63,0,40.49,UPI
ORD01174,10/27/2025,CUST0009,Neha Patel,Female,24,Chennai,PROD008,Dove Soap,Personal Care,6,55.77,334.62,0.05,71.67,Debit Card
ORD01175,10/23/2025,CUST0546,Nikhil Joshi,Female,21,Lucknow,PROD015,Harpic Cleaner,Home & Cleaning,4,133.19,532.76,0.15,107.47,Credit Card
ORD01176,11/5/2025,CUST0194,Pooja Nair,Female,53,Mumbai,PROD005,Coca Cola,Beverages,4,44.83,179.32,0,15.15,UPI
ORD01177,4/28/2025,CUST0799,Nikhil Iyer,Male,25,Ahmedabad,PROD005,Coca Cola,Beverages,6,49.19,295.14,0.05,63.93,Credit Card
ORD01178,4/22/2025,CUST0207,Meera Shah,Male,22,Hyderabad,PROD010,Maggi Noodles,Groceries,3,15.2,45.6,0.05,5.18,Debit Card
ORD01179,4/17/2025,CUST0028,Manish Shah,Female,53,Mumbai,PROD005,Coca Cola,Beverages,8,43.58,348.64,0.1,26.46,Cash
ORD01180,10/30/2025,CUST0051,Neha Gupta,Male,30,Jaipur,PROD015,Harpic Cleaner,Home & Cleaning,8,126.23,1009.84,0,213.14,UPI
ORD01181,9/8/2025,CUST0096,Arjun Sharma,Female,18,Jaipur,PROD006,Tata Tea,Beverages,2,116.93,233.86,0,23.49,Net Banking
ORD01182,7/4/2025,CUST0367,Sahil Gupta,Male,36,Kolkata,PROD011,Colgate Toothpaste,Personal Care,7,92.97,650.79,0,140.55,Cash
ORD01183,8/4/2025,CUST0262,Rahul Sharma,Female,33,Delhi,PROD017,Good Day Cookies,Snacks,2,54.59,109.18,0,8.87,Cash
ORD01184,8/11/2025,CUST0985,Vikram Mehta,Male,28,Delhi,PROD004,Lay's Chips,Snacks,6,35.14,210.84,0.05,44.51,Debit Card
ORD01185,5/21/2025,CUST0235,Rahul Malhotra,Female,35,Mumbai,PROD003,Amul Milk,Dairy,7,64.88,454.16,0,109.78,Debit Card
ORD01186,3/21/2025,CUST0047,Sahil Joshi,Male,48,Kolkata,PROD005,Coca Cola,Beverages,4,43.95,175.8,0,17.89,Credit Card
ORD01187,12/5/2025,CUST0712,Kavya Sharma,Male,52,Chennai,PROD016,Thums Up,Beverages,1,38.37,38.37,0,8.72,Debit Card
ORD01188,9/23/2025,CUST0381,Simran Mehta,Female,65,Ahmedabad,PROD020,Head & Shoulders,Personal Care,7,279.11,1953.77,0.1,192.21,Credit Card
ORD01189,1/16/2025,CUST0760,Amit Khan,Female,55,Pune,PROD006,Tata Tea,Beverages,6,129.82,778.92,0,166.47,Cash
ORD01190,1/15/2025,CUST0209,Pooja Malhotra,Female,27,Ahmedabad,PROD010,Maggi Noodles,Groceries,7,15.66,109.62,0.05,19.34,UPI
ORD01191,1/24/2025,CUST0340,Rahul Khan,Female,29,Bengaluru,PROD001,Parle-G Biscuits,Snacks,8,28.65,229.2,0,53.93,Net Banking
ORD01192,4/25/2025,CUST0387,Simran Joshi,Male,64,Chennai,PROD020,Head & Shoulders,Personal Care,3,253.17,759.51,0,105.78,UPI
ORD01193,10/2/2025,CUST0430,Manish Joshi,Female,49,Mumbai,PROD003,Amul Milk,Dairy,2,65.72,131.44,0.1,29.24,Cash
ORD01194,5/12/2025,CUST0138,Sneha Verma,Female,60,Pune,PROD020,Head & Shoulders,Personal Care,1,259.15,259.15,0.1,54.33,Credit Card
ORD01195,10/20/2025,CUST0331,Manish Joshi,Male,41,Chennai,PROD018,Nescafe Coffee,Beverages,6,207.77,1246.62,0,200.99,Credit Card
ORD01196,2/12/2025,CUST0129,Manish Reddy,Male,57,Jaipur,PROD008,Dove Soap,Personal Care,3,58.89,176.67,0,20.91,UPI
ORD01197,5/9/2025,CUST0735,Amit Gupta,Female,26,Pune,PROD013,Britannia Bread,Dairy,5,48.74,243.7,0,29.84,Credit Card
ORD01198,9/24/2025,CUST0748,Priya Kapoor,Female,51,Chennai,PROD010,Maggi Noodles,Groceries,6,15.85,95.1,0.1,16.57,Net Banking
ORD01199,10/24/2025,CUST0592,Arjun Malhotra,Female,41,Pune,PROD009,Aashirvaad Atta,Groceries,3,249.8,749.4,0.05,136.98,UPI
ORD01200,11/21/2025,CUST0766,Aditya Malhotra,Male,29,Lucknow,PROD013,Britannia Bread,Dairy,1,48.11,48.11,0,3.97,UPI
ORD01201,9/5/2025,CUST0856,Karan Mehta,Female,27,Chennai,PROD008,Dove Soap,Personal Care,3,55.52,166.56,0,29.52,Debit Card
ORD01202,5/15/2025,CUST0193,Anjali Khan,Female,62,Ahmedabad,PROD019,Vim Dishwash,Home & Cleaning,7,91.6,641.2,0,100.7,Net Banking
ORD01203,6/22/2025,CUST0451,Anjali Shah,Female,27,Bengaluru,PROD004,Lay's Chips,Snacks,5,36.69,183.45,0.15,36.97,Credit Card
ORD01204,12/9/2025,CUST0262,Rahul Sharma,Female,33,Delhi,PROD011,Colgate Toothpaste,Personal Care,8,101.25,810,0.1,140.52,Debit Card
ORD01205,1/14/2025,CUST0782,Kavya Nair,Male,56,Kolkata,PROD017,Good Day Cookies,Snacks,5,47.97,239.85,0.05,34.75,Net Banking
ORD01206,12/31/2025,CUST0130,Rahul Reddy,Female,55,Lucknow,PROD004,Lay's Chips,Snacks,4,38.37,153.48,0,15.42,Debit Card
ORD01207,2/12/2025,CUST0130,Rahul Reddy,Female,55,Lucknow,PROD012,Dettol Handwash,Personal Care,5,111.97,559.85,0.15,117.7,Net Banking
ORD01208,4/12/2025,CUST0187,Meera Singh,Male,23,Bengaluru,PROD013,Britannia Bread,Dairy,4,43.71,174.84,0,37.05,Debit Card
ORD01209,9/30/2025,CUST0539,Vikram Khan,Male,42,Lucknow,PROD020,Head & Shoulders,Personal Care,3,268.95,806.85,0.15,116.08,Debit Card
ORD01210,11/22/2025,CUST0553,Aditya Patel,Female,43,Ahmedabad,PROD008,Dove Soap,Personal Care,3,55.34,166.02,0,32.48,Net Banking
ORD01211,7/25/2025,CUST0232,Manish Malhotra,Female,30,Kolkata,PROD005,Coca Cola,Beverages,7,48.54,339.78,0.05,28.51,Debit Card
ORD01212,6/3/2025,CUST0400,Anjali Reddy,Female,23,Chennai,PROD017,Good Day Cookies,Snacks,7,54.2,379.4,0.1,46,UPI
ORD01213,2/4/2025,CUST0077,Arjun Sharma,Male,39,Delhi,PROD009,Aashirvaad Atta,Groceries,5,245.33,1226.65,0.15,188.7,UPI
ORD01214,5/5/2025,CUST0774,Anjali Reddy,Female,49,Kolkata,PROD014,Kellogg's Corn Flakes,Groceries,3,204.03,612.09,0,128.53,Cash
ORD01215,6/29/2025,CUST0806,Sahil Shah,Female,25,Kolkata,PROD006,Tata Tea,Beverages,7,121.04,847.28,0,103.59,UPI
ORD01216,10/27/2025,CUST0232,Manish Malhotra,Female,30,Kolkata,PROD009,Aashirvaad Atta,Groceries,3,270.97,812.91,0,165.36,Credit Card
ORD01217,3/2/2025,CUST0211,Isha Mehta,Female,38,Bengaluru,PROD015,Harpic Cleaner,Home & Cleaning,3,131.35,394.05,0.05,30.63,Net Banking
ORD01218,12/5/2025,CUST0319,Anjali Kapoor,Female,47,Lucknow,PROD017,Good Day Cookies,Snacks,2,53.29,106.58,0.15,14.5,Cash
ORD01219,1/21/2025,CUST0306,Anjali Verma,Female,52,Bengaluru,PROD004,Lay's Chips,Snacks,8,34.06,272.48,0.05,59.22,Cash
ORD01220,12/30/2025,CUST0859,Arjun Gupta,Male,54,Delhi,PROD009,Aashirvaad Atta,Groceries,2,261.01,522.02,0.1,84.31,Cash
ORD01221,11/5/2025,CUST0777,Amit Kapoor,Male,36,Mumbai,PROD010,Maggi Noodles,Groceries,4,15.43,61.72,0,15.4,Net Banking
ORD01222,8/10/2025,CUST0886,Nikhil Patel,Male,34,Bengaluru,PROD012,Dettol Handwash,Personal Care,4,118.84,475.36,0.1,95.08,Cash
ORD01223,11/24/2025,CUST0059,Pooja Gupta,Male,55,Jaipur,PROD004,Lay's Chips,Snacks,5,37.67,188.35,0.05,41.84,Net Banking
ORD01224,9/6/2025,CUST0337,Aditya Verma,Male,37,Jaipur,PROD014,Kellogg's Corn Flakes,Groceries,5,230.47,1152.35,0,94.72,Credit Card
ORD01225,12/29/2025,CUST0600,Simran Das,Male,24,Bengaluru,PROD016,Thums Up,Beverages,4,41.55,166.2,0.05,15.42,Cash
ORD01226,2/25/2025,CUST0575,Neha Verma,Male,29,Kolkata,PROD020,Head & Shoulders,Personal Care,7,270.66,1894.62,0.1,148.62,Net Banking
ORD01227,12/11/2025,CUST0859,Arjun Gupta,Male,54,Delhi,PROD004,Lay's Chips,Snacks,2,33.87,67.74,0,9.57,Net Banking
ORD01228,10/21/2025,CUST0432,Sahil Khan,Male,21,Hyderabad,PROD013,Britannia Bread,Dairy,1,45.09,45.09,0.1,9.13,Net Banking
ORD01229,4/3/2025,CUST0039,Arjun Shah,Female,31,Jaipur,PROD013,Britannia Bread,Dairy,7,47.27,330.89,0,38.62,UPI
ORD01230,8/22/2025,CUST0646,Pooja Iyer,Female,50,Pune,PROD011,Colgate Toothpaste,Personal Care,2,94.41,188.82,0.1,36.76,Debit Card
ORD01231,1/25/2025,CUST0368,Rahul Iyer,Female,33,Lucknow,PROD012,Dettol Handwash,Personal Care,6,120.56,723.36,0,91.89,Debit Card
ORD01232,7/25/2025,CUST0470,Rahul Shah,Male,44,Ahmedabad,PROD009,Aashirvaad Atta,Groceries,3,245.35,736.05,0.15,119,Debit Card
ORD01233,10/3/2025,CUST0800,Anjali Verma,Male,30,Delhi,PROD006,Tata Tea,Beverages,8,129.42,1035.36,0.05,137.51,Credit Card
ORD01234,6/10/2025,CUST0325,Amit Nair,Male,57,Lucknow,PROD010,Maggi Noodles,Groceries,2,16.31,32.62,0,6.16,Net Banking
ORD01235,8/13/2025,CUST0510,Arjun Gupta,Male,20,Kolkata,PROD006,Tata Tea,Beverages,7,117.64,823.48,0.1,103.46,Debit Card
ORD01236,6/8/2025,CUST0773,Priya Mehta,Female,64,Kolkata,PROD006,Tata Tea,Beverages,3,119.81,359.43,0,40.35,Net Banking
ORD01237,11/13/2025,CUST0718,Nikhil Verma,Female,22,Lucknow,PROD018,Nescafe Coffee,Beverages,5,202.07,1010.35,0.15,94.68,UPI
ORD01238,3/16/2025,CUST0204,Rohan Joshi,Female,50,Hyderabad,PROD003,Amul Milk,Dairy,2,63.4,126.8,0.1,25.66,Debit Card
ORD01239,5/31/2025,CUST0546,Nikhil Joshi,Female,21,Lucknow,PROD012,Dettol Handwash,Personal Care,7,106.7,746.9,0.1,65.62,Net Banking
ORD01240,5/6/2025,CUST0584,Simran Singh,Male,64,Ahmedabad,PROD003,Amul Milk,Dairy,6,65.99,395.94,0.1,78.55,Net Banking
ORD01241,4/26/2025,CUST0159,Simran Joshi,Female,45,Jaipur,PROD009,Aashirvaad Atta,Groceries,1,256.04,256.04,0,31.16,Cash
ORD01242,11/10/2025,CUST0664,Kavya Nair,Male,63,Pune,PROD007,Surf Excel,Home & Cleaning,3,171.34,514.02,0,125.41,Cash
ORD01243,4/6/2025,CUST0859,Arjun Gupta,Male,54,Delhi,PROD015,Harpic Cleaner,Home & Cleaning,7,129.18,904.26,0.15,86.61,Net Banking
ORD01244,5/15/2025,CUST0595,Manish Kapoor,Female,62,Pune,PROD013,Britannia Bread,Dairy,7,47.79,334.53,0.05,68.83,Cash
ORD01245,12/21/2025,CUST0380,Priya Malhotra,Female,35,Pune,PROD012,Dettol Handwash,Personal Care,4,109.78,439.12,0.05,38.84,Credit Card
ORD01246,10/2/2025,CUST0330,Nikhil Nair,Male,20,Bengaluru,PROD008,Dove Soap,Personal Care,3,53.05,159.15,0.15,27.11,Debit Card
ORD01247,4/25/2025,CUST0108,Sneha Kapoor,Male,27,Mumbai,PROD020,Head & Shoulders,Personal Care,4,275.08,1100.32,0.15,205.37,Cash
ORD01248,8/12/2025,CUST0276,Arjun Iyer,Female,42,Lucknow,PROD019,Vim Dishwash,Home & Cleaning,1,91.71,91.71,0.1,13.58,UPI
ORD01249,6/27/2025,CUST0977,Simran Reddy,Male,36,Hyderabad,PROD006,Tata Tea,Beverages,1,124.08,124.08,0.15,20.1,Cash
ORD01250,5/22/2025,CUST0889,Simran Kapoor,Female,45,Pune,PROD005,Coca Cola,Beverages,2,47.35,94.7,0,22.95,Net Banking
ORD01251,4/21/2025,CUST0259,Simran Patel,Female,52,Chennai,PROD001,Parle-G Biscuits,Snacks,8,30.44,243.52,0,60.31,Cash
ORD01252,9/18/2025,CUST0318,Anjali Iyer,Male,59,Pune,PROD018,Nescafe Coffee,Beverages,5,189.92,949.6,0.15,174.13,Cash
ORD01253,7/3/2025,CUST0148,Kavya Verma,Female,57,Jaipur,PROD018,Nescafe Coffee,Beverages,6,205.09,1230.54,0.15,93.1,Net Banking
ORD01254,5/8/2025,CUST0123,Manish Mehta,Male,31,Kolkata,PROD003,Amul Milk,Dairy,2,61.77,123.54,0,25.27,Net Banking
ORD01255,6/19/2025,CUST0793,Arjun Joshi,Female,34,Bengaluru,PROD006,Tata Tea,Beverages,3,114.53,343.59,0.1,63.04,UPI
ORD01256,3/12/2025,CUST0097,Isha Nair,Male,41,Kolkata,PROD013,Britannia Bread,Dairy,7,48.18,337.26,0.1,60.22,Debit Card
ORD01257,9/13/2025,CUST0188,Sahil Iyer,Male,61,Hyderabad,PROD004,Lay's Chips,Snacks,5,35.11,175.55,0.1,36.25,UPI
ORD01258,11/21/2025,CUST0189,Sahil Sharma,Male,48,Jaipur,PROD009,Aashirvaad Atta,Groceries,7,245.02,1715.14,0.05,403.37,UPI
ORD01259,2/1/2025,CUST0348,Sneha Shah,Male,37,Ahmedabad,PROD015,Harpic Cleaner,Home & Cleaning,2,128.57,257.14,0,59.01,Net Banking
ORD01260,6/17/2025,CUST0061,Sahil Joshi,Male,21,Jaipur,PROD012,Dettol Handwash,Personal Care,2,107.28,214.56,0.15,14.98,Cash
ORD01261,11/14/2025,CUST0314,Karan Gupta,Female,28,Pune,PROD001,Parle-G Biscuits,Snacks,6,32.37,194.22,0,21.76,Cash
ORD01262,3/21/2025,CUST0187,Meera Singh,Male,23,Bengaluru,PROD018,Nescafe Coffee,Beverages,4,208.31,833.24,0,190.19,Net Banking
ORD01263,8/16/2025,CUST0384,Amit Mehta,Male,52,Hyderabad,PROD019,Vim Dishwash,Home & Cleaning,3,97.53,292.59,0,48.64,UPI
ORD01264,2/25/2025,CUST0638,Arjun Kapoor,Female,52,Mumbai,PROD002,Tata Salt,Groceries,2,29.99,59.98,0.05,13.62,Debit Card
ORD01265,3/21/2025,CUST0700,Sneha Das,Male,20,Mumbai,PROD006,Tata Tea,Beverages,3,130.2,390.6,0.1,39.67,Net Banking
ORD01266,8/18/2025,CUST0943,Neha Iyer,Male,65,Jaipur,PROD011,Colgate Toothpaste,Personal Care,8,103.48,827.84,0.15,155.79,UPI
ORD01267,9/9/2025,CUST0685,Priya Reddy,Male,43,Jaipur,PROD018,Nescafe Coffee,Beverages,2,190.14,380.28,0.05,37.58,Credit Card
ORD01268,12/4/2025,CUST0814,Rahul Khan,Female,37,Hyderabad,PROD013,Britannia Bread,Dairy,1,45.17,45.17,0.1,8.86,Net Banking
ORD01269,10/16/2025,CUST0102,Anjali Iyer,Female,43,Jaipur,PROD017,Good Day Cookies,Snacks,2,52.48,104.96,0.05,23.43,Net Banking
ORD01270,3/11/2025,CUST0720,Sneha Singh,Female,38,Kolkata,PROD018,Nescafe Coffee,Beverages,7,202.07,1414.49,0,181.1,Cash
ORD01271,7/13/2025,CUST0782,Kavya Nair,Male,56,Kolkata,PROD007,Surf Excel,Home & Cleaning,5,196.49,982.45,0.1,131.5,UPI
ORD01272,7/19/2025,CUST0503,Priya Singh,Female,29,Delhi,PROD001,Parle-G Biscuits,Snacks,8,28.97,231.76,0.15,31.97,Debit Card
ORD01273,2/15/2025,CUST0510,Arjun Gupta,Male,20,Kolkata,PROD010,Maggi Noodles,Groceries,1,15.44,15.44,0,1.73,Debit Card
ORD01274,1/25/2025,CUST0914,Vikram Nair,Female,39,Chennai,PROD019,Vim Dishwash,Home & Cleaning,3,94.15,282.45,0,48.25,Debit Card
ORD01275,12/17/2025,CUST0395,Arjun Gupta,Male,19,Delhi,PROD007,Surf Excel,Home & Cleaning,6,197.03,1182.18,0,260.12,Cash
ORD01276,2/20/2025,CUST0757,Meera Gupta,Male,39,Delhi,PROD017,Good Day Cookies,Snacks,3,51.32,153.96,0,36.15,Cash
ORD01277,9/11/2025,CUST0973,Amit Iyer,Male,34,Kolkata,PROD006,Tata Tea,Beverages,4,126.82,507.28,0,102.16,Credit Card
ORD01278,12/19/2025,CUST0585,Meera Iyer,Male,47,Pune,PROD020,Head & Shoulders,Personal Care,1,248.76,248.76,0.1,25.75,UPI
ORD01279,7/19/2025,CUST0947,Vikram Iyer,Female,32,Chennai,PROD010,Maggi Noodles,Groceries,1,16.28,16.28,0.05,3.83,Credit Card
ORD01280,12/9/2025,CUST0381,Simran Mehta,Female,65,Ahmedabad,PROD013,Britannia Bread,Dairy,1,43.8,43.8,0.15,4.54,Debit Card
ORD01281,1/6/2025,CUST0904,Meera Sharma,Male,59,Delhi,PROD014,Kellogg's Corn Flakes,Groceries,5,205.95,1029.75,0.05,146.31,Cash
ORD01282,9/7/2025,CUST0844,Kavya Mehta,Female,65,Mumbai,PROD014,Kellogg's Corn Flakes,Groceries,7,208.26,1457.82,0,319.03,Debit Card
ORD01283,12/20/2025,CUST0615,Anjali Nair,Female,43,Mumbai,PROD001,Parle-G Biscuits,Snacks,7,28.69,200.83,0.1,18.42,Credit Card
ORD01284,10/2/2025,CUST0073,Rohan Singh,Male,24,Jaipur,PROD004,Lay's Chips,Snacks,2,34.08,68.16,0.1,5.6,Debit Card
ORD01285,10/19/2025,CUST0172,Neha Shah,Female,56,Lucknow,PROD009,Aashirvaad Atta,Groceries,7,248.18,1737.26,0.05,211.91,Debit Card
ORD01286,10/12/2025,CUST0112,Neha Kapoor,Female,32,Delhi,PROD004,Lay's Chips,Snacks,7,37.57,262.99,0,63.52,Cash
ORD01287,1/20/2025,CUST0206,Manish Shah,Male,42,Bengaluru,PROD005,Coca Cola,Beverages,1,45.92,45.92,0,4.54,Cash
ORD01288,3/15/2025,CUST0189,Sahil Sharma,Male,48,Jaipur,PROD003,Amul Milk,Dairy,2,59.18,118.36,0.15,14.39,Cash
ORD01289,1/8/2025,CUST0612,Anjali Reddy,Male,51,Delhi,PROD002,Tata Salt,Groceries,4,29.83,119.32,0.05,9.91,Credit Card
ORD01290,1/29/2025,CUST0350,Aditya Shah,Female,28,Bengaluru,PROD009,Aashirvaad Atta,Groceries,3,250.63,751.89,0,175.39,Cash
ORD01291,4/10/2025,CUST0390,Anjali Sharma,Male,56,Ahmedabad,PROD005,Coca Cola,Beverages,5,46.16,230.8,0,25.68,Debit Card
ORD01292,11/5/2025,CUST0674,Neha Verma,Male,55,Kolkata,PROD015,Harpic Cleaner,Home & Cleaning,1,135.09,135.09,0,30.18,Net Banking
ORD01293,12/17/2025,CUST0295,Rahul Patel,Male,42,Kolkata,PROD018,Nescafe Coffee,Beverages,3,184.59,553.77,0.05,47.16,UPI
ORD01294,6/14/2025,CUST0420,Pooja Nair,Female,48,Bengaluru,PROD017,Good Day Cookies,Snacks,1,52.14,52.14,0,10.59,Debit Card
ORD01295,10/16/2025,CUST0040,Vikram Das,Female,43,Chennai,PROD005,Coca Cola,Beverages,2,47.37,94.74,0,13.72,UPI
ORD01296,2/7/2025,CUST0834,Meera Kapoor,Female,63,Hyderabad,PROD013,Britannia Bread,Dairy,2,48.53,97.06,0,17.06,UPI
ORD01297,5/2/2025,CUST0665,Rahul Gupta,Female,22,Delhi,PROD016,Thums Up,Beverages,7,39.69,277.83,0.15,34.42,Cash
ORD01298,3/20/2025,CUST0628,Kavya Verma,Female,58,Jaipur,PROD009,Aashirvaad Atta,Groceries,6,274.25,1645.5,0.1,239.1,Cash
ORD01299,7/18/2025,CUST0550,Rahul Shah,Female,29,Pune,PROD012,Dettol Handwash,Personal Care,4,106.88,427.52,0,104.19,Debit Card
ORD01300,3/15/2025,CUST0904,Meera Sharma,Male,59,Delhi,PROD006,Tata Tea,Beverages,6,127.32,763.92,0.1,149.14,UPI
ORD01301,6/30/2025,CUST0471,Riya Nair,Male,36,Chennai,PROD014,Kellogg's Corn Flakes,Groceries,4,230.61,922.44,0,205.54,Credit Card
ORD01302,8/16/2025,CUST0965,Simran Shah,Female,49,Mumbai,PROD013,Britannia Bread,Dairy,7,48.71,340.97,0.1,62.81,Cash
ORD01303,9/29/2025,CUST0475,Anjali Reddy,Female,20,Mumbai,PROD012,Dettol Handwash,Personal Care,6,109.88,659.28,0.1,60.9,Credit Card
ORD01304,8/26/2025,CUST0252,Amit Nair,Female,62,Hyderabad,PROD007,Surf Excel,Home & Cleaning,4,186.35,745.4,0.15,89.83,Net Banking
ORD01305,8/29/2025,CUST0884,Karan Gupta,Male,18,Pune,PROD014,Kellogg's Corn Flakes,Groceries,6,219.79,1318.74,0,193.57,UPI
ORD01306,4/13/2025,CUST0556,Isha Joshi,Male,58,Mumbai,PROD015,Harpic Cleaner,Home & Cleaning,5,135.71,678.55,0.15,86.55,Credit Card
ORD01307,8/15/2025,CUST0346,Priya Mehta,Female,61,Bengaluru,PROD018,Nescafe Coffee,Beverages,3,199.3,597.9,0.15,77.96,UPI
ORD01308,12/15/2025,CUST0711,Vikram Das,Male,27,Mumbai,PROD007,Surf Excel,Home & Cleaning,7,186.32,1304.24,0,164.94,Net Banking
ORD01309,6/12/2025,CUST0788,Meera Joshi,Male,24,Mumbai,PROD005,Coca Cola,Beverages,7,46.63,326.41,0,34.47,Cash
ORD01310,11/18/2025,CUST0252,Amit Nair,Female,62,Hyderabad,PROD005,Coca Cola,Beverages,8,44.88,359.04,0.15,51.94,UPI
ORD01311,1/28/2025,CUST0693,Anjali Joshi,Female,51,Jaipur,PROD004,Lay's Chips,Snacks,2,33.7,67.4,0,15.94,Debit Card
ORD01312,3/19/2025,CUST0874,Priya Iyer,Male,60,Pune,PROD003,Amul Milk,Dairy,6,65.38,392.28,0.05,42.67,Credit Card
ORD01313,8/17/2025,CUST0315,Nikhil Nair,Male,51,Jaipur,PROD003,Amul Milk,Dairy,6,62.61,375.66,0.05,63.95,Cash
ORD01314,3/19/2025,CUST0347,Manish Iyer,Female,65,Ahmedabad,PROD006,Tata Tea,Beverages,5,119.46,597.3,0.15,54.41,Credit Card
ORD01315,12/25/2025,CUST0426,Neha Singh,Female,33,Delhi,PROD004,Lay's Chips,Snacks,7,34.08,238.56,0.15,37.89,Debit Card
ORD01316,2/19/2025,CUST0707,Pooja Kapoor,Female,38,Pune,PROD008,Dove Soap,Personal Care,2,57.73,115.46,0,27.08,UPI
ORD01317,10/28/2025,CUST0139,Sahil Gupta,Female,62,Hyderabad,PROD013,Britannia Bread,Dairy,8,45.31,362.48,0,76.27,Debit Card
ORD01318,12/10/2025,CUST0954,Karan Iyer,Male,58,Lucknow,PROD015,Harpic Cleaner,Home & Cleaning,3,127.14,381.42,0,93.43,Net Banking
ORD01319,11/16/2025,CUST0353,Neha Singh,Male,28,Hyderabad,PROD011,Colgate Toothpaste,Personal Care,2,102.88,205.76,0,22.66,Debit Card
ORD01320,6/14/2025,CUST0694,Arjun Verma,Female,26,Hyderabad,PROD013,Britannia Bread,Dairy,3,43.5,130.5,0,31.77,Debit Card
ORD01321,10/30/2025,CUST0729,Nikhil Sharma,Female,34,Delhi,PROD003,Amul Milk,Dairy,6,62.43,374.58,0.1,27.88,Cash
ORD01322,1/13/2025,CUST0174,Pooja Malhotra,Female,37,Lucknow,PROD012,Dettol Handwash,Personal Care,5,107.67,538.35,0.05,126.3,Cash
ORD01323,8/10/2025,CUST0327,Priya Joshi,Male,38,Lucknow,PROD006,Tata Tea,Beverages,1,125.69,125.69,0.05,14.89,Debit Card
ORD01324,3/8/2025,CUST0042,Sneha Patel,Female,19,Lucknow,PROD009,Aashirvaad Atta,Groceries,8,262.23,2097.84,0.05,346.21,Net Banking
ORD01325,7/14/2025,CUST0011,Isha Patel,Female,23,Jaipur,PROD019,Vim Dishwash,Home & Cleaning,1,89.59,89.59,0,20.94,Cash
ORD01326,8/6/2025,CUST0037,Amit Das,Female,22,Jaipur,PROD009,Aashirvaad Atta,Groceries,7,250.09,1750.63,0.15,334.98,Cash
ORD01327,9/8/2025,CUST0725,Vikram Joshi,Female,47,Hyderabad,PROD011,Colgate Toothpaste,Personal Care,3,103.69,311.07,0.05,51.39,Debit Card
ORD01328,6/13/2025,CUST0274,Riya Das,Female,22,Pune,PROD003,Amul Milk,Dairy,8,65.27,522.16,0,113.27,Net Banking
ORD01329,4/1/2025,CUST0918,Rahul Khan,Female,58,Hyderabad,PROD004,Lay's Chips,Snacks,1,37.51,37.51,0,4.55,Debit Card
ORD01330,1/7/2025,CUST0067,Pooja Joshi,Female,22,Mumbai,PROD005,Coca Cola,Beverages,4,48.01,192.04,0,15.68,Debit Card
ORD01331,6/19/2025,CUST0892,Arjun Reddy,Male,41,Chennai,PROD020,Head & Shoulders,Personal Care,2,253.09,506.18,0.1,85.31,UPI
ORD01332,2/11/2025,CUST0628,Kavya Verma,Female,58,Jaipur,PROD004,Lay's Chips,Snacks,1,36.95,36.95,0,8.72,Credit Card
ORD01333,2/10/2025,CUST0094,Kavya Khan,Female,45,Lucknow,PROD003,Amul Milk,Dairy,1,60.9,60.9,0,7.05,Cash
ORD01334,9/11/2025,CUST0329,Neha Kapoor,Female,63,Pune,PROD017,Good Day Cookies,Snacks,4,51.07,204.28,0,40.94,Net Banking
ORD01335,2/1/2025,CUST0724,Karan Mehta,Male,52,Chennai,PROD006,Tata Tea,Beverages,8,119.19,953.52,0.15,184.02,Cash
ORD01336,10/5/2025,CUST0190,Manish Reddy,Female,29,Lucknow,PROD017,Good Day Cookies,Snacks,1,48.1,48.1,0,6,Net Banking
ORD01337,6/14/2025,CUST0997,Riya Shah,Male,29,Lucknow,PROD007,Surf Excel,Home & Cleaning,2,189.98,379.96,0,42.55,Credit Card
ORD01338,4/22/2025,CUST0167,Riya Patel,Male,54,Hyderabad,PROD013,Britannia Bread,Dairy,5,46.81,234.05,0.15,37.58,Cash
ORD01339,3/24/2025,CUST0257,Riya Iyer,Female,35,Mumbai,PROD012,Dettol Handwash,Personal Care,4,113.25,453,0.05,55.02,UPI
ORD01340,8/9/2025,CUST0064,Sahil Gupta,Male,57,Pune,PROD003,Amul Milk,Dairy,8,60.1,480.8,0,89.13,UPI
ORD01341,7/5/2025,CUST0691,Neha Joshi,Male,37,Delhi,PROD015,Harpic Cleaner,Home & Cleaning,1,137.07,137.07,0,18.38,Net Banking
ORD01342,9/3/2025,CUST0695,Neha Kapoor,Male,39,Kolkata,PROD003,Amul Milk,Dairy,5,63.54,317.7,0.05,47.27,Debit Card
ORD01343,3/29/2025,CUST0512,Amit Patel,Male,46,Lucknow,PROD010,Maggi Noodles,Groceries,8,14.96,119.68,0,14.22,UPI
ORD01344,7/26/2025,CUST0708,Isha Joshi,Male,41,Bengaluru,PROD012,Dettol Handwash,Personal Care,7,112.17,785.19,0.1,95.5,Cash
ORD01345,1/13/2025,CUST0890,Neha Malhotra,Male,18,Delhi,PROD015,Harpic Cleaner,Home & Cleaning,8,121.61,972.88,0.1,132.5,Credit Card
ORD01346,1/8/2025,CUST0808,Neha Kapoor,Female,52,Chennai,PROD011,Colgate Toothpaste,Personal Care,7,104.35,730.45,0,108.03,Cash
ORD01347,1/9/2025,CUST0811,Arjun Mehta,Male,57,Lucknow,PROD006,Tata Tea,Beverages,3,124.67,374.01,0,43.72,Cash
ORD01348,3/23/2025,CUST0484,Rahul Singh,Female,33,Ahmedabad,PROD005,Coca Cola,Beverages,5,45.03,225.15,0,37.05,Debit Card
ORD01349,9/13/2025,CUST0850,Amit Gupta,Female,32,Hyderabad,PROD018,Nescafe Coffee,Beverages,5,186.99,934.95,0.1,154.12,Cash
ORD01350,2/24/2025,CUST0446,Nikhil Malhotra,Female,63,Lucknow,PROD006,Tata Tea,Beverages,8,131.44,1051.52,0,147.29,UPI
ORD01351,9/11/2025,CUST0976,Meera Patel,Male,62,Pune,PROD011,Colgate Toothpaste,Personal Care,8,98.91,791.28,0,94.93,Credit Card
ORD01352,6/9/2025,CUST0427,Neha Sharma,Female,42,Lucknow,PROD016,Thums Up,Beverages,1,43.74,43.74,0,6.02,Net Banking
ORD01353,7/11/2025,CUST0440,Karan Shah,Female,27,Bengaluru,PROD020,Head & Shoulders,Personal Care,2,270.37,540.74,0.15,58.8,Credit Card
ORD01354,5/7/2025,CUST0379,Arjun Sharma,Male,36,Chennai,PROD019,Vim Dishwash,Home & Cleaning,8,86.35,690.8,0.1,88.84,Credit Card
ORD01355,9/1/2025,CUST0968,Rahul Nair,Male,31,Bengaluru,PROD011,Colgate Toothpaste,Personal Care,4,103.22,412.88,0.05,73.65,Debit Card
ORD01356,11/20/2025,CUST0569,Simran Shah,Female,45,Delhi,PROD011,Colgate Toothpaste,Personal Care,6,100.2,601.2,0,146.77,Net Banking
ORD01357,8/29/2025,CUST0995,Kavya Singh,Female,26,Chennai,PROD008,Dove Soap,Personal Care,4,58.96,235.84,0,38.46,UPI
ORD01358,2/11/2025,CUST0321,Rohan Joshi,Male,48,Ahmedabad,PROD017,Good Day Cookies,Snacks,2,50.38,100.76,0,18.74,Net Banking
ORD01359,5/22/2025,CUST0503,Priya Singh,Female,29,Delhi,PROD015,Harpic Cleaner,Home & Cleaning,5,120,600,0.1,114.57,Credit Card
ORD01360,11/14/2025,CUST0373,Neha Kapoor,Female,26,Mumbai,PROD002,Tata Salt,Groceries,8,27.64,221.12,0,29.99,Cash
ORD01361,11/6/2025,CUST0576,Manish Shah,Female,24,Mumbai,PROD005,Coca Cola,Beverages,5,49.21,246.05,0.1,54.81,Net Banking
ORD01362,4/10/2025,CUST0205,Kavya Malhotra,Female,48,Bengaluru,PROD007,Surf Excel,Home & Cleaning,2,178.98,357.96,0,73.39,Net Banking
ORD01363,1/6/2025,CUST0819,Nikhil Malhotra,Female,21,Jaipur,PROD017,Good Day Cookies,Snacks,5,49.36,246.8,0.1,33.74,Debit Card
ORD01364,8/4/2025,CUST0268,Karan Sharma,Male,34,Mumbai,PROD007,Surf Excel,Home & Cleaning,3,178.99,536.97,0,102.44,UPI
ORD01365,11/1/2025,CUST0378,Pooja Shah,Female,52,Ahmedabad,PROD015,Harpic Cleaner,Home & Cleaning,3,127.13,381.39,0.1,59.86,Cash
ORD01366,12/28/2025,CUST0777,Amit Kapoor,Male,36,Mumbai,PROD011,Colgate Toothpaste,Personal Care,2,103.6,207.2,0.1,23.67,Net Banking
ORD01367,3/5/2025,CUST0465,Riya Gupta,Male,52,Hyderabad,PROD010,Maggi Noodles,Groceries,3,15.57,46.71,0.05,10.76,UPI
ORD01368,7/12/2025,CUST0889,Simran Kapoor,Female,45,Pune,PROD011,Colgate Toothpaste,Personal Care,8,95.51,764.08,0.05,160.71,Net Banking
ORD01369,1/18/2025,CUST0027,Meera Patel,Female,42,Lucknow,PROD014,Kellogg's Corn Flakes,Groceries,6,211.96,1271.76,0.05,222.57,Debit Card
ORD01370,3/9/2025,CUST0332,Pooja Mehta,Female,39,Lucknow,PROD019,Vim Dishwash,Home & Cleaning,1,97.42,97.42,0,19.76,Cash
ORD01371,5/1/2025,CUST0066,Karan Gupta,Female,43,Delhi,PROD003,Amul Milk,Dairy,3,58.36,175.08,0.15,16.04,UPI
ORD01372,2/5/2025,CUST0773,Priya Mehta,Female,64,Kolkata,PROD012,Dettol Handwash,Personal Care,6,110.08,660.48,0.1,82.27,Cash
ORD01373,10/8/2025,CUST0411,Nikhil Reddy,Male,25,Jaipur,PROD018,Nescafe Coffee,Beverages,1,195.45,195.45,0.1,34.84,UPI
ORD01374,1/29/2025,CUST0834,Meera Kapoor,Female,63,Hyderabad,PROD007,Surf Excel,Home & Cleaning,8,175.29,1402.32,0.05,158.08,Net Banking
ORD01375,4/30/2025,CUST0025,Rohan Shah,Female,23,Mumbai,PROD002,Tata Salt,Groceries,4,28.61,114.44,0,13.42,Credit Card
ORD01376,5/29/2025,CUST0978,Meera Patel,Female,46,Kolkata,PROD005,Coca Cola,Beverages,6,44.93,269.58,0.1,20.2,Cash
ORD01377,4/28/2025,CUST0025,Rohan Shah,Female,23,Mumbai,PROD014,Kellogg's Corn Flakes,Groceries,2,200.76,401.52,0.15,29.39,Net Banking
ORD01378,9/18/2025,CUST0504,Kavya Khan,Female,46,Kolkata,PROD001,Parle-G Biscuits,Snacks,6,31.66,189.96,0.15,37.12,Credit Card
ORD01379,10/12/2025,CUST0407,Aditya Das,Female,51,Kolkata,PROD007,Surf Excel,Home & Cleaning,3,185.48,556.44,0.15,60.47,Debit Card
ORD01380,4/11/2025,CUST0524,Kavya Shah,Male,42,Bengaluru,PROD013,Britannia Bread,Dairy,3,48.39,145.17,0.15,15.25,Debit Card
ORD01381,8/17/2025,CUST0920,Priya Reddy,Male,49,Delhi,PROD009,Aashirvaad Atta,Groceries,7,241.97,1693.79,0.05,252.28,Net Banking
ORD01382,2/24/2025,CUST0991,Neha Singh,Male,30,Chennai,PROD017,Good Day Cookies,Snacks,7,49.03,343.21,0,29.89,Credit Card
ORD01383,6/5/2025,CUST0205,Kavya Malhotra,Female,48,Bengaluru,PROD019,Vim Dishwash,Home & Cleaning,5,96.74,483.7,0,111.6,Debit Card
ORD01384,1/13/2025,CUST0475,Anjali Reddy,Female,20,Mumbai,PROD002,Tata Salt,Groceries,4,28.98,115.92,0.05,12.87,Debit Card
ORD01385,7/18/2025,CUST0013,Amit Sharma,Male,36,Pune,PROD007,Surf Excel,Home & Cleaning,3,194.23,582.69,0,96.1,Debit Card
ORD01386,5/27/2025,CUST0469,Kavya Khan,Female,24,Delhi,PROD013,Britannia Bread,Dairy,3,48.97,146.91,0.1,23.18,Credit Card
ORD01387,1/6/2025,CUST0080,Isha Sharma,Female,55,Jaipur,PROD020,Head & Shoulders,Personal Care,2,281.49,562.98,0,104.31,Debit Card
ORD01388,2/19/2025,CUST0953,Manish Das,Male,20,Delhi,PROD001,Parle-G Biscuits,Snacks,5,30.5,152.5,0.15,31.55,UPI
ORD01389,8/2/2025,CUST0377,Vikram Sharma,Male,20,Chennai,PROD007,Surf Excel,Home & Cleaning,4,197.22,788.88,0.05,69.65,UPI
ORD01390,4/15/2025,CUST0305,Karan Patel,Male,49,Kolkata,PROD002,Tata Salt,Groceries,2,27.87,55.74,0.05,8.35,UPI
ORD01391,5/1/2025,CUST0942,Vikram Kapoor,Male,40,Ahmedabad,PROD001,Parle-G Biscuits,Snacks,8,29.29,234.32,0,22.18,Cash
ORD01392,12/21/2025,CUST0891,Anjali Khan,Female,46,Lucknow,PROD019,Vim Dishwash,Home & Cleaning,5,89.15,445.75,0.15,61.21,Credit Card
ORD01393,8/10/2025,CUST0221,Sneha Das,Male,45,Pune,PROD003,Amul Milk,Dairy,7,63.1,441.7,0,38.13,Cash
ORD01394,5/24/2025,CUST0423,Vikram Khan,Male,38,Chennai,PROD006,Tata Tea,Beverages,1,124.38,124.38,0,23.83,Debit Card
ORD01395,4/7/2025,CUST0737,Anjali Reddy,Female,64,Kolkata,PROD016,Thums Up,Beverages,4,42.81,171.24,0,33.24,Credit Card
ORD01396,8/11/2025,CUST0707,Pooja Kapoor,Female,38,Pune,PROD015,Harpic Cleaner,Home & Cleaning,1,137.42,137.42,0,31.4,Net Banking
ORD01397,2/15/2025,CUST0975,Rahul Mehta,Male,52,Mumbai,PROD016,Thums Up,Beverages,4,42.29,169.16,0,21.77,Net Banking
ORD01398,7/10/2025,CUST0377,Vikram Sharma,Male,20,Chennai,PROD015,Harpic Cleaner,Home & Cleaning,8,128.96,1031.68,0.05,188.14,Net Banking
ORD01399,10/25/2025,CUST0554,Sahil Gupta,Male,37,Pune,PROD005,Coca Cola,Beverages,6,47.71,286.26,0.05,40.57,Cash
ORD01400,9/11/2025,CUST0382,Aditya Khan,Male,49,Ahmedabad,PROD015,Harpic Cleaner,Home & Cleaning,6,133.14,798.84,0,174.48,Net Banking
ORD01401,6/20/2025,CUST0418,Priya Nair,Female,59,Bengaluru,PROD012,Dettol Handwash,Personal Care,7,105.93,741.51,0.05,162.31,Debit Card
ORD01402,6/25/2025,CUST0661,Pooja Verma,Female,23,Chennai,PROD015,Harpic Cleaner,Home & Cleaning,8,132.88,1063.04,0,245.83,Net Banking
ORD01403,10/21/2025,CUST0941,Arjun Verma,Male,62,Hyderabad,PROD005,Coca Cola,Beverages,6,46.4,278.4,0,62.55,Credit Card
ORD01404,9/14/2025,CUST0836,Arjun Gupta,Female,37,Jaipur,PROD007,Surf Excel,Home & Cleaning,7,173.21,1212.47,0.1,250.68,Net Banking
ORD01405,12/7/2025,CUST0043,Isha Gupta,Male,18,Pune,PROD017,Good Day Cookies,Snacks,2,51.82,103.64,0.05,23.52,Credit Card
ORD01406,7/11/2025,CUST0758,Karan Sharma,Male,27,Lucknow,PROD008,Dove Soap,Personal Care,6,56.29,337.74,0.05,65.59,Net Banking
ORD01407,12/19/2025,CUST0960,Meera Shah,Female,53,Mumbai,PROD013,Britannia Bread,Dairy,7,44.23,309.61,0.05,61.02,UPI
ORD01408,9/16/2025,CUST0232,Manish Malhotra,Female,30,Kolkata,PROD015,Harpic Cleaner,Home & Cleaning,3,134.39,403.17,0,81.34,UPI
ORD01409,7/27/2025,CUST0508,Manish Nair,Female,52,Kolkata,PROD005,Coca Cola,Beverages,2,47.44,94.88,0.05,10.92,Debit Card
ORD01410,1/16/2025,CUST0846,Isha Nair,Female,60,Chennai,PROD007,Surf Excel,Home & Cleaning,2,196.69,393.38,0,33.04,Debit Card
ORD01411,8/20/2025,CUST0124,Aditya Reddy,Male,54,Kolkata,PROD007,Surf Excel,Home & Cleaning,3,193.35,580.05,0,53.01,UPI
ORD01412,7/18/2025,CUST0433,Riya Iyer,Female,36,Jaipur,PROD012,Dettol Handwash,Personal Care,7,104.67,732.69,0.15,81.61,Debit Card
ORD01413,10/31/2025,CUST0214,Aditya Nair,Male,49,Mumbai,PROD010,Maggi Noodles,Groceries,7,15.64,109.48,0.1,18.52,UPI
ORD01414,12/25/2025,CUST0696,Arjun Shah,Male,34,Lucknow,PROD016,Thums Up,Beverages,1,41,41,0.05,3.32,Cash
ORD01415,6/29/2025,CUST0882,Vikram Khan,Female,36,Delhi,PROD013,Britannia Bread,Dairy,2,45.6,91.2,0.15,14.38,Cash
ORD01416,10/6/2025,CUST0028,Manish Shah,Female,53,Mumbai,PROD013,Britannia Bread,Dairy,1,49.25,49.25,0,7.92,UPI
ORD01417,8/29/2025,CUST0085,Anjali Reddy,Female,19,Delhi,PROD008,Dove Soap,Personal Care,2,56,112,0.05,12.88,UPI
ORD01418,12/17/2025,CUST0331,Manish Joshi,Male,41,Chennai,PROD010,Maggi Noodles,Groceries,8,14.74,117.92,0.1,10.2,Credit Card
ORD01419,12/23/2025,CUST0608,Karan Joshi,Male,51,Ahmedabad,PROD001,Parle-G Biscuits,Snacks,8,28.81,230.48,0,36.59,Net Banking
ORD01420,9/9/2025,CUST0398,Vikram Iyer,Female,62,Ahmedabad,PROD018,Nescafe Coffee,Beverages,1,187.72,187.72,0,37.3,Credit Card
ORD01421,6/19/2025,CUST0924,Priya Reddy,Male,46,Ahmedabad,PROD015,Harpic Cleaner,Home & Cleaning,5,134.75,673.75,0,87.15,Cash
ORD01422,7/18/2025,CUST0113,Nikhil Joshi,Male,53,Bengaluru,PROD005,Coca Cola,Beverages,2,44.09,88.18,0.1,9.71,Credit Card
ORD01423,12/16/2025,CUST0792,Aditya Khan,Male,46,Mumbai,PROD013,Britannia Bread,Dairy,1,44.79,44.79,0,6.17,Net Banking
ORD01424,3/13/2025,CUST0866,Neha Mehta,Female,28,Pune,PROD016,Thums Up,Beverages,4,42.28,169.12,0,16.45,Credit Card
ORD01425,8/9/2025,CUST0759,Rohan Kapoor,Male,51,Chennai,PROD020,Head & Shoulders,Personal Care,1,264.09,264.09,0.05,53.95,UPI
ORD01426,1/18/2025,CUST0726,Neha Patel,Male,61,Hyderabad,PROD017,Good Day Cookies,Snacks,6,52.26,313.56,0,47.4,Debit Card
ORD01427,12/7/2025,CUST0447,Pooja Joshi,Male,41,Chennai,PROD018,Nescafe Coffee,Beverages,7,182.41,1276.87,0,159.19,Debit Card
ORD01428,3/24/2025,CUST0487,Priya Nair,Male,47,Hyderabad,PROD013,Britannia Bread,Dairy,4,48.87,195.48,0,19.66,UPI
ORD01429,5/15/2025,CUST0585,Meera Iyer,Male,47,Pune,PROD006,Tata Tea,Beverages,4,122.03,488.12,0.15,59.52,Cash
ORD01430,3/17/2025,CUST0069,Vikram Shah,Female,26,Chennai,PROD006,Tata Tea,Beverages,7,116.09,812.63,0,97.09,Debit Card
ORD01431,2/27/2025,CUST0137,Vikram Malhotra,Male,57,Delhi,PROD013,Britannia Bread,Dairy,1,45.26,45.26,0.15,8.23,Net Banking
ORD01432,5/5/2025,CUST0682,Rohan Mehta,Female,41,Jaipur,PROD009,Aashirvaad Atta,Groceries,1,248.88,248.88,0,33.43,Cash
ORD01433,2/20/2025,CUST0821,Aditya Verma,Male,29,Bengaluru,PROD007,Surf Excel,Home & Cleaning,4,188.93,755.72,0.1,109.77,Credit Card
ORD01434,3/16/2025,CUST0398,Vikram Iyer,Female,62,Ahmedabad,PROD018,Nescafe Coffee,Beverages,2,184.66,369.32,0,83.4,UPI
ORD01435,7/31/2025,CUST0490,Riya Verma,Female,65,Lucknow,PROD017,Good Day Cookies,Snacks,2,51.75,103.5,0,19.31,Debit Card
ORD01436,6/14/2025,CUST0961,Neha Nair,Female,46,Bengaluru,PROD008,Dove Soap,Personal Care,5,55.6,278,0.1,21.84,Cash
ORD01437,4/26/2025,CUST0029,Neha Nair,Female,59,Chennai,PROD007,Surf Excel,Home & Cleaning,6,181.55,1089.3,0.15,205.72,Credit Card
ORD01438,9/24/2025,CUST0491,Simran Mehta,Female,52,Bengaluru,PROD020,Head & Shoulders,Personal Care,7,272.2,1905.4,0,230.61,Debit Card
ORD01439,2/13/2025,CUST0510,Arjun Gupta,Male,20,Kolkata,PROD003,Amul Milk,Dairy,7,62.4,436.8,0.1,35.88,Credit Card
ORD01440,6/24/2025,CUST0792,Aditya Khan,Male,46,Mumbai,PROD002,Tata Salt,Groceries,6,27.77,166.62,0.05,25.16,Debit Card
ORD01441,7/17/2025,CUST0857,Anjali Kapoor,Male,49,Chennai,PROD018,Nescafe Coffee,Beverages,6,206.7,1240.2,0.1,186.34,Net Banking
ORD01442,6/25/2025,CUST0712,Kavya Sharma,Male,52,Chennai,PROD018,Nescafe Coffee,Beverages,3,193.88,581.64,0,114.9,Net Banking
ORD01443,5/28/2025,CUST0530,Pooja Reddy,Male,31,Bengaluru,PROD020,Head & Shoulders,Personal Care,2,256.81,513.62,0.05,116.52,Net Banking
ORD01444,10/17/2025,CUST0526,Manish Malhotra,Female,23,Jaipur,PROD008,Dove Soap,Personal Care,6,59.9,359.4,0.05,79.97,Credit Card
ORD01445,5/23/2025,CUST0357,Sneha Mehta,Male,41,Bengaluru,PROD010,Maggi Noodles,Groceries,4,16.11,64.44,0.15,10.68,Debit Card
ORD01446,12/19/2025,CUST0613,Isha Verma,Female,53,Kolkata,PROD014,Kellogg's Corn Flakes,Groceries,4,223.7,894.8,0,193.62,Debit Card
ORD01447,3/30/2025,CUST0195,Manish Patel,Female,34,Chennai,PROD012,Dettol Handwash,Personal Care,6,107.87,647.22,0.1,104.21,UPI
ORD01448,11/28/2025,CUST0742,Riya Mehta,Female,21,Pune,PROD010,Maggi Noodles,Groceries,4,14.71,58.84,0.05,6.21,Cash
ORD01449,8/24/2025,CUST0384,Amit Mehta,Male,52,Hyderabad,PROD008,Dove Soap,Personal Care,7,56.25,393.75,0.05,89.22,Net Banking
ORD01450,7/12/2025,CUST0350,Aditya Shah,Female,28,Bengaluru,PROD005,Coca Cola,Beverages,5,46.84,234.2,0.05,22.51,Net Banking
ORD01451,8/21/2025,CUST0403,Simran Shah,Male,25,Bengaluru,PROD001,Parle-G Biscuits,Snacks,2,29.35,58.7,0.05,13.26,Net Banking
ORD01452,11/18/2025,CUST0598,Aditya Patel,Female,56,Ahmedabad,PROD009,Aashirvaad Atta,Groceries,7,244.97,1714.79,0,423.33,Cash
ORD01453,4/3/2025,CUST0610,Karan Patel,Female,20,Pune,PROD004,Lay's Chips,Snacks,8,35.55,284.4,0.05,27.1,UPI
ORD01454,10/2/2025,CUST0371,Priya Nair,Female,41,Hyderabad,PROD002,Tata Salt,Groceries,1,30.16,30.16,0.05,2.82,Debit Card
ORD01455,2/27/2025,CUST0131,Rahul Patel,Female,26,Ahmedabad,PROD004,Lay's Chips,Snacks,7,34.33,240.31,0.15,18.42,Debit Card
ORD01456,11/6/2025,CUST0640,Sneha Singh,Male,46,Hyderabad,PROD009,Aashirvaad Atta,Groceries,5,253.62,1268.1,0,148.97,Net Banking
ORD01457,10/27/2025,CUST0770,Amit Malhotra,Female,46,Mumbai,PROD009,Aashirvaad Atta,Groceries,6,269.03,1614.18,0,135.43,Debit Card
ORD01458,11/12/2025,CUST0781,Meera Reddy,Female,63,Mumbai,PROD008,Dove Soap,Personal Care,3,58.9,176.7,0.1,18.21,UPI
ORD01459,5/19/2025,CUST0978,Meera Patel,Female,46,Kolkata,PROD006,Tata Tea,Beverages,2,124.28,248.56,0.15,52.05,Cash
ORD01460,11/9/2025,CUST0128,Karan Nair,Female,64,Delhi,PROD004,Lay's Chips,Snacks,4,37.69,150.76,0,18.26,Credit Card
ORD01461,6/7/2025,CUST0914,Vikram Nair,Female,39,Chennai,PROD006,Tata Tea,Beverages,4,119.03,476.12,0,57.42,Cash
ORD01462,2/11/2025,CUST0594,Rahul Das,Female,63,Bengaluru,PROD020,Head & Shoulders,Personal Care,7,264.4,1850.8,0,179.64,Cash
ORD01463,7/14/2025,CUST0730,Rahul Mehta,Female,53,Jaipur,PROD015,Harpic Cleaner,Home & Cleaning,8,121.57,972.56,0.1,196.59,UPI
ORD01464,9/26/2025,CUST0555,Priya Patel,Female,42,Kolkata,PROD009,Aashirvaad Atta,Groceries,4,270.57,1082.28,0.1,150.23,Debit Card
ORD01465,11/7/2025,CUST0330,Nikhil Nair,Male,20,Bengaluru,PROD001,Parle-G Biscuits,Snacks,8,30.78,246.24,0.1,49.31,Credit Card
ORD01466,7/26/2025,CUST0382,Aditya Khan,Male,49,Ahmedabad,PROD005,Coca Cola,Beverages,2,46.81,93.62,0.1,9.15,Credit Card
ORD01467,4/29/2025,CUST0224,Simran Khan,Female,27,Bengaluru,PROD011,Colgate Toothpaste,Personal Care,6,96.02,576.12,0,116.11,Cash
ORD01468,12/24/2025,CUST0615,Anjali Nair,Female,43,Mumbai,PROD016,Thums Up,Beverages,1,42.12,42.12,0.15,4.35,UPI
ORD01469,9/9/2025,CUST0464,Simran Reddy,Female,59,Hyderabad,PROD001,Parle-G Biscuits,Snacks,7,31.07,217.49,0.05,29.91,Cash
ORD01470,5/18/2025,CUST0742,Riya Mehta,Female,21,Pune,PROD015,Harpic Cleaner,Home & Cleaning,7,120.43,843.01,0.05,111.48,Debit Card
ORD01471,11/27/2025,CUST0934,Meera Das,Female,61,Chennai,PROD009,Aashirvaad Atta,Groceries,8,243.43,1947.44,0,438.41,Net Banking
ORD01472,4/28/2025,CUST0614,Manish Gupta,Female,58,Delhi,PROD017,Good Day Cookies,Snacks,4,53.84,215.36,0.1,27.52,UPI
ORD01473,2/10/2025,CUST0725,Vikram Joshi,Female,47,Hyderabad,PROD006,Tata Tea,Beverages,2,125.08,250.16,0.15,18.82,Net Banking
ORD01474,5/23/2025,CUST0955,Pooja Joshi,Female,22,Chennai,PROD009,Aashirvaad Atta,Groceries,8,243.09,1944.72,0,439.4,Credit Card
ORD01475,2/17/2025,CUST0235,Rahul Malhotra,Female,35,Mumbai,PROD014,Kellogg's Corn Flakes,Groceries,5,204.75,1023.75,0,122.24,Net Banking
ORD01476,3/27/2025,CUST0054,Neha Sharma,Male,23,Bengaluru,PROD019,Vim Dishwash,Home & Cleaning,3,89.39,268.17,0.1,57.96,Credit Card
ORD01477,4/2/2025,CUST0018,Anjali Joshi,Female,35,Jaipur,PROD007,Surf Excel,Home & Cleaning,2,172.82,345.64,0,43.46,Net Banking
ORD01478,4/6/2025,CUST0128,Karan Nair,Female,64,Delhi,PROD015,Harpic Cleaner,Home & Cleaning,6,132.31,793.86,0,135.53,Credit Card
ORD01479,1/11/2025,CUST0806,Sahil Shah,Female,25,Kolkata,PROD001,Parle-G Biscuits,Snacks,6,32.35,194.1,0.05,30.84,Net Banking
ORD01480,3/9/2025,CUST0517,Rohan Nair,Male,44,Hyderabad,PROD002,Tata Salt,Groceries,7,27.17,190.19,0,30.38,Credit Card
ORD01481,8/21/2025,CUST0883,Priya Shah,Female,31,Ahmedabad,PROD020,Head & Shoulders,Personal Care,6,269.38,1616.28,0.05,243.54,Credit Card
ORD01482,2/4/2025,CUST0728,Amit Das,Male,40,Kolkata,PROD004,Lay's Chips,Snacks,4,34.1,136.4,0.15,24.15,Cash
ORD01483,7/22/2025,CUST0140,Simran Verma,Male,28,Hyderabad,PROD001,Parle-G Biscuits,Snacks,5,30.57,152.85,0.1,26.85,Net Banking
ORD01484,11/7/2025,CUST0555,Priya Patel,Female,42,Kolkata,PROD013,Britannia Bread,Dairy,8,49.24,393.92,0.15,46.93,Net Banking
ORD01485,9/13/2025,CUST0736,Karan Patel,Male,47,Mumbai,PROD013,Britannia Bread,Dairy,5,46.28,231.4,0.1,22.57,Credit Card
ORD01486,3/1/2025,CUST0825,Neha Nair,Male,33,Chennai,PROD002,Tata Salt,Groceries,4,26.91,107.64,0.05,22.82,Net Banking
ORD01487,9/7/2025,CUST0926,Nikhil Das,Male,53,Kolkata,PROD014,Kellogg's Corn Flakes,Groceries,7,211.34,1479.38,0.05,118.14,Credit Card
ORD01488,10/30/2025,CUST0769,Amit Gupta,Female,38,Delhi,PROD001,Parle-G Biscuits,Snacks,4,30.46,121.84,0,19.07,Credit Card
ORD01489,8/13/2025,CUST0665,Rahul Gupta,Female,22,Delhi,PROD010,Maggi Noodles,Groceries,7,14.8,103.6,0,24.15,Debit Card
ORD01490,8/26/2025,CUST0499,Priya Shah,Female,61,Hyderabad,PROD013,Britannia Bread,Dairy,8,47.56,380.48,0.05,83.14,Credit Card
ORD01491,1/28/2025,CUST0426,Neha Singh,Female,33,Delhi,PROD002,Tata Salt,Groceries,4,30.58,122.32,0,15.93,Debit Card
ORD01492,9/20/2025,CUST0477,Manish Nair,Female,26,Jaipur,PROD013,Britannia Bread,Dairy,7,43.28,302.96,0.05,40.38,Net Banking
ORD01493,9/17/2025,CUST0489,Pooja Khan,Male,32,Delhi,PROD002,Tata Salt,Groceries,8,26.88,215.04,0.05,23.06,Credit Card
ORD01494,1/13/2025,CUST0012,Pooja Malhotra,Female,54,Bengaluru,PROD004,Lay's Chips,Snacks,3,37.16,111.48,0.15,11.92,Net Banking
ORD01495,11/10/2025,CUST0224,Simran Khan,Female,27,Bengaluru,PROD017,Good Day Cookies,Snacks,6,47.68,286.08,0.1,35.22,Cash
ORD01496,10/27/2025,CUST0356,Kavya Sharma,Female,50,Chennai,PROD020,Head & Shoulders,Personal Care,6,258.11,1548.66,0,334.83,UPI
ORD01497,10/8/2025,CUST0905,Nikhil Malhotra,Female,49,Delhi,PROD015,Harpic Cleaner,Home & Cleaning,8,126.88,1015.04,0.15,74.33,Net Banking
ORD01498,8/14/2025,CUST0519,Isha Joshi,Male,40,Kolkata,PROD003,Amul Milk,Dairy,3,65.4,196.2,0.1,24.04,Debit Card
ORD01499,4/23/2025,CUST0148,Kavya Verma,Female,57,Jaipur,PROD005,Coca Cola,Beverages,4,43.38,173.52,0.1,19.81,UPI
ORD01500,4/10/2025,CUST0046,Vikram Shah,Male,64,Lucknow,PROD010,Maggi Noodles,Groceries,1,16.4,16.4,0,2.48,Cash
ORD01501,4/18/2025,CUST0819,Nikhil Malhotra,Female,21,Jaipur,PROD005,Coca Cola,Beverages,7,46.44,325.08,0.05,76.7,UPI
ORD01502,4/23/2025,CUST0068,Manish Iyer,Male,22,Jaipur,PROD006,Tata Tea,Beverages,1,118.78,118.78,0.1,22.85,Cash
ORD01503,6/25/2025,CUST0938,Pooja Reddy,Female,18,Jaipur,PROD006,Tata Tea,Beverages,8,116.06,928.48,0.1,182.16,Net Banking
ORD01504,10/8/2025,CUST0746,Nikhil Khan,Female,35,Delhi,PROD012,Dettol Handwash,Personal Care,8,120.27,962.16,0.05,162.79,Debit Card
ORD01505,5/23/2025,CUST0647,Rohan Kapoor,Female,21,Hyderabad,PROD011,Colgate Toothpaste,Personal Care,3,99.77,299.31,0.15,42.85,Net Banking
ORD01506,6/18/2025,CUST0797,Kavya Shah,Female,54,Bengaluru,PROD008,Dove Soap,Personal Care,4,58.97,235.88,0.1,34.43,Net Banking
ORD01507,5/12/2025,CUST0308,Priya Mehta,Male,47,Pune,PROD016,Thums Up,Beverages,7,38.31,268.17,0.15,29.87,UPI
ORD01508,5/8/2025,CUST0844,Kavya Mehta,Female,65,Mumbai,PROD005,Coca Cola,Beverages,4,48.45,193.8,0,44.52,Cash
ORD01509,7/24/2025,CUST0927,Sahil Joshi,Male,62,Lucknow,PROD005,Coca Cola,Beverages,2,47.46,94.92,0.15,11.43,Cash
ORD01510,12/6/2025,CUST0581,Anjali Verma,Female,37,Hyderabad,PROD011,Colgate Toothpaste,Personal Care,5,91.41,457.05,0,84.97,UPI
ORD01511,8/31/2025,CUST0794,Arjun Iyer,Male,27,Pune,PROD011,Colgate Toothpaste,Personal Care,1,96.46,96.46,0.1,9.22,UPI
ORD01512,9/9/2025,CUST0342,Rohan Verma,Male,36,Pune,PROD012,Dettol Handwash,Personal Care,2,109.58,219.16,0.1,45.26,Cash
ORD01513,11/9/2025,CUST0603,Neha Singh,Male,50,Jaipur,PROD007,Surf Excel,Home & Cleaning,7,182.61,1278.27,0,164.51,Credit Card
ORD01514,2/12/2025,CUST0345,Anjali Malhotra,Male,64,Ahmedabad,PROD006,Tata Tea,Beverages,6,124.68,748.08,0,72.65,UPI
ORD01515,12/24/2025,CUST0154,Karan Singh,Female,53,Mumbai,PROD018,Nescafe Coffee,Beverages,7,194.54,1361.78,0,325.25,Credit Card
ORD01516,7/7/2025,CUST0053,Manish Gupta,Male,46,Jaipur,PROD001,Parle-G Biscuits,Snacks,8,29.3,234.4,0,30.36,Debit Card
ORD01517,1/20/2025,CUST0683,Anjali Kapoor,Female,22,Mumbai,PROD019,Vim Dishwash,Home & Cleaning,2,86.05,172.1,0.05,22.26,Net Banking
ORD01518,7/20/2025,CUST0085,Anjali Reddy,Female,19,Delhi,PROD002,Tata Salt,Groceries,1,30.05,30.05,0,6.44,Cash
ORD01519,11/10/2025,CUST0111,Riya Mehta,Male,27,Mumbai,PROD009,Aashirvaad Atta,Groceries,5,260.58,1302.9,0.15,102.09,Debit Card
ORD01520,12/25/2025,CUST0142,Aditya Mehta,Male,22,Lucknow,PROD003,Amul Milk,Dairy,8,62.46,499.68,0.05,50.68,Net Banking
ORD01521,6/23/2025,CUST0099,Neha Das,Female,50,Hyderabad,PROD016,Thums Up,Beverages,4,42.13,168.52,0,24.75,Credit Card
ORD01522,12/1/2025,CUST0712,Kavya Sharma,Male,52,Chennai,PROD016,Thums Up,Beverages,8,40.15,321.2,0.15,36.06,Cash
ORD01523,3/18/2025,CUST0429,Karan Gupta,Male,49,Jaipur,PROD008,Dove Soap,Personal Care,5,57.75,288.75,0,34.91,Credit Card
ORD01524,8/18/2025,CUST0038,Rohan Verma,Female,53,Delhi,PROD003,Amul Milk,Dairy,1,62.29,62.29,0,6.55,Credit Card
ORD01525,9/4/2025,CUST0153,Anjali Joshi,Male,40,Hyderabad,PROD003,Amul Milk,Dairy,5,63.93,319.65,0.05,54.2,Cash
ORD01526,12/2/2025,CUST0420,Pooja Nair,Female,48,Bengaluru,PROD004,Lay's Chips,Snacks,5,38.17,190.85,0,44.32,UPI
ORD01527,5/10/2025,CUST0373,Neha Kapoor,Female,26,Mumbai,PROD006,Tata Tea,Beverages,7,117.45,822.15,0,72.61,Cash
ORD01528,6/15/2025,CUST0192,Simran Mehta,Female,38,Pune,PROD016,Thums Up,Beverages,8,41.95,335.6,0.1,64.4,Cash
ORD01529,4/5/2025,CUST0137,Vikram Malhotra,Male,57,Delhi,PROD011,Colgate Toothpaste,Personal Care,7,99.63,697.41,0.15,134.91,UPI
ORD01530,6/21/2025,CUST0891,Anjali Khan,Female,46,Lucknow,PROD006,Tata Tea,Beverages,5,121.48,607.4,0.1,125.1,Credit Card
ORD01531,4/14/2025,CUST0044,Priya Gupta,Male,20,Chennai,PROD005,Coca Cola,Beverages,4,46.21,184.84,0.1,40.37,Credit Card
ORD01532,7/10/2025,CUST0428,Kavya Gupta,Male,38,Lucknow,PROD002,Tata Salt,Groceries,1,29.25,29.25,0.05,6,Debit Card
ORD01533,3/17/2025,CUST0003,Amit Iyer,Female,20,Mumbai,PROD004,Lay's Chips,Snacks,8,37.3,298.4,0.15,28.99,Debit Card
ORD01534,11/10/2025,CUST0697,Amit Joshi,Female,50,Chennai,PROD017,Good Day Cookies,Snacks,5,51.48,257.4,0.15,54.46,Net Banking
ORD01535,10/3/2025,CUST0202,Pooja Shah,Male,53,Kolkata,PROD014,Kellogg's Corn Flakes,Groceries,1,213.83,213.83,0.15,31.45,Cash
ORD01536,2/2/2025,CUST0046,Vikram Shah,Male,64,Lucknow,PROD010,Maggi Noodles,Groceries,6,14.29,85.74,0.15,13.6,Cash
ORD01537,6/11/2025,CUST0850,Amit Gupta,Female,32,Hyderabad,PROD014,Kellogg's Corn Flakes,Groceries,8,228.29,1826.32,0.15,275.12,Net Banking
ORD01538,12/9/2025,CUST0229,Manish Reddy,Female,61,Jaipur,PROD015,Harpic Cleaner,Home & Cleaning,5,124.38,621.9,0,136.1,Net Banking
ORD01539,8/19/2025,CUST0261,Manish Patel,Male,59,Lucknow,PROD013,Britannia Bread,Dairy,5,42.78,213.9,0,18.59,Credit Card
ORD01540,5/21/2025,CUST0407,Aditya Das,Female,51,Kolkata,PROD001,Parle-G Biscuits,Snacks,7,28.71,200.97,0,43.49,Net Banking
ORD01541,12/6/2025,CUST0834,Meera Kapoor,Female,63,Hyderabad,PROD018,Nescafe Coffee,Beverages,7,180.97,1266.79,0.05,253.58,UPI
ORD01542,3/1/2025,CUST0509,Sneha Gupta,Female,40,Delhi,PROD019,Vim Dishwash,Home & Cleaning,4,92.71,370.84,0.15,40.63,Credit Card
ORD01543,8/8/2025,CUST0948,Sahil Shah,Male,64,Bengaluru,PROD013,Britannia Bread,Dairy,6,43.95,263.7,0,21.73,UPI
ORD01544,5/13/2025,CUST0337,Aditya Verma,Male,37,Jaipur,PROD008,Dove Soap,Personal Care,8,52.42,419.36,0,99.93,Credit Card
ORD01545,3/25/2025,CUST0674,Neha Verma,Male,55,Kolkata,PROD010,Maggi Noodles,Groceries,5,15.19,75.95,0.1,7.84,Debit Card
ORD01546,2/9/2025,CUST0100,Kavya Khan,Female,62,Hyderabad,PROD010,Maggi Noodles,Groceries,5,16.5,82.5,0.15,13.23,Credit Card
ORD01547,5/19/2025,CUST0895,Kavya Nair,Male,25,Delhi,PROD004,Lay's Chips,Snacks,1,38.26,38.26,0,8.13,Credit Card
ORD01548,3/4/2025,CUST0117,Manish Singh,Male,58,Hyderabad,PROD015,Harpic Cleaner,Home & Cleaning,6,121.03,726.18,0.15,98.21,Cash
ORD01549,6/30/2025,CUST0685,Priya Reddy,Male,43,Jaipur,PROD020,Head & Shoulders,Personal Care,5,277.63,1388.15,0.05,282.38,Credit Card
ORD01550,2/14/2025,CUST0398,Vikram Iyer,Female,62,Ahmedabad,PROD007,Surf Excel,Home & Cleaning,5,190.58,952.9,0.15,175.55,UPI
ORD01551,11/20/2025,CUST0167,Riya Patel,Male,54,Hyderabad,PROD005,Coca Cola,Beverages,6,43.83,262.98,0.15,25.26,Debit Card
ORD01552,9/20/2025,CUST0031,Rahul Das,Female,50,Delhi,PROD011,Colgate Toothpaste,Personal Care,7,101.55,710.85,0.1,62.45,Cash
ORD01553,12/24/2025,CUST0218,Arjun Khan,Female,59,Pune,PROD006,Tata Tea,Beverages,4,125.18,500.72,0.1,95.31,UPI
ORD01554,11/25/2025,CUST1000,Rahul Malhotra,Male,55,Lucknow,PROD008,Dove Soap,Personal Care,8,56.85,454.8,0.1,59.69,Debit Card
ORD01555,1/9/2025,CUST0204,Rohan Joshi,Female,50,Hyderabad,PROD002,Tata Salt,Groceries,1,28.5,28.5,0,5.05,Debit Card
ORD01556,8/26/2025,CUST0665,Rahul Gupta,Female,22,Delhi,PROD011,Colgate Toothpaste,Personal Care,7,100.93,706.51,0,172.97,UPI
ORD01557,10/10/2025,CUST0138,Sneha Verma,Female,60,Pune,PROD004,Lay's Chips,Snacks,2,36.36,72.72,0.1,10.74,Debit Card
ORD01558,10/2/2025,CUST0123,Manish Mehta,Male,31,Kolkata,PROD020,Head & Shoulders,Personal Care,1,277.66,277.66,0.05,32.13,Cash
ORD01559,3/12/2025,CUST0301,Neha Khan,Female,25,Hyderabad,PROD002,Tata Salt,Groceries,2,26.83,53.66,0.05,9.84,Debit Card
ORD01560,9/29/2025,CUST0836,Arjun Gupta,Female,37,Jaipur,PROD013,Britannia Bread,Dairy,3,44.64,133.92,0.1,29.75,Debit Card
ORD01561,5/26/2025,CUST0077,Arjun Sharma,Male,39,Delhi,PROD016,Thums Up,Beverages,5,42.43,212.15,0.1,16.01,Debit Card
ORD01562,2/21/2025,CUST0190,Manish Reddy,Female,29,Lucknow,PROD003,Amul Milk,Dairy,3,65.38,196.14,0.15,30.33,Debit Card
ORD01563,4/4/2025,CUST0117,Manish Singh,Male,58,Hyderabad,PROD004,Lay's Chips,Snacks,5,37.28,186.4,0.05,40.91,Net Banking
ORD01564,10/9/2025,CUST0218,Arjun Khan,Female,59,Pune,PROD019,Vim Dishwash,Home & Cleaning,2,88.63,177.26,0.05,22.39,Net Banking
ORD01565,7/26/2025,CUST0935,Rohan Das,Male,50,Jaipur,PROD003,Amul Milk,Dairy,5,65.16,325.8,0.05,30.05,UPI
ORD01566,3/12/2025,CUST0320,Sahil Joshi,Female,58,Chennai,PROD014,Kellogg's Corn Flakes,Groceries,2,220.22,440.44,0.05,86.19,UPI
ORD01567,7/4/2025,CUST0097,Isha Nair,Male,41,Kolkata,PROD019,Vim Dishwash,Home & Cleaning,1,86.94,86.94,0.1,6.83,Cash
ORD01568,5/7/2025,CUST0555,Priya Patel,Female,42,Kolkata,PROD004,Lay's Chips,Snacks,5,34.08,170.4,0.15,33.63,UPI
ORD01569,2/23/2025,CUST0343,Nikhil Kapoor,Male,60,Chennai,PROD006,Tata Tea,Beverages,3,125.67,377.01,0.15,63.81,UPI
ORD01570,7/28/2025,CUST0482,Karan Patel,Female,60,Pune,PROD007,Surf Excel,Home & Cleaning,3,175.57,526.71,0.15,53.98,UPI
ORD01571,5/2/2025,CUST0698,Priya Joshi,Male,41,Delhi,PROD017,Good Day Cookies,Snacks,5,51.83,259.15,0,42.44,UPI
ORD01572,3/11/2025,CUST0441,Meera Shah,Female,50,Mumbai,PROD007,Surf Excel,Home & Cleaning,7,176.2,1233.4,0.15,136.04,Cash
ORD01573,11/12/2025,CUST0998,Amit Malhotra,Female,26,Jaipur,PROD019,Vim Dishwash,Home & Cleaning,7,97.8,684.6,0.05,81.81,UPI
ORD01574,2/28/2025,CUST0724,Karan Mehta,Male,52,Chennai,PROD014,Kellogg's Corn Flakes,Groceries,5,219.92,1099.6,0.1,79.42,Cash
ORD01575,11/25/2025,CUST0605,Aditya Joshi,Male,40,Mumbai,PROD007,Surf Excel,Home & Cleaning,5,189.67,948.35,0.15,89.75,Net Banking
ORD01576,1/24/2025,CUST0123,Manish Mehta,Male,31,Kolkata,PROD008,Dove Soap,Personal Care,3,58.12,174.36,0,43.54,UPI
ORD01577,10/22/2025,CUST0701,Sneha Sharma,Female,41,Kolkata,PROD013,Britannia Bread,Dairy,3,49.27,147.81,0.05,34.14,UPI
ORD01578,6/24/2025,CUST0668,Riya Patel,Male,42,Pune,PROD007,Surf Excel,Home & Cleaning,2,193.41,386.82,0,58.13,Credit Card
ORD01579,6/16/2025,CUST0458,Arjun Iyer,Female,30,Bengaluru,PROD005,Coca Cola,Beverages,3,47.64,142.92,0,32.54,Cash
ORD01580,3/16/2025,CUST0388,Meera Mehta,Female,58,Mumbai,PROD017,Good Day Cookies,Snacks,5,50.83,254.15,0,57.39,Credit Card
ORD01581,5/21/2025,CUST0399,Vikram Patel,Male,22,Ahmedabad,PROD012,Dettol Handwash,Personal Care,4,118.85,475.4,0,77.63,Cash
ORD01582,1/31/2025,CUST0051,Neha Gupta,Male,30,Jaipur,PROD009,Aashirvaad Atta,Groceries,1,253.75,253.75,0,22.95,Cash
ORD01583,5/24/2025,CUST0537,Sneha Das,Male,19,Hyderabad,PROD010,Maggi Noodles,Groceries,4,15.18,60.72,0.05,5.99,Credit Card
ORD01584,8/21/2025,CUST0437,Vikram Khan,Female,22,Kolkata,PROD001,Parle-G Biscuits,Snacks,8,32.04,256.32,0.15,19.85,Debit Card
ORD01585,7/19/2025,CUST0311,Karan Verma,Female,62,Chennai,PROD008,Dove Soap,Personal Care,8,53.91,431.28,0.05,91.25,Debit Card
ORD01586,5/1/2025,CUST0165,Rahul Das,Male,35,Mumbai,PROD016,Thums Up,Beverages,4,40.63,162.52,0,13.48,Cash
ORD01587,12/20/2025,CUST0394,Sahil Verma,Female,43,Chennai,PROD008,Dove Soap,Personal Care,3,53.16,159.48,0.05,25.57,UPI
ORD01588,2/24/2025,CUST0279,Vikram Mehta,Female,32,Kolkata,PROD017,Good Day Cookies,Snacks,5,53.1,265.5,0,24.08,Credit Card
ORD01589,10/22/2025,CUST0921,Kavya Patel,Female,57,Bengaluru,PROD010,Maggi Noodles,Groceries,5,16.07,80.35,0.15,15.4,Net Banking
ORD01590,1/11/2025,CUST0944,Aditya Gupta,Female,62,Mumbai,PROD006,Tata Tea,Beverages,8,131.59,1052.72,0,110.9,Debit Card
ORD01591,4/6/2025,CUST0787,Simran Sharma,Female,23,Hyderabad,PROD018,Nescafe Coffee,Beverages,7,196.69,1376.83,0,222.73,UPI
ORD01592,11/18/2025,CUST0751,Aditya Khan,Male,29,Bengaluru,PROD010,Maggi Noodles,Groceries,7,14.82,103.74,0.05,17.71,Cash
ORD01593,5/6/2025,CUST0686,Pooja Nair,Female,45,Kolkata,PROD020,Head & Shoulders,Personal Care,6,250.75,1504.5,0.1,252.1,Debit Card
ORD01594,9/10/2025,CUST0047,Sahil Joshi,Male,48,Kolkata,PROD011,Colgate Toothpaste,Personal Care,6,96.97,581.82,0,99.21,Credit Card
ORD01595,3/12/2025,CUST0442,Priya Sharma,Male,63,Chennai,PROD018,Nescafe Coffee,Beverages,1,200.16,200.16,0,35.24,Credit Card
ORD01596,2/7/2025,CUST0421,Aditya Singh,Female,22,Mumbai,PROD002,Tata Salt,Groceries,4,28.56,114.24,0.15,24.21,UPI
ORD01597,4/22/2025,CUST0698,Priya Joshi,Male,41,Delhi,PROD018,Nescafe Coffee,Beverages,8,200.98,1607.84,0,330.35,Debit Card
ORD01598,5/24/2025,CUST0100,Kavya Khan,Female,62,Hyderabad,PROD002,Tata Salt,Groceries,5,26.65,133.25,0.15,16.94,Net Banking
ORD01599,2/17/2025,CUST0912,Kavya Sharma,Male,23,Lucknow,PROD015,Harpic Cleaner,Home & Cleaning,4,120.5,482,0,88.69,Debit Card
ORD01600,12/3/2025,CUST0811,Arjun Mehta,Male,57,Lucknow,PROD020,Head & Shoulders,Personal Care,4,248.72,994.88,0.05,162.55,UPI
ORD01601,9/15/2025,CUST0949,Pooja Joshi,Male,61,Pune,PROD016,Thums Up,Beverages,4,42.77,171.08,0.05,15.77,Net Banking
ORD01602,8/20/2025,CUST0235,Rahul Malhotra,Female,35,Mumbai,PROD019,Vim Dishwash,Home & Cleaning,5,85.5,427.5,0.05,97.02,Net Banking
ORD01603,5/21/2025,CUST0713,Rahul Khan,Male,60,Kolkata,PROD006,Tata Tea,Beverages,1,127.3,127.3,0.15,9.05,Credit Card
ORD01604,4/18/2025,CUST0177,Anjali Shah,Male,28,Mumbai,PROD006,Tata Tea,Beverages,4,127.27,509.08,0,57.68,Credit Card
ORD01605,3/10/2025,CUST0136,Amit Kapoor,Male,19,Bengaluru,PROD010,Maggi Noodles,Groceries,8,14.39,115.12,0.1,12.26,UPI
ORD01606,8/10/2025,CUST0121,Sneha Mehta,Male,63,Bengaluru,PROD007,Surf Excel,Home & Cleaning,6,187.93,1127.58,0.05,237.71,Credit Card
ORD01607,1/18/2025,CUST0705,Neha Shah,Male,29,Bengaluru,PROD003,Amul Milk,Dairy,3,61.26,183.78,0,20.06,Net Banking
ORD01608,3/20/2025,CUST0180,Amit Nair,Male,34,Lucknow,PROD014,Kellogg's Corn Flakes,Groceries,2,202.17,404.34,0,46.9,Cash
ORD01609,9/24/2025,CUST0112,Neha Kapoor,Female,32,Delhi,PROD014,Kellogg's Corn Flakes,Groceries,4,221.54,886.16,0,110.99,Net Banking
ORD01610,11/1/2025,CUST0906,Amit Kapoor,Female,38,Bengaluru,PROD017,Good Day Cookies,Snacks,6,54.15,324.9,0,71.77,Net Banking
ORD01611,8/16/2025,CUST0677,Meera Iyer,Female,62,Mumbai,PROD019,Vim Dishwash,Home & Cleaning,4,98.37,393.48,0.1,38.69,Debit Card
ORD01612,6/1/2025,CUST0324,Manish Sharma,Male,41,Hyderabad,PROD009,Aashirvaad Atta,Groceries,4,272.23,1088.92,0,123.45,Cash
ORD01613,12/22/2025,CUST0792,Aditya Khan,Male,46,Mumbai,PROD018,Nescafe Coffee,Beverages,8,206.93,1655.44,0.15,140.16,Credit Card
ORD01614,2/27/2025,CUST0923,Vikram Das,Female,24,Kolkata,PROD002,Tata Salt,Groceries,4,29.7,118.8,0.15,24.38,Net Banking
ORD01615,4/29/2025,CUST0491,Simran Mehta,Female,52,Bengaluru,PROD013,Britannia Bread,Dairy,3,43.11,129.33,0,22.2,Credit Card
ORD01616,9/26/2025,CUST0247,Isha Khan,Male,43,Mumbai,PROD002,Tata Salt,Groceries,2,27.61,55.22,0.15,4.42,Net Banking
ORD01617,1/23/2025,CUST0096,Arjun Sharma,Female,18,Jaipur,PROD009,Aashirvaad Atta,Groceries,5,249.95,1249.75,0,275.92,Cash
ORD01618,2/15/2025,CUST0503,Priya Singh,Female,29,Delhi,PROD007,Surf Excel,Home & Cleaning,3,192.68,578.04,0,114.91,Net Banking
ORD01619,6/14/2025,CUST0152,Aditya Khan,Male,49,Chennai,PROD020,Head & Shoulders,Personal Care,8,249.79,1998.32,0.15,159.03,Cash
ORD01620,12/7/2025,CUST0169,Priya Singh,Female,25,Pune,PROD009,Aashirvaad Atta,Groceries,6,238.62,1431.72,0,304.4,UPI
ORD01621,12/19/2025,CUST0884,Karan Gupta,Male,18,Pune,PROD001,Parle-G Biscuits,Snacks,2,29.95,59.9,0.15,4.77,Credit Card
ORD01622,1/30/2025,CUST0493,Nikhil Das,Female,22,Lucknow,PROD004,Lay's Chips,Snacks,8,37.36,298.88,0.15,48.29,Net Banking
ORD01623,9/16/2025,CUST0027,Meera Patel,Female,42,Lucknow,PROD005,Coca Cola,Beverages,6,44.86,269.16,0,57.9,Debit Card
ORD01624,11/4/2025,CUST0771,Arjun Gupta,Male,62,Pune,PROD010,Maggi Noodles,Groceries,5,14.61,73.05,0.15,13.55,Net Banking
ORD01625,5/28/2025,CUST0553,Aditya Patel,Female,43,Ahmedabad,PROD016,Thums Up,Beverages,5,40.95,204.75,0,21.62,Net Banking
ORD01626,8/28/2025,CUST0637,Riya Shah,Male,54,Pune,PROD002,Tata Salt,Groceries,6,28.19,169.14,0,28.11,UPI
ORD01627,7/13/2025,CUST0046,Vikram Shah,Male,64,Lucknow,PROD020,Head & Shoulders,Personal Care,1,247.11,247.11,0.05,54.13,Debit Card
ORD01628,3/18/2025,CUST0652,Aditya Shah,Female,62,Chennai,PROD011,Colgate Toothpaste,Personal Care,2,95.4,190.8,0.15,20.56,Cash
ORD01629,9/19/2025,CUST0387,Simran Joshi,Male,64,Chennai,PROD019,Vim Dishwash,Home & Cleaning,2,88.68,177.36,0,38.24,Credit Card
ORD01630,7/12/2025,CUST0330,Nikhil Nair,Male,20,Bengaluru,PROD012,Dettol Handwash,Personal Care,1,110.54,110.54,0,23.6,UPI
ORD01631,11/5/2025,CUST0566,Kavya Gupta,Male,39,Lucknow,PROD002,Tata Salt,Groceries,8,26.82,214.56,0,25.93,Net Banking
ORD01632,11/22/2025,CUST0572,Amit Singh,Male,42,Delhi,PROD015,Harpic Cleaner,Home & Cleaning,6,133.5,801,0,169.25,Net Banking
ORD01633,7/20/2025,CUST0190,Manish Reddy,Female,29,Lucknow,PROD005,Coca Cola,Beverages,2,43.16,86.32,0,20.53,Debit Card
ORD01634,5/14/2025,CUST0855,Kavya Sharma,Male,26,Bengaluru,PROD017,Good Day Cookies,Snacks,2,54.18,108.36,0.15,18.93,Debit Card
ORD01635,7/13/2025,CUST0986,Sneha Iyer,Female,30,Pune,PROD006,Tata Tea,Beverages,8,122.97,983.76,0,164.94,Credit Card
ORD01636,3/14/2025,CUST0542,Anjali Verma,Female,29,Jaipur,PROD003,Amul Milk,Dairy,7,59.41,415.87,0,80.85,Cash
ORD01637,3/23/2025,CUST0634,Riya Verma,Male,54,Mumbai,PROD010,Maggi Noodles,Groceries,3,15.42,46.26,0.05,6.56,UPI
ORD01638,2/23/2025,CUST0249,Arjun Iyer,Female,58,Chennai,PROD014,Kellogg's Corn Flakes,Groceries,3,211.1,633.3,0.15,82.5,Debit Card
ORD01639,5/30/2025,CUST0984,Amit Singh,Male,65,Chennai,PROD009,Aashirvaad Atta,Groceries,2,254.82,509.64,0,111.99,Cash
ORD01640,4/28/2025,CUST0161,Arjun Gupta,Male,64,Bengaluru,PROD012,Dettol Handwash,Personal Care,6,117,702,0,78.43,Debit Card
ORD01641,8/29/2025,CUST0349,Vikram Khan,Female,47,Hyderabad,PROD018,Nescafe Coffee,Beverages,3,188.87,566.61,0,109.74,Cash
ORD01642,9/29/2025,CUST0316,Vikram Reddy,Female,40,Delhi,PROD014,Kellogg's Corn Flakes,Groceries,5,226.69,1133.45,0.15,171.37,Net Banking
ORD01643,12/24/2025,CUST0939,Neha Sharma,Female,27,Mumbai,PROD001,Parle-G Biscuits,Snacks,4,31.79,127.16,0.05,14.62,Net Banking
ORD01644,12/23/2025,CUST0532,Vikram Mehta,Male,53,Chennai,PROD006,Tata Tea,Beverages,5,119.97,599.85,0,95.48,UPI
ORD01645,5/30/2025,CUST0690,Sneha Sharma,Male,23,Kolkata,PROD011,Colgate Toothpaste,Personal Care,1,94.38,94.38,0,23.48,Credit Card
ORD01646,9/27/2025,CUST0210,Isha Joshi,Female,39,Jaipur,PROD007,Surf Excel,Home & Cleaning,4,197.18,788.72,0.05,84.7,Debit Card
ORD01647,2/22/2025,CUST0602,Karan Kapoor,Female,24,Mumbai,PROD011,Colgate Toothpaste,Personal Care,2,95.87,191.74,0,41.63,UPI
ORD01648,11/7/2025,CUST0097,Isha Nair,Male,41,Kolkata,PROD020,Head & Shoulders,Personal Care,8,267.52,2140.16,0,369.27,Credit Card
ORD01649,3/10/2025,CUST0247,Isha Khan,Male,43,Mumbai,PROD019,Vim Dishwash,Home & Cleaning,2,94.02,188.04,0,30.79,Cash
ORD01650,2/9/2025,CUST0660,Manish Sharma,Female,30,Delhi,PROD011,Colgate Toothpaste,Personal Care,4,90.81,363.24,0.1,73.66,UPI
ORD01651,2/18/2025,CUST0941,Arjun Verma,Male,62,Hyderabad,PROD020,Head & Shoulders,Personal Care,8,276.58,2212.64,0.05,522.44,Cash
ORD01652,1/6/2025,CUST0984,Amit Singh,Male,65,Chennai,PROD017,Good Day Cookies,Snacks,7,53.34,373.38,0.15,73.51,Credit Card
ORD01653,2/27/2025,CUST0214,Aditya Nair,Male,49,Mumbai,PROD001,Parle-G Biscuits,Snacks,1,31.14,31.14,0.05,6.28,Net Banking
ORD01654,11/23/2025,CUST0131,Rahul Patel,Female,26,Ahmedabad,PROD020,Head & Shoulders,Personal Care,1,256.53,256.53,0.1,31.57,Cash
ORD01655,11/14/2025,CUST0271,Sahil Patel,Female,50,Bengaluru,PROD010,Maggi Noodles,Groceries,2,16.41,32.82,0.1,6.97,Credit Card
ORD01656,11/6/2025,CUST0402,Pooja Reddy,Female,28,Delhi,PROD012,Dettol Handwash,Personal Care,6,106.71,640.26,0,59.52,UPI
ORD01657,7/23/2025,CUST0828,Arjun Das,Male,36,Mumbai,PROD004,Lay's Chips,Snacks,5,33.82,169.1,0.05,19.02,Net Banking
ORD01658,3/22/2025,CUST0489,Pooja Khan,Male,32,Delhi,PROD011,Colgate Toothpaste,Personal Care,1,98.61,98.61,0.1,10.04,Credit Card
ORD01659,6/22/2025,CUST0622,Meera Mehta,Male,40,Chennai,PROD020,Head & Shoulders,Personal Care,3,249.87,749.61,0.1,85.51,Cash
ORD01660,10/2/2025,CUST0079,Isha Sharma,Male,22,Delhi,PROD003,Amul Milk,Dairy,5,65.4,327,0.05,31.72,Cash
ORD01661,7/22/2025,CUST0964,Isha Das,Female,19,Jaipur,PROD002,Tata Salt,Groceries,6,29.25,175.5,0.05,20.07,Cash
ORD01662,1/10/2025,CUST0446,Nikhil Malhotra,Female,63,Lucknow,PROD002,Tata Salt,Groceries,2,27.09,54.18,0,8.26,UPI
ORD01663,7/23/2025,CUST0967,Amit Patel,Male,52,Jaipur,PROD007,Surf Excel,Home & Cleaning,1,185.05,185.05,0,26.17,Net Banking
ORD01664,4/19/2025,CUST0091,Arjun Khan,Female,61,Jaipur,PROD001,Parle-G Biscuits,Snacks,7,29.19,204.33,0.1,16.98,UPI
ORD01665,8/9/2025,CUST0976,Meera Patel,Male,62,Pune,PROD006,Tata Tea,Beverages,4,118.57,474.28,0.05,63.3,Net Banking
ORD01666,9/6/2025,CUST0564,Isha Khan,Female,65,Delhi,PROD006,Tata Tea,Beverages,7,124.3,870.1,0.1,146.03,Cash
ORD01667,5/29/2025,CUST0782,Kavya Nair,Male,56,Kolkata,PROD018,Nescafe Coffee,Beverages,3,198.2,594.6,0.15,111.87,UPI
ORD01668,8/18/2025,CUST0119,Amit Das,Female,33,Hyderabad,PROD008,Dove Soap,Personal Care,5,59.64,298.2,0,64.1,Credit Card
ORD01669,9/28/2025,CUST0351,Meera Verma,Female,21,Ahmedabad,PROD010,Maggi Noodles,Groceries,4,15.32,61.28,0.15,10.69,Credit Card
ORD01670,3/5/2025,CUST0418,Priya Nair,Female,59,Bengaluru,PROD002,Tata Salt,Groceries,4,27.58,110.32,0.05,19.33,UPI
ORD01671,1/25/2025,CUST0105,Manish Nair,Male,50,Ahmedabad,PROD012,Dettol Handwash,Personal Care,8,115.9,927.2,0,169.65,Net Banking
ORD01672,1/9/2025,CUST0378,Pooja Shah,Female,52,Ahmedabad,PROD019,Vim Dishwash,Home & Cleaning,2,96.34,192.68,0.05,32.51,Cash
ORD01673,11/16/2025,CUST0262,Rahul Sharma,Female,33,Delhi,PROD019,Vim Dishwash,Home & Cleaning,3,90.94,272.82,0.15,46.39,Cash
ORD01674,11/25/2025,CUST0786,Sahil Shah,Female,27,Mumbai,PROD020,Head & Shoulders,Personal Care,7,280.91,1966.37,0.05,413.12,Net Banking
ORD01675,10/2/2025,CUST0778,Karan Singh,Male,22,Chennai,PROD020,Head & Shoulders,Personal Care,8,250.5,2004,0.15,221.86,Debit Card
ORD01676,1/11/2025,CUST0594,Rahul Das,Female,63,Bengaluru,PROD013,Britannia Bread,Dairy,4,43.74,174.96,0.15,14.5,Net Banking
ORD01677,4/25/2025,CUST0909,Amit Joshi,Female,54,Ahmedabad,PROD010,Maggi Noodles,Groceries,4,16.39,65.56,0,6.45,Debit Card
ORD01678,1/29/2025,CUST0800,Anjali Verma,Male,30,Delhi,PROD005,Coca Cola,Beverages,7,45.48,318.36,0.15,65.84,Cash
ORD01679,8/2/2025,CUST0638,Arjun Kapoor,Female,52,Mumbai,PROD001,Parle-G Biscuits,Snacks,8,29.2,233.6,0,36.84,UPI
ORD01680,4/27/2025,CUST0658,Karan Reddy,Male,20,Pune,PROD015,Harpic Cleaner,Home & Cleaning,3,132.8,398.4,0.05,66.42,Net Banking
ORD01681,11/29/2025,CUST0622,Meera Mehta,Male,40,Chennai,PROD008,Dove Soap,Personal Care,6,57.78,346.68,0.15,69.05,Credit Card
ORD01682,5/26/2025,CUST0921,Kavya Patel,Female,57,Bengaluru,PROD017,Good Day Cookies,Snacks,3,52.43,157.29,0.15,27.9,UPI
ORD01683,12/22/2025,CUST0919,Isha Shah,Female,62,Pune,PROD012,Dettol Handwash,Personal Care,7,119.14,833.98,0,205.89,Net Banking
ORD01684,7/3/2025,CUST0625,Karan Patel,Male,37,Pune,PROD014,Kellogg's Corn Flakes,Groceries,6,200.44,1202.64,0,179.26,Net Banking
ORD01685,7/15/2025,CUST0693,Anjali Joshi,Female,51,Jaipur,PROD005,Coca Cola,Beverages,7,47.21,330.47,0,70.46,Net Banking
ORD01686,9/4/2025,CUST0388,Meera Mehta,Female,58,Mumbai,PROD012,Dettol Handwash,Personal Care,7,114.9,804.3,0,66.39,Cash
ORD01687,3/3/2025,CUST0101,Isha Verma,Male,44,Kolkata,PROD005,Coca Cola,Beverages,4,48.2,192.8,0.05,32.45,Debit Card
ORD01688,6/9/2025,CUST0864,Nikhil Gupta,Male,61,Mumbai,PROD007,Surf Excel,Home & Cleaning,5,181.76,908.8,0,109.88,Net Banking
ORD01689,4/25/2025,CUST0279,Vikram Mehta,Female,32,Kolkata,PROD002,Tata Salt,Groceries,1,30.1,30.1,0,4.86,UPI
ORD01690,1/29/2025,CUST0007,Rahul Kapoor,Male,62,Kolkata,PROD017,Good Day Cookies,Snacks,7,52,364,0.1,29.69,UPI
ORD01691,6/21/2025,CUST0854,Nikhil Patel,Female,51,Hyderabad,PROD013,Britannia Bread,Dairy,4,43.26,173.04,0,37.8,UPI
ORD01692,2/11/2025,CUST0050,Neha Sharma,Female,64,Chennai,PROD003,Amul Milk,Dairy,7,61.75,432.25,0.15,69.88,Debit Card
ORD01693,7/28/2025,CUST0645,Meera Shah,Male,38,Hyderabad,PROD020,Head & Shoulders,Personal Care,2,280.46,560.92,0.05,47.55,Credit Card
ORD01694,11/18/2025,CUST0884,Karan Gupta,Male,18,Pune,PROD017,Good Day Cookies,Snacks,4,54.04,216.16,0.1,36.8,Credit Card
ORD01695,9/11/2025,CUST0052,Manish Verma,Female,29,Hyderabad,PROD012,Dettol Handwash,Personal Care,4,115.02,460.08,0.05,36.22,Cash
ORD01696,8/18/2025,CUST0454,Vikram Mehta,Female,65,Mumbai,PROD020,Head & Shoulders,Personal Care,5,262.24,1311.2,0,264.12,Credit Card
ORD01697,1/10/2025,CUST0744,Nikhil Gupta,Male,42,Chennai,PROD013,Britannia Bread,Dairy,7,47.28,330.96,0.15,29.07,Net Banking
ORD01698,1/25/2025,CUST0818,Vikram Reddy,Female,65,Ahmedabad,PROD003,Amul Milk,Dairy,8,63.52,508.16,0.1,108.34,Credit Card
ORD01699,9/26/2025,CUST0579,Kavya Mehta,Male,64,Jaipur,PROD020,Head & Shoulders,Personal Care,2,277,554,0.05,44.14,Net Banking
ORD01700,3/9/2025,CUST0270,Amit Joshi,Female,41,Jaipur,PROD003,Amul Milk,Dairy,4,58.79,235.16,0.1,25.28,Debit Card
ORD01701,10/6/2025,CUST0367,Sahil Gupta,Male,36,Kolkata,PROD006,Tata Tea,Beverages,4,120.21,480.84,0.1,42.62,UPI
ORD01702,2/10/2025,CUST0476,Pooja Iyer,Male,39,Hyderabad,PROD001,Parle-G Biscuits,Snacks,4,32.32,129.28,0,25.24,Net Banking
ORD01703,9/20/2025,CUST0168,Riya Joshi,Female,39,Delhi,PROD001,Parle-G Biscuits,Snacks,7,29.01,203.07,0.1,22.01,Debit Card
ORD01704,4/8/2025,CUST0136,Amit Kapoor,Male,19,Bengaluru,PROD015,Harpic Cleaner,Home & Cleaning,8,128.99,1031.92,0.05,141.09,Credit Card
ORD01705,3/28/2025,CUST0459,Arjun Shah,Female,32,Hyderabad,PROD003,Amul Milk,Dairy,5,59.76,298.8,0.15,22.44,Net Banking
ORD01706,2/18/2025,CUST0331,Manish Joshi,Male,41,Chennai,PROD002,Tata Salt,Groceries,3,30.23,90.69,0.05,14.37,Cash
ORD01707,2/22/2025,CUST0283,Amit Patel,Female,24,Chennai,PROD010,Maggi Noodles,Groceries,1,14.78,14.78,0,2.9,Cash
ORD01708,9/13/2025,CUST0482,Karan Patel,Female,60,Pune,PROD018,Nescafe Coffee,Beverages,2,206.94,413.88,0.1,76.72,Net Banking
ORD01709,9/9/2025,CUST0175,Meera Sharma,Male,31,Bengaluru,PROD006,Tata Tea,Beverages,2,114.25,228.5,0,43.1,Net Banking
ORD01710,8/3/2025,CUST0550,Rahul Shah,Female,29,Pune,PROD006,Tata Tea,Beverages,2,125.31,250.62,0.05,40.07,Credit Card
ORD01711,12/18/2025,CUST0587,Meera Mehta,Female,46,Chennai,PROD018,Nescafe Coffee,Beverages,6,201.43,1208.58,0.1,232.06,Net Banking
ORD01712,10/4/2025,CUST0449,Meera Joshi,Female,59,Lucknow,PROD008,Dove Soap,Personal Care,7,59.4,415.8,0,95.1,Credit Card
ORD01713,6/23/2025,CUST0898,Aditya Kapoor,Female,57,Mumbai,PROD004,Lay's Chips,Snacks,3,36.1,108.3,0.05,15.37,Credit Card
ORD01714,11/22/2025,CUST0587,Meera Mehta,Female,46,Chennai,PROD015,Harpic Cleaner,Home & Cleaning,1,127.99,127.99,0.15,18.78,Cash
ORD01715,9/12/2025,CUST0413,Sneha Khan,Female,23,Hyderabad,PROD004,Lay's Chips,Snacks,8,35.76,286.08,0,42.47,Credit Card
ORD01716,1/2/2025,CUST0922,Vikram Patel,Female,31,Ahmedabad,PROD013,Britannia Bread,Dairy,3,48.56,145.68,0,20.7,Cash
ORD01717,11/19/2025,CUST0554,Sahil Gupta,Male,37,Pune,PROD005,Coca Cola,Beverages,2,47.2,94.4,0,10.45,Debit Card
ORD01718,6/21/2025,CUST0336,Sahil Nair,Male,40,Hyderabad,PROD006,Tata Tea,Beverages,2,131.86,263.72,0.05,20.67,Net Banking
ORD01719,9/25/2025,CUST0459,Arjun Shah,Female,32,Hyderabad,PROD004,Lay's Chips,Snacks,5,35.38,176.9,0,36.18,Credit Card
ORD01720,11/1/2025,CUST0075,Karan Gupta,Female,50,Ahmedabad,PROD019,Vim Dishwash,Home & Cleaning,3,89.92,269.76,0.1,59.41,UPI
ORD01721,5/28/2025,CUST0571,Pooja Kapoor,Male,63,Pune,PROD019,Vim Dishwash,Home & Cleaning,5,88.68,443.4,0.15,69.17,Net Banking
ORD01722,1/18/2025,CUST0889,Simran Kapoor,Female,45,Pune,PROD001,Parle-G Biscuits,Snacks,3,29.07,87.21,0,19.59,Net Banking
ORD01723,5/9/2025,CUST0709,Pooja Iyer,Female,65,Lucknow,PROD008,Dove Soap,Personal Care,7,60.29,422.03,0.15,72.41,Net Banking
ORD01724,11/9/2025,CUST0993,Sahil Verma,Female,38,Kolkata,PROD010,Maggi Noodles,Groceries,3,14.92,44.76,0.15,5.23,Net Banking
ORD01725,9/17/2025,CUST0567,Meera Iyer,Female,38,Mumbai,PROD003,Amul Milk,Dairy,2,59.55,119.1,0.1,19.98,Cash
ORD01726,10/6/2025,CUST0986,Sneha Iyer,Female,30,Pune,PROD002,Tata Salt,Groceries,8,26.98,215.84,0,25.9,Cash
ORD01727,11/12/2025,CUST0459,Arjun Shah,Female,32,Hyderabad,PROD013,Britannia Bread,Dairy,8,44.07,352.56,0,29.78,Cash
ORD01728,12/6/2025,CUST0282,Simran Verma,Female,22,Pune,PROD013,Britannia Bread,Dairy,2,49.25,98.5,0,19.93,Cash
ORD01729,10/22/2025,CUST0507,Sneha Malhotra,Male,19,Hyderabad,PROD020,Head & Shoulders,Personal Care,8,261.99,2095.92,0,473.04,Cash
ORD01730,10/23/2025,CUST0518,Arjun Sharma,Male,58,Kolkata,PROD016,Thums Up,Beverages,3,43.02,129.06,0,17.35,Credit Card
ORD01731,4/6/2025,CUST0506,Neha Verma,Female,51,Delhi,PROD002,Tata Salt,Groceries,6,29.46,176.76,0,26.12,Credit Card
ORD01732,7/19/2025,CUST0378,Pooja Shah,Female,52,Ahmedabad,PROD002,Tata Salt,Groceries,5,30.31,151.55,0.05,30.01,Cash
ORD01733,12/11/2025,CUST0746,Nikhil Khan,Female,35,Delhi,PROD020,Head & Shoulders,Personal Care,6,273.74,1642.44,0.15,120.78,UPI
ORD01734,5/18/2025,CUST0172,Neha Shah,Female,56,Lucknow,PROD009,Aashirvaad Atta,Groceries,3,266.69,800.07,0.05,170.96,Debit Card
ORD01735,6/30/2025,CUST0187,Meera Singh,Male,23,Bengaluru,PROD017,Good Day Cookies,Snacks,7,50.96,356.72,0.1,36.39,Net Banking
ORD01736,10/22/2025,CUST0302,Sahil Joshi,Female,20,Bengaluru,PROD006,Tata Tea,Beverages,4,125.41,501.64,0,98.42,Debit Card
ORD01737,10/21/2025,CUST0809,Kavya Singh,Female,59,Ahmedabad,PROD013,Britannia Bread,Dairy,4,48.6,194.4,0,33.6,UPI
ORD01738,6/22/2025,CUST0349,Vikram Khan,Female,47,Hyderabad,PROD013,Britannia Bread,Dairy,3,44.51,133.53,0.05,14.17,Cash
ORD01739,10/29/2025,CUST0183,Priya Verma,Female,56,Lucknow,PROD011,Colgate Toothpaste,Personal Care,7,92.64,648.48,0.15,60.2,Credit Card
ORD01740,9/16/2025,CUST0890,Neha Malhotra,Male,18,Delhi,PROD008,Dove Soap,Personal Care,6,56.62,339.72,0.05,31.43,UPI
ORD01741,7/17/2025,CUST0574,Rahul Singh,Female,41,Hyderabad,PROD013,Britannia Bread,Dairy,6,45.22,271.32,0.1,41.08,Net Banking
ORD01742,4/25/2025,CUST0333,Priya Kapoor,Female,22,Chennai,PROD001,Parle-G Biscuits,Snacks,6,31.9,191.4,0.05,40.04,UPI
ORD01743,2/8/2025,CUST0199,Priya Gupta,Female,53,Delhi,PROD010,Maggi Noodles,Groceries,2,16.22,32.44,0.15,6.07,UPI
ORD01744,12/27/2025,CUST0936,Karan Das,Male,40,Jaipur,PROD016,Thums Up,Beverages,8,38.99,311.92,0,52.61,Debit Card
ORD01745,4/18/2025,CUST0596,Kavya Nair,Female,26,Hyderabad,PROD008,Dove Soap,Personal Care,5,58.8,294,0,65.43,Cash
ORD01746,6/17/2025,CUST0315,Nikhil Nair,Male,51,Jaipur,PROD003,Amul Milk,Dairy,6,59.64,357.84,0,48.51,Credit Card
ORD01747,9/1/2025,CUST0110,Manish Mehta,Male,63,Kolkata,PROD007,Surf Excel,Home & Cleaning,3,180.88,542.64,0,118.83,Net Banking
ORD01748,11/14/2025,CUST0100,Kavya Khan,Female,62,Hyderabad,PROD008,Dove Soap,Personal Care,7,55.94,391.58,0.05,32.66,Debit Card
ORD01749,7/1/2025,CUST0976,Meera Patel,Male,62,Pune,PROD005,Coca Cola,Beverages,2,44.66,89.32,0,7.68,Credit Card
ORD01750,1/31/2025,CUST0468,Nikhil Gupta,Male,21,Pune,PROD013,Britannia Bread,Dairy,2,47.45,94.9,0.15,12.94,Net Banking
ORD01751,9/21/2025,CUST0751,Aditya Khan,Male,29,Bengaluru,PROD005,Coca Cola,Beverages,8,42.8,342.4,0.05,33.2,Net Banking
ORD01752,10/13/2025,CUST0572,Amit Singh,Male,42,Delhi,PROD012,Dettol Handwash,Personal Care,7,107.19,750.33,0,179.31,Cash
ORD01753,8/19/2025,CUST0427,Neha Sharma,Female,42,Lucknow,PROD002,Tata Salt,Groceries,6,30.23,181.38,0.15,25.61,Net Banking
ORD01754,6/22/2025,CUST0453,Manish Khan,Female,27,Kolkata,PROD009,Aashirvaad Atta,Groceries,5,269.85,1349.25,0,220.95,Net Banking
ORD01755,6/12/2025,CUST0346,Priya Mehta,Female,61,Bengaluru,PROD009,Aashirvaad Atta,Groceries,6,264.98,1589.88,0.1,349.1,Net Banking
ORD01756,2/12/2025,CUST0295,Rahul Patel,Male,42,Kolkata,PROD006,Tata Tea,Beverages,3,119.48,358.44,0.15,71.53,Cash
ORD01757,1/22/2025,CUST0341,Karan Kapoor,Female,30,Bengaluru,PROD001,Parle-G Biscuits,Snacks,3,32.7,98.1,0,22.57,Credit Card
ORD01758,4/29/2025,CUST0821,Aditya Verma,Male,29,Bengaluru,PROD010,Maggi Noodles,Groceries,6,15.69,94.14,0.15,15.21,UPI
ORD01759,6/12/2025,CUST0982,Rahul Shah,Male,25,Mumbai,PROD008,Dove Soap,Personal Care,3,57.55,172.65,0,37.27,UPI
ORD01760,11/21/2025,CUST0214,Aditya Nair,Male,49,Mumbai,PROD001,Parle-G Biscuits,Snacks,6,30.03,180.18,0,30.4,Cash
ORD01761,9/26/2025,CUST0569,Simran Shah,Female,45,Delhi,PROD006,Tata Tea,Beverages,2,119.11,238.22,0.05,50.85,Net Banking
ORD01762,11/23/2025,CUST0393,Manish Khan,Female,46,Pune,PROD013,Britannia Bread,Dairy,8,43.72,349.76,0,53.14,Cash
ORD01763,9/21/2025,CUST0737,Anjali Reddy,Female,64,Kolkata,PROD010,Maggi Noodles,Groceries,7,14.59,102.13,0,10.42,Credit Card
ORD01764,3/30/2025,CUST0942,Vikram Kapoor,Male,40,Ahmedabad,PROD012,Dettol Handwash,Personal Care,5,107.95,539.75,0,91.43,Net Banking
ORD01765,11/7/2025,CUST0828,Arjun Das,Male,36,Mumbai,PROD004,Lay's Chips,Snacks,3,34.25,102.75,0,10.43,Credit Card
ORD01766,1/5/2025,CUST0900,Manish Sharma,Male,34,Chennai,PROD001,Parle-G Biscuits,Snacks,5,31.31,156.55,0,22.56,UPI
ORD01767,10/11/2025,CUST0533,Pooja Mehta,Female,52,Chennai,PROD008,Dove Soap,Personal Care,7,54.41,380.87,0,43.68,Cash
ORD01768,2/14/2025,CUST0354,Manish Reddy,Male,45,Pune,PROD001,Parle-G Biscuits,Snacks,3,31.95,95.85,0.1,14.51,Cash
ORD01769,7/5/2025,CUST0182,Rohan Reddy,Female,27,Pune,PROD006,Tata Tea,Beverages,6,122.64,735.84,0.05,86.86,Net Banking
ORD01770,1/17/2025,CUST0643,Kavya Verma,Male,31,Bengaluru,PROD009,Aashirvaad Atta,Groceries,8,242.59,1940.72,0,439.89,Debit Card
ORD01771,12/3/2025,CUST0146,Karan Sharma,Female,49,Pune,PROD020,Head & Shoulders,Personal Care,2,266.93,533.86,0.1,69.67,Net Banking
ORD01772,3/3/2025,CUST0247,Isha Khan,Male,43,Mumbai,PROD004,Lay's Chips,Snacks,7,33.53,234.71,0,47.44,Cash
ORD01773,4/22/2025,CUST0180,Amit Nair,Male,34,Lucknow,PROD003,Amul Milk,Dairy,8,63.19,505.52,0,78.5,Net Banking
ORD01774,3/30/2025,CUST0672,Manish Khan,Male,58,Delhi,PROD019,Vim Dishwash,Home & Cleaning,3,98.42,295.26,0,39.98,Credit Card
ORD01775,8/7/2025,CUST0591,Sahil Kapoor,Male,38,Kolkata,PROD019,Vim Dishwash,Home & Cleaning,4,95.5,382,0,92.6,Debit Card
ORD01776,3/15/2025,CUST0674,Neha Verma,Male,55,Kolkata,PROD019,Vim Dishwash,Home & Cleaning,2,94.14,188.28,0,32.77,Credit Card
ORD01777,10/4/2025,CUST0919,Isha Shah,Female,62,Pune,PROD006,Tata Tea,Beverages,6,125.76,754.56,0,161.62,Credit Card
ORD01778,11/27/2025,CUST0328,Riya Shah,Male,21,Ahmedabad,PROD018,Nescafe Coffee,Beverages,5,188.1,940.5,0,153.44,Cash
ORD01779,1/11/2025,CUST0755,Priya Patel,Male,32,Lucknow,PROD016,Thums Up,Beverages,4,38.97,155.88,0.1,18.14,Net Banking
ORD01780,3/1/2025,CUST0341,Karan Kapoor,Female,30,Bengaluru,PROD009,Aashirvaad Atta,Groceries,5,259.16,1295.8,0.1,214.48,Credit Card
ORD01781,2/5/2025,CUST0915,Priya Malhotra,Male,47,Chennai,PROD015,Harpic Cleaner,Home & Cleaning,8,118.8,950.4,0.15,88.57,Credit Card
ORD01782,9/27/2025,CUST0057,Rahul Mehta,Female,47,Hyderabad,PROD011,Colgate Toothpaste,Personal Care,4,99.75,399,0.15,54.14,Cash
ORD01783,10/13/2025,CUST0737,Anjali Reddy,Female,64,Kolkata,PROD004,Lay's Chips,Snacks,4,35.82,143.28,0.05,14.09,Net Banking
ORD01784,7/6/2025,CUST0249,Arjun Iyer,Female,58,Chennai,PROD005,Coca Cola,Beverages,3,42.94,128.82,0,13.26,Cash
ORD01785,10/11/2025,CUST0747,Rahul Khan,Male,19,Hyderabad,PROD002,Tata Salt,Groceries,4,27.33,109.32,0,13.68,Cash
ORD01786,12/27/2025,CUST0622,Meera Mehta,Male,40,Chennai,PROD015,Harpic Cleaner,Home & Cleaning,8,125.3,1002.4,0,198.34,Debit Card
ORD01787,2/1/2025,CUST0684,Sahil Patel,Male,34,Bengaluru,PROD017,Good Day Cookies,Snacks,6,48.88,293.28,0.15,36.66,UPI
ORD01788,11/27/2025,CUST0207,Meera Shah,Male,22,Hyderabad,PROD001,Parle-G Biscuits,Snacks,5,32.9,164.5,0,38.96,UPI
ORD01789,3/25/2025,CUST0835,Kavya Reddy,Female,40,Ahmedabad,PROD019,Vim Dishwash,Home & Cleaning,6,86.98,521.88,0,72.53,Credit Card
ORD01790,3/27/2025,CUST0893,Anjali Patel,Female,43,Ahmedabad,PROD019,Vim Dishwash,Home & Cleaning,2,85.81,171.62,0,32.49,Net Banking
ORD01791,12/1/2025,CUST0768,Neha Reddy,Female,27,Chennai,PROD012,Dettol Handwash,Personal Care,1,106.03,106.03,0,17.1,Net Banking
ORD01792,8/29/2025,CUST0198,Nikhil Khan,Female,58,Ahmedabad,PROD002,Tata Salt,Groceries,4,30.43,121.72,0.15,15.59,UPI
ORD01793,1/25/2025,CUST0216,Neha Shah,Female,18,Delhi,PROD019,Vim Dishwash,Home & Cleaning,8,86.75,694,0,72.65,Credit Card
ORD01794,12/25/2025,CUST0750,Sneha Singh,Male,32,Lucknow,PROD005,Coca Cola,Beverages,2,44.15,88.3,0,20.07,Cash
ORD01795,12/11/2025,CUST0420,Pooja Nair,Female,48,Bengaluru,PROD015,Harpic Cleaner,Home & Cleaning,3,119.75,359.25,0.15,64.47,UPI
ORD01796,1/22/2025,CUST0119,Amit Das,Female,33,Hyderabad,PROD004,Lay's Chips,Snacks,7,35.36,247.52,0,58.23,UPI
ORD01797,9/28/2025,CUST0633,Riya Mehta,Female,44,Ahmedabad,PROD002,Tata Salt,Groceries,8,27.17,217.36,0.05,39.75,Cash
ORD01798,10/20/2025,CUST0955,Pooja Joshi,Female,22,Chennai,PROD008,Dove Soap,Personal Care,4,59.89,239.56,0,20.67,Credit Card
ORD01799,8/22/2025,CUST0442,Priya Sharma,Male,63,Chennai,PROD013,Britannia Bread,Dairy,6,44.16,264.96,0,50.94,Debit Card
ORD01800,2/16/2025,CUST0796,Sahil Gupta,Male,42,Jaipur,PROD017,Good Day Cookies,Snacks,2,48.62,97.24,0.05,10.16,Debit Card
ORD01801,1/5/2025,CUST0024,Kavya Reddy,Female,41,Bengaluru,PROD018,Nescafe Coffee,Beverages,7,198.32,1388.24,0,328.64,Net Banking
ORD01802,1/9/2025,CUST0681,Amit Shah,Male,41,Chennai,PROD011,Colgate Toothpaste,Personal Care,3,92.39,277.17,0.05,37.88,Net Banking
ORD01803,12/2/2025,CUST0199,Priya Gupta,Female,53,Delhi,PROD012,Dettol Handwash,Personal Care,6,116.41,698.46,0,152.11,UPI
ORD01804,1/9/2025,CUST0825,Neha Nair,Male,33,Chennai,PROD007,Surf Excel,Home & Cleaning,6,174.46,1046.76,0.15,146.29,UPI
ORD01805,7/3/2025,CUST0235,Rahul Malhotra,Female,35,Mumbai,PROD015,Harpic Cleaner,Home & Cleaning,2,121.41,242.82,0,36.92,Net Banking
ORD01806,1/14/2025,CUST0335,Meera Malhotra,Male,39,Pune,PROD018,Nescafe Coffee,Beverages,6,191.54,1149.24,0,133.36,Debit Card
ORD01807,8/5/2025,CUST0965,Simran Shah,Female,49,Mumbai,PROD003,Amul Milk,Dairy,3,57.23,171.69,0.1,36.8,UPI
ORD01808,1/31/2025,CUST0371,Priya Nair,Female,41,Hyderabad,PROD020,Head & Shoulders,Personal Care,3,265.69,797.07,0.15,111.2,Credit Card
ORD01809,10/30/2025,CUST0614,Manish Gupta,Female,58,Delhi,PROD020,Head & Shoulders,Personal Care,1,264.28,264.28,0,40.52,UPI
ORD01810,2/24/2025,CUST0423,Vikram Khan,Male,38,Chennai,PROD008,Dove Soap,Personal Care,3,53.29,159.87,0.05,25.86,Debit Card
ORD01811,12/30/2025,CUST0328,Riya Shah,Male,21,Ahmedabad,PROD009,Aashirvaad Atta,Groceries,3,268.54,805.62,0,94.83,Debit Card
ORD01812,7/27/2025,CUST0034,Anjali Shah,Male,56,Chennai,PROD008,Dove Soap,Personal Care,1,53.28,53.28,0.15,6.42,Cash
ORD01813,7/9/2025,CUST0578,Karan Malhotra,Female,18,Hyderabad,PROD015,Harpic Cleaner,Home & Cleaning,6,126.68,760.08,0.05,134.23,Cash
ORD01814,5/9/2025,CUST0605,Aditya Joshi,Male,40,Mumbai,PROD012,Dettol Handwash,Personal Care,6,109.2,655.2,0,157.76,Cash
ORD01815,1/2/2025,CUST0862,Riya Mehta,Male,20,Jaipur,PROD004,Lay's Chips,Snacks,3,37.64,112.92,0.05,17,UPI
ORD01816,4/17/2025,CUST0046,Vikram Shah,Male,64,Lucknow,PROD018,Nescafe Coffee,Beverages,1,202.42,202.42,0.15,17.35,UPI
ORD01817,2/16/2025,CUST0826,Riya Iyer,Female,29,Ahmedabad,PROD014,Kellogg's Corn Flakes,Groceries,4,202.66,810.64,0.1,92.62,Cash
ORD01818,12/10/2025,CUST0166,Priya Shah,Female,62,Delhi,PROD014,Kellogg's Corn Flakes,Groceries,1,216.65,216.65,0.15,17.78,Debit Card
ORD01819,12/27/2025,CUST0459,Arjun Shah,Female,32,Hyderabad,PROD004,Lay's Chips,Snacks,3,36.36,109.08,0,26.79,UPI
ORD01820,5/7/2025,CUST0475,Anjali Reddy,Female,20,Mumbai,PROD003,Amul Milk,Dairy,4,61.58,246.32,0.1,34.81,UPI
ORD01821,5/28/2025,CUST0474,Anjali Reddy,Male,43,Ahmedabad,PROD008,Dove Soap,Personal Care,6,52.91,317.46,0,69.27,Debit Card
ORD01822,3/31/2025,CUST0994,Anjali Sharma,Female,33,Bengaluru,PROD017,Good Day Cookies,Snacks,5,51.19,255.95,0,55.33,UPI
ORD01823,9/30/2025,CUST0721,Karan Khan,Female,35,Bengaluru,PROD007,Surf Excel,Home & Cleaning,1,171.47,171.47,0.1,17.11,Net Banking
ORD01824,9/12/2025,CUST0693,Anjali Joshi,Female,51,Jaipur,PROD012,Dettol Handwash,Personal Care,8,111.53,892.24,0.1,145.62,UPI
ORD01825,3/22/2025,CUST0210,Isha Joshi,Female,39,Jaipur,PROD004,Lay's Chips,Snacks,1,35,35,0,6.41,Cash
ORD01826,2/10/2025,CUST0945,Aditya Mehta,Female,61,Chennai,PROD009,Aashirvaad Atta,Groceries,7,270.86,1896.02,0.1,375.31,Debit Card
ORD01827,1/30/2025,CUST0600,Simran Das,Male,24,Bengaluru,PROD003,Amul Milk,Dairy,4,64.48,257.92,0.1,19.32,Debit Card
ORD01828,1/13/2025,CUST0413,Sneha Khan,Female,23,Hyderabad,PROD014,Kellogg's Corn Flakes,Groceries,7,202.66,1418.62,0.05,251.43,UPI
ORD01829,3/5/2025,CUST0815,Riya Malhotra,Male,32,Delhi,PROD004,Lay's Chips,Snacks,1,35.6,35.6,0.1,6.19,Debit Card
ORD01830,10/10/2025,CUST0039,Arjun Shah,Female,31,Jaipur,PROD001,Parle-G Biscuits,Snacks,5,31.14,155.7,0.15,27.87,UPI
ORD01831,12/29/2025,CUST0841,Nikhil Kapoor,Male,21,Lucknow,PROD019,Vim Dishwash,Home & Cleaning,5,93.25,466.25,0.05,54.21,UPI
ORD01832,10/29/2025,CUST0325,Amit Nair,Male,57,Lucknow,PROD006,Tata Tea,Beverages,1,118.6,118.6,0.15,16.67,Debit Card
ORD01833,9/28/2025,CUST0663,Priya Mehta,Female,64,Bengaluru,PROD020,Head & Shoulders,Personal Care,8,283.24,2265.92,0.1,434.71,Cash
ORD01834,3/3/2025,CUST0655,Amit Kapoor,Female,31,Kolkata,PROD008,Dove Soap,Personal Care,2,53.89,107.78,0.15,14.17,Cash
ORD01835,3/18/2025,CUST0392,Simran Mehta,Male,56,Delhi,PROD020,Head & Shoulders,Personal Care,5,250.98,1254.9,0.1,273.8,Credit Card
ORD01836,4/30/2025,CUST0497,Riya Patel,Female,21,Ahmedabad,PROD010,Maggi Noodles,Groceries,1,15.34,15.34,0.15,1.63,Credit Card
ORD01837,11/1/2025,CUST0781,Meera Reddy,Female,63,Mumbai,PROD011,Colgate Toothpaste,Personal Care,7,92.86,650.02,0.15,107.11,Debit Card
ORD01838,2/4/2025,CUST0597,Sneha Singh,Male,63,Kolkata,PROD019,Vim Dishwash,Home & Cleaning,2,98.94,197.88,0.1,38.68,Debit Card
ORD01839,8/24/2025,CUST0170,Aditya Joshi,Male,54,Mumbai,PROD014,Kellogg's Corn Flakes,Groceries,3,200.33,600.99,0.1,47.96,Net Banking
ORD01840,12/5/2025,CUST0865,Sneha Gupta,Female,37,Delhi,PROD006,Tata Tea,Beverages,2,115.6,231.2,0,51.55,UPI
ORD01841,2/12/2025,CUST0646,Pooja Iyer,Female,50,Pune,PROD009,Aashirvaad Atta,Groceries,2,269.36,538.72,0.15,110.1,Credit Card
ORD01842,8/16/2025,CUST0379,Arjun Sharma,Male,36,Chennai,PROD020,Head & Shoulders,Personal Care,8,282.13,2257.04,0,212.6,UPI
ORD01843,2/6/2025,CUST0749,Sahil Gupta,Male,24,Bengaluru,PROD018,Nescafe Coffee,Beverages,5,206.94,1034.7,0.15,74.93,Net Banking
ORD01844,3/3/2025,CUST0951,Kavya Singh,Female,26,Delhi,PROD013,Britannia Bread,Dairy,5,44.8,224,0,24.04,Cash
ORD01845,7/11/2025,CUST0970,Kavya Nair,Male,65,Delhi,PROD012,Dettol Handwash,Personal Care,4,113.92,455.68,0.1,100.61,Cash
ORD01846,1/24/2025,CUST0955,Pooja Joshi,Female,22,Chennai,PROD001,Parle-G Biscuits,Snacks,3,28.78,86.34,0,10.72,Cash
ORD01847,7/14/2025,CUST0486,Rahul Singh,Female,62,Bengaluru,PROD011,Colgate Toothpaste,Personal Care,8,99.75,798,0,178.08,Net Banking
ORD01848,9/19/2025,CUST0088,Riya Gupta,Male,47,Chennai,PROD010,Maggi Noodles,Groceries,7,14.46,101.22,0,24.17,Cash
ORD01849,10/14/2025,CUST0691,Neha Joshi,Male,37,Delhi,PROD019,Vim Dishwash,Home & Cleaning,5,96.18,480.9,0.15,79.29,Net Banking
ORD01850,1/26/2025,CUST0155,Nikhil Gupta,Male,33,Kolkata,PROD015,Harpic Cleaner,Home & Cleaning,7,129.6,907.2,0.1,157.56,Debit Card
ORD01851,2/15/2025,CUST0045,Amit Shah,Male,35,Ahmedabad,PROD019,Vim Dishwash,Home & Cleaning,6,88.6,531.6,0,65.9,Net Banking
ORD01852,11/25/2025,CUST0434,Rahul Malhotra,Male,45,Delhi,PROD004,Lay's Chips,Snacks,6,35.49,212.94,0.1,44.64,Credit Card
ORD01853,6/20/2025,CUST0182,Rohan Reddy,Female,27,Pune,PROD016,Thums Up,Beverages,5,42.05,210.25,0.15,31.26,Cash
ORD01854,11/24/2025,CUST0363,Nikhil Mehta,Male,36,Bengaluru,PROD004,Lay's Chips,Snacks,8,36.3,290.4,0.1,28.98,UPI
ORD01855,7/12/2025,CUST0907,Karan Singh,Male,50,Bengaluru,PROD020,Head & Shoulders,Personal Care,7,274.38,1920.66,0.05,405,Cash
ORD01856,8/20/2025,CUST0560,Amit Nair,Female,52,Lucknow,PROD008,Dove Soap,Personal Care,5,59.97,299.85,0.1,22.76,Net Banking
ORD01857,2/22/2025,CUST0320,Sahil Joshi,Female,58,Chennai,PROD005,Coca Cola,Beverages,2,45.75,91.5,0,16.04,Cash
ORD01858,7/28/2025,CUST0146,Karan Sharma,Female,49,Pune,PROD006,Tata Tea,Beverages,6,124.44,746.64,0,164.51,Debit Card
ORD01859,4/24/2025,CUST0556,Isha Joshi,Male,58,Mumbai,PROD018,Nescafe Coffee,Beverages,3,180.51,541.53,0.15,111.96,Debit Card
ORD01860,5/13/2025,CUST0548,Rahul Sharma,Female,18,Mumbai,PROD013,Britannia Bread,Dairy,4,46.9,187.6,0.1,17.45,Cash
ORD01861,11/16/2025,CUST0492,Sneha Nair,Male,51,Ahmedabad,PROD005,Coca Cola,Beverages,8,46.81,374.48,0,57.01,UPI
ORD01862,5/8/2025,CUST0092,Karan Sharma,Male,34,Delhi,PROD010,Maggi Noodles,Groceries,2,14.73,29.46,0,5.29,Debit Card
ORD01863,2/25/2025,CUST0678,Pooja Gupta,Male,65,Kolkata,PROD020,Head & Shoulders,Personal Care,3,285.94,857.82,0,172.85,Credit Card
ORD01864,5/8/2025,CUST0219,Karan Malhotra,Female,38,Ahmedabad,PROD016,Thums Up,Beverages,7,43.37,303.59,0.05,32.22,UPI
ORD01865,12/25/2025,CUST0941,Arjun Verma,Male,62,Hyderabad,PROD009,Aashirvaad Atta,Groceries,6,258.36,1550.16,0,229.58,UPI
ORD01866,9/11/2025,CUST0932,Kavya Iyer,Female,62,Jaipur,PROD006,Tata Tea,Beverages,6,130.32,781.92,0.05,154.2,Credit Card
ORD01867,12/23/2025,CUST0269,Rohan Das,Female,51,Pune,PROD004,Lay's Chips,Snacks,2,35.5,71,0,16.22,Debit Card
ORD01868,9/5/2025,CUST0281,Neha Khan,Female,38,Hyderabad,PROD001,Parle-G Biscuits,Snacks,7,30.31,212.17,0,33.93,UPI
ORD01869,10/7/2025,CUST0791,Arjun Patel,Female,29,Chennai,PROD017,Good Day Cookies,Snacks,3,52.75,158.25,0.15,23.07,UPI
ORD01870,3/16/2025,CUST0560,Amit Nair,Female,52,Lucknow,PROD018,Nescafe Coffee,Beverages,1,205.19,205.19,0.1,40.94,UPI
ORD01871,2/23/2025,CUST0279,Vikram Mehta,Female,32,Kolkata,PROD003,Amul Milk,Dairy,8,59.44,475.52,0.15,90.59,Credit Card
ORD01872,10/7/2025,CUST0860,Riya Kapoor,Male,26,Lucknow,PROD011,Colgate Toothpaste,Personal Care,3,103.35,310.05,0.1,67.26,Cash
ORD01873,11/13/2025,CUST0632,Rohan Gupta,Female,53,Jaipur,PROD018,Nescafe Coffee,Beverages,4,200.42,801.68,0.15,100.37,Net Banking
ORD01874,10/29/2025,CUST0451,Anjali Shah,Female,27,Bengaluru,PROD010,Maggi Noodles,Groceries,7,15.53,108.71,0,14.75,Debit Card
ORD01875,12/14/2025,CUST0322,Pooja Kapoor,Female,55,Mumbai,PROD002,Tata Salt,Groceries,2,27.12,54.24,0,11,Credit Card
ORD01876,1/23/2025,CUST0060,Priya Das,Female,21,Mumbai,PROD016,Thums Up,Beverages,6,39.48,236.88,0.1,49.28,Debit Card
ORD01877,11/2/2025,CUST0117,Manish Singh,Male,58,Hyderabad,PROD003,Amul Milk,Dairy,8,57.71,461.68,0,54.76,Net Banking
ORD01878,12/30/2025,CUST0771,Arjun Gupta,Male,62,Pune,PROD018,Nescafe Coffee,Beverages,7,186.4,1304.8,0.05,151.54,Credit Card
ORD01879,9/6/2025,CUST0103,Rahul Singh,Female,31,Kolkata,PROD017,Good Day Cookies,Snacks,5,49.96,249.8,0.15,19,UPI
ORD01880,10/25/2025,CUST0051,Neha Gupta,Male,30,Jaipur,PROD001,Parle-G Biscuits,Snacks,5,32.13,160.65,0.05,25.97,Debit Card
ORD01881,5/21/2025,CUST0184,Pooja Joshi,Male,47,Hyderabad,PROD002,Tata Salt,Groceries,5,30.47,152.35,0.1,26.88,Net Banking
ORD01882,8/12/2025,CUST0629,Anjali Shah,Male,49,Hyderabad,PROD014,Kellogg's Corn Flakes,Groceries,7,215.17,1506.19,0,204.19,Debit Card
ORD01883,8/15/2025,CUST0166,Priya Shah,Female,62,Delhi,PROD001,Parle-G Biscuits,Snacks,5,29.92,149.6,0.05,23.21,Debit Card
ORD01884,4/24/2025,CUST0551,Neha Shah,Male,33,Bengaluru,PROD001,Parle-G Biscuits,Snacks,8,32.02,256.16,0.05,51.24,Credit Card
ORD01885,7/9/2025,CUST0801,Priya Mehta,Male,61,Kolkata,PROD017,Good Day Cookies,Snacks,1,50.69,50.69,0,11.44,Debit Card
ORD01886,6/22/2025,CUST0819,Nikhil Malhotra,Female,21,Jaipur,PROD013,Britannia Bread,Dairy,7,48.04,336.28,0,70.95,Debit Card
ORD01887,4/28/2025,CUST0056,Aditya Reddy,Male,28,Kolkata,PROD004,Lay's Chips,Snacks,7,36.57,255.99,0.15,39.91,UPI
ORD01888,5/31/2025,CUST0010,Simran Iyer,Female,20,Ahmedabad,PROD014,Kellogg's Corn Flakes,Groceries,3,226.45,679.35,0,74.55,Credit Card
ORD01889,8/31/2025,CUST0987,Anjali Nair,Male,53,Ahmedabad,PROD015,Harpic Cleaner,Home & Cleaning,7,136.83,957.81,0.1,170.66,Debit Card
ORD01890,2/10/2025,CUST0411,Nikhil Reddy,Male,25,Jaipur,PROD005,Coca Cola,Beverages,6,46.89,281.34,0.1,21.45,Credit Card
ORD01891,5/9/2025,CUST0288,Vikram Verma,Female,32,Pune,PROD004,Lay's Chips,Snacks,2,35.21,70.42,0.15,13.08,Net Banking
ORD01892,10/2/2025,CUST0817,Kavya Iyer,Male,30,Ahmedabad,PROD017,Good Day Cookies,Snacks,7,54.95,384.65,0,80.5,UPI
ORD01893,3/7/2025,CUST0111,Riya Mehta,Male,27,Mumbai,PROD016,Thums Up,Beverages,7,40.89,286.23,0.1,64.04,Credit Card
ORD01894,1/7/2025,CUST0896,Priya Malhotra,Male,24,Kolkata,PROD003,Amul Milk,Dairy,3,62.2,186.6,0.05,27.56,Debit Card
ORD01895,8/6/2025,CUST0457,Manish Reddy,Female,52,Chennai,PROD005,Coca Cola,Beverages,7,48.1,336.7,0,63.49,UPI
ORD01896,9/3/2025,CUST0151,Manish Gupta,Female,54,Lucknow,PROD004,Lay's Chips,Snacks,3,33.53,100.59,0.15,10.49,Debit Card
ORD01897,9/30/2025,CUST0234,Simran Iyer,Female,62,Hyderabad,PROD014,Kellogg's Corn Flakes,Groceries,6,221.44,1328.64,0.1,271.79,UPI
ORD01898,5/16/2025,CUST0473,Sneha Shah,Male,29,Kolkata,PROD018,Nescafe Coffee,Beverages,6,208.25,1249.5,0,178.23,Net Banking
ORD01899,4/30/2025,CUST0180,Amit Nair,Male,34,Lucknow,PROD010,Maggi Noodles,Groceries,3,14.53,43.59,0.15,7.34,Net Banking
ORD01900,12/13/2025,CUST0333,Priya Kapoor,Female,22,Chennai,PROD009,Aashirvaad Atta,Groceries,6,267.38,1604.28,0.05,134.14,Cash
ORD01901,3/16/2025,CUST0261,Manish Patel,Male,59,Lucknow,PROD010,Maggi Noodles,Groceries,6,14.89,89.34,0.1,11.06,Credit Card
ORD01902,8/18/2025,CUST0866,Neha Mehta,Female,28,Pune,PROD003,Amul Milk,Dairy,2,58.26,116.52,0,12.38,Debit Card
ORD01903,2/13/2025,CUST0789,Vikram Verma,Female,23,Ahmedabad,PROD018,Nescafe Coffee,Beverages,8,199.94,1599.52,0.15,278.29,Cash
ORD01904,12/14/2025,CUST0449,Meera Joshi,Female,59,Lucknow,PROD013,Britannia Bread,Dairy,4,44.39,177.56,0.05,31.99,Credit Card
ORD01905,12/17/2025,CUST0502,Amit Shah,Male,22,Ahmedabad,PROD006,Tata Tea,Beverages,1,117.45,117.45,0.15,17.13,Credit Card
ORD01906,2/1/2025,CUST0840,Arjun Singh,Female,30,Delhi,PROD003,Amul Milk,Dairy,8,60.18,481.44,0,92.13,UPI
ORD01907,11/22/2025,CUST0622,Meera Mehta,Male,40,Chennai,PROD013,Britannia Bread,Dairy,4,48.33,193.32,0.05,24.96,Credit Card
ORD01908,3/16/2025,CUST0034,Anjali Shah,Male,56,Chennai,PROD013,Britannia Bread,Dairy,4,44.94,179.76,0.15,25.29,Debit Card
ORD01909,12/25/2025,CUST0640,Sneha Singh,Male,46,Hyderabad,PROD008,Dove Soap,Personal Care,6,59.24,355.44,0.05,27.69,UPI
ORD01910,2/4/2025,CUST0528,Meera Sharma,Male,30,Lucknow,PROD003,Amul Milk,Dairy,7,60.96,426.72,0.15,46.69,Cash
ORD01911,8/7/2025,CUST0354,Manish Reddy,Male,45,Pune,PROD006,Tata Tea,Beverages,5,118.57,592.85,0.05,70.11,UPI
ORD01912,9/1/2025,CUST0846,Isha Nair,Female,60,Chennai,PROD018,Nescafe Coffee,Beverages,4,203.85,815.4,0.05,152.63,Net Banking
ORD01913,11/25/2025,CUST0635,Sneha Singh,Male,35,Bengaluru,PROD007,Surf Excel,Home & Cleaning,8,190.02,1520.16,0.15,126.91,Debit Card
ORD01914,9/20/2025,CUST0247,Isha Khan,Male,43,Mumbai,PROD020,Head & Shoulders,Personal Care,2,252.74,505.48,0.1,110.67,Debit Card
ORD01915,10/28/2025,CUST0896,Priya Malhotra,Male,24,Kolkata,PROD018,Nescafe Coffee,Beverages,7,203.41,1423.87,0.15,216.01,Net Banking
ORD01916,12/26/2025,CUST0527,Vikram Sharma,Female,42,Lucknow,PROD005,Coca Cola,Beverages,1,44.82,44.82,0.05,6.89,Credit Card
ORD01917,5/10/2025,CUST0858,Anjali Khan,Male,18,Ahmedabad,PROD016,Thums Up,Beverages,2,39.65,79.3,0.1,13.97,Cash
ORD01918,7/15/2025,CUST0239,Rohan Nair,Male,58,Mumbai,PROD002,Tata Salt,Groceries,2,30.22,60.44,0.15,8.83,Debit Card
ORD01919,10/31/2025,CUST0180,Amit Nair,Male,34,Lucknow,PROD009,Aashirvaad Atta,Groceries,3,271.42,814.26,0.15,131.7,Cash
ORD01920,2/27/2025,CUST0167,Riya Patel,Male,54,Hyderabad,PROD017,Good Day Cookies,Snacks,4,49.29,197.16,0,20.83,Net Banking
ORD01921,10/18/2025,CUST0512,Amit Patel,Male,46,Lucknow,PROD001,Parle-G Biscuits,Snacks,7,32.64,228.48,0,54.93,Credit Card
ORD01922,3/27/2025,CUST0177,Anjali Shah,Male,28,Mumbai,PROD017,Good Day Cookies,Snacks,1,52.84,52.84,0.15,10.65,Credit Card
ORD01923,1/2/2025,CUST0125,Riya Sharma,Female,37,Kolkata,PROD002,Tata Salt,Groceries,2,26.66,53.32,0,5.86,UPI
ORD01924,1/16/2025,CUST0065,Kavya Nair,Female,34,Bengaluru,PROD017,Good Day Cookies,Snacks,7,50.96,356.72,0.1,31.94,Net Banking
ORD01925,2/12/2025,CUST0862,Riya Mehta,Male,20,Jaipur,PROD020,Head & Shoulders,Personal Care,8,274.88,2199.04,0,180.11,Debit Card
ORD01926,5/1/2025,CUST0194,Pooja Nair,Female,53,Mumbai,PROD012,Dettol Handwash,Personal Care,7,117.65,823.55,0.05,70.8,Net Banking
ORD01927,1/25/2025,CUST0297,Karan Kapoor,Male,21,Delhi,PROD011,Colgate Toothpaste,Personal Care,4,99.39,397.56,0,71.66,Cash
ORD01928,10/29/2025,CUST0283,Amit Patel,Female,24,Chennai,PROD014,Kellogg's Corn Flakes,Groceries,3,205.64,616.92,0.05,87.6,Debit Card
ORD01929,7/26/2025,CUST0853,Priya Malhotra,Male,48,Bengaluru,PROD004,Lay's Chips,Snacks,1,33.27,33.27,0,5.25,Credit Card
ORD01930,2/8/2025,CUST0004,Amit Gupta,Male,50,Lucknow,PROD012,Dettol Handwash,Personal Care,5,120.07,600.35,0.15,73.72,Debit Card
ORD01931,2/17/2025,CUST0021,Amit Gupta,Female,31,Ahmedabad,PROD002,Tata Salt,Groceries,7,28.42,198.94,0.1,27.17,UPI
ORD01932,12/27/2025,CUST0014,Sneha Malhotra,Male,42,Hyderabad,PROD013,Britannia Bread,Dairy,6,44.77,268.62,0,53.86,Credit Card
ORD01933,10/30/2025,CUST0289,Simran Malhotra,Female,25,Hyderabad,PROD001,Parle-G Biscuits,Snacks,8,30.94,247.52,0,36.58,Debit Card
ORD01934,10/15/2025,CUST0791,Arjun Patel,Female,29,Chennai,PROD020,Head & Shoulders,Personal Care,8,248.64,1989.12,0.15,139.58,Credit Card
ORD01935,10/18/2025,CUST0441,Meera Shah,Female,50,Mumbai,PROD014,Kellogg's Corn Flakes,Groceries,4,208.77,835.08,0,120.46,Net Banking
ORD01936,9/28/2025,CUST0637,Riya Shah,Male,54,Pune,PROD013,Britannia Bread,Dairy,3,45.37,136.11,0.1,26.15,Credit Card
ORD01937,2/7/2025,CUST0553,Aditya Patel,Female,43,Ahmedabad,PROD014,Kellogg's Corn Flakes,Groceries,2,214.38,428.76,0.1,82.14,Debit Card
ORD01938,10/19/2025,CUST0032,Nikhil Reddy,Male,58,Hyderabad,PROD012,Dettol Handwash,Personal Care,7,107.48,752.36,0.1,151.31,Cash
ORD01939,2/14/2025,CUST0919,Isha Shah,Female,62,Pune,PROD013,Britannia Bread,Dairy,1,47.43,47.43,0,4.81,Credit Card
ORD01940,4/6/2025,CUST0442,Priya Sharma,Male,63,Chennai,PROD012,Dettol Handwash,Personal Care,8,118.51,948.08,0.15,143.56,Cash
ORD01941,10/20/2025,CUST0016,Simran Gupta,Female,62,Pune,PROD010,Maggi Noodles,Groceries,2,15.49,30.98,0,6.49,Debit Card
ORD01942,6/10/2025,CUST0957,Nikhil Verma,Female,52,Jaipur,PROD005,Coca Cola,Beverages,2,48.04,96.08,0.05,12.51,UPI
ORD01943,3/12/2025,CUST0472,Pooja Nair,Male,23,Lucknow,PROD016,Thums Up,Beverages,8,39.74,317.92,0,61.7,Cash
ORD01944,11/27/2025,CUST0304,Pooja Gupta,Male,34,Hyderabad,PROD013,Britannia Bread,Dairy,3,48.04,144.12,0,24.8,Net Banking
ORD01945,3/12/2025,CUST0149,Riya Joshi,Female,64,Lucknow,PROD009,Aashirvaad Atta,Groceries,2,260.32,520.64,0.15,65.71,Cash
ORD01946,10/28/2025,CUST0273,Priya Joshi,Female,45,Pune,PROD006,Tata Tea,Beverages,3,116.54,349.62,0.1,43.05,UPI
ORD01947,3/9/2025,CUST0461,Karan Joshi,Female,53,Hyderabad,PROD002,Tata Salt,Groceries,5,29.63,148.15,0.05,17.63,UPI
ORD01948,1/24/2025,CUST0844,Kavya Mehta,Female,65,Mumbai,PROD018,Nescafe Coffee,Beverages,6,199.91,1199.46,0.05,185.32,Debit Card
ORD01949,7/7/2025,CUST0446,Nikhil Malhotra,Female,63,Lucknow,PROD017,Good Day Cookies,Snacks,3,47.52,142.56,0.15,12.61,Cash
ORD01950,7/24/2025,CUST0851,Kavya Kapoor,Female,41,Hyderabad,PROD001,Parle-G Biscuits,Snacks,1,32.72,32.72,0,2.97,Credit Card
ORD01951,4/19/2025,CUST0948,Sahil Shah,Male,64,Bengaluru,PROD011,Colgate Toothpaste,Personal Care,7,94.17,659.19,0,104.21,Credit Card
ORD01952,5/24/2025,CUST0286,Kavya Malhotra,Male,36,Lucknow,PROD016,Thums Up,Beverages,3,41.02,123.06,0.15,19.23,UPI
ORD01953,12/19/2025,CUST0060,Priya Das,Female,21,Mumbai,PROD003,Amul Milk,Dairy,8,61.68,493.44,0.15,46.59,Debit Card
ORD01954,10/5/2025,CUST0735,Amit Gupta,Female,26,Pune,PROD015,Harpic Cleaner,Home & Cleaning,4,120.44,481.76,0.1,40.03,Debit Card
ORD01955,11/25/2025,CUST0007,Rahul Kapoor,Male,62,Kolkata,PROD016,Thums Up,Beverages,2,38.35,76.7,0.05,17.51,UPI
ORD01956,8/26/2025,CUST0094,Kavya Khan,Female,45,Lucknow,PROD004,Lay's Chips,Snacks,6,38.37,230.22,0.15,21.58,UPI
ORD01957,1/23/2025,CUST0836,Arjun Gupta,Female,37,Jaipur,PROD003,Amul Milk,Dairy,6,58.67,352.02,0,72.9,Debit Card
ORD01958,1/17/2025,CUST0233,Riya Patel,Male,42,Lucknow,PROD015,Harpic Cleaner,Home & Cleaning,1,134.14,134.14,0,15.28,Cash
ORD01959,5/12/2025,CUST0073,Rohan Singh,Male,24,Jaipur,PROD014,Kellogg's Corn Flakes,Groceries,6,220.94,1325.64,0,321.72,UPI
ORD01960,4/27/2025,CUST0899,Rohan Joshi,Female,25,Kolkata,PROD017,Good Day Cookies,Snacks,5,51.71,258.55,0.05,48.84,Credit Card
ORD01961,7/31/2025,CUST0817,Kavya Iyer,Male,30,Ahmedabad,PROD019,Vim Dishwash,Home & Cleaning,8,91.08,728.64,0.15,109.89,Debit Card
ORD01962,7/31/2025,CUST0135,Riya Sharma,Male,40,Bengaluru,PROD020,Head & Shoulders,Personal Care,5,257.88,1289.4,0.1,243.95,UPI
ORD01963,10/3/2025,CUST0983,Rahul Iyer,Female,52,Jaipur,PROD020,Head & Shoulders,Personal Care,3,285.12,855.36,0,185.45,UPI
ORD01964,10/15/2025,CUST0219,Karan Malhotra,Female,38,Ahmedabad,PROD003,Amul Milk,Dairy,1,59.32,59.32,0,6.3,Net Banking
ORD01965,7/4/2025,CUST0413,Sneha Khan,Female,23,Hyderabad,PROD008,Dove Soap,Personal Care,3,52.82,158.46,0.05,17.5,Cash
ORD01966,1/31/2025,CUST0263,Sahil Gupta,Male,53,Bengaluru,PROD017,Good Day Cookies,Snacks,4,50.03,200.12,0,30.32,Cash
ORD01967,10/29/2025,CUST0883,Priya Shah,Female,31,Ahmedabad,PROD009,Aashirvaad Atta,Groceries,7,238.96,1672.72,0.1,235.04,Net Banking
ORD01968,6/5/2025,CUST0225,Nikhil Mehta,Male,28,Delhi,PROD009,Aashirvaad Atta,Groceries,5,272.41,1362.05,0.15,131.04,Credit Card
ORD01969,3/12/2025,CUST0326,Nikhil Mehta,Female,55,Jaipur,PROD008,Dove Soap,Personal Care,7,59.85,418.95,0.05,59.3,Net Banking
ORD01970,12/27/2025,CUST0049,Simran Mehta,Female,47,Mumbai,PROD011,Colgate Toothpaste,Personal Care,6,91.01,546.06,0.1,116.77,UPI
ORD01971,7/23/2025,CUST0403,Simran Shah,Male,25,Bengaluru,PROD012,Dettol Handwash,Personal Care,8,114.73,917.84,0.05,81.62,Credit Card
ORD01972,10/4/2025,CUST0211,Isha Mehta,Female,38,Bengaluru,PROD019,Vim Dishwash,Home & Cleaning,3,95.34,286.02,0,51.77,Debit Card
ORD01973,12/8/2025,CUST0924,Priya Reddy,Male,46,Ahmedabad,PROD011,Colgate Toothpaste,Personal Care,2,90.86,181.72,0.05,35.25,Net Banking
ORD01974,9/17/2025,CUST0105,Manish Nair,Male,50,Ahmedabad,PROD008,Dove Soap,Personal Care,2,60.1,120.2,0,19.07,Cash
ORD01975,8/16/2025,CUST0098,Amit Nair,Female,57,Chennai,PROD020,Head & Shoulders,Personal Care,1,252.55,252.55,0.05,47.91,Cash
ORD01976,7/9/2025,CUST0056,Aditya Reddy,Male,28,Kolkata,PROD006,Tata Tea,Beverages,3,125.41,376.23,0.1,68.37,Credit Card
ORD01977,12/8/2025,CUST0323,Simran Shah,Male,37,Ahmedabad,PROD009,Aashirvaad Atta,Groceries,2,263.1,526.2,0,121.98,Credit Card
ORD01978,1/31/2025,CUST0187,Meera Singh,Male,23,Bengaluru,PROD015,Harpic Cleaner,Home & Cleaning,6,133.47,800.82,0.15,95.81,UPI
ORD01979,4/4/2025,CUST0162,Karan Patel,Male,30,Bengaluru,PROD014,Kellogg's Corn Flakes,Groceries,1,201.99,201.99,0,27.74,Debit Card
ORD01980,8/13/2025,CUST0990,Riya Khan,Female,26,Bengaluru,PROD019,Vim Dishwash,Home & Cleaning,5,91.44,457.2,0.15,53.54,Debit Card
ORD01981,8/26/2025,CUST0045,Amit Shah,Male,35,Ahmedabad,PROD016,Thums Up,Beverages,2,42.59,85.18,0,19.04,Net Banking
ORD01982,11/26/2025,CUST0564,Isha Khan,Female,65,Delhi,PROD002,Tata Salt,Groceries,6,29.57,177.42,0.15,29.35,UPI
ORD01983,12/13/2025,CUST0936,Karan Das,Male,40,Jaipur,PROD008,Dove Soap,Personal Care,2,52.65,105.3,0.1,12.22,Net Banking
ORD01984,5/23/2025,CUST0222,Neha Joshi,Male,62,Hyderabad,PROD010,Maggi Noodles,Groceries,1,14.71,14.71,0.15,1.25,Debit Card
ORD01985,5/26/2025,CUST0130,Rahul Reddy,Female,55,Lucknow,PROD002,Tata Salt,Groceries,4,28.4,113.6,0.15,17.76,UPI
ORD01986,12/1/2025,CUST0074,Rohan Singh,Female,56,Bengaluru,PROD018,Nescafe Coffee,Beverages,5,198.37,991.85,0,240.44,Debit Card
ORD01987,5/5/2025,CUST0902,Nikhil Shah,Male,45,Bengaluru,PROD020,Head & Shoulders,Personal Care,3,284.43,853.29,0.05,112.55,Debit Card
ORD01988,1/18/2025,CUST0703,Sneha Khan,Male,44,Chennai,PROD019,Vim Dishwash,Home & Cleaning,6,87.48,524.88,0.05,72.77,UPI
ORD01989,10/8/2025,CUST0418,Priya Nair,Female,59,Bengaluru,PROD016,Thums Up,Beverages,1,41.86,41.86,0.1,6.67,UPI
ORD01990,12/23/2025,CUST0076,Arjun Reddy,Male,23,Kolkata,PROD018,Nescafe Coffee,Beverages,7,200.94,1406.58,0.1,157.82,Credit Card
ORD01991,4/22/2025,CUST0491,Simran Mehta,Female,52,Bengaluru,PROD017,Good Day Cookies,Snacks,5,52.71,263.55,0,53.19,Credit Card
ORD01992,1/11/2025,CUST0584,Simran Singh,Male,64,Ahmedabad,PROD010,Maggi Noodles,Groceries,5,15.56,77.8,0.05,16.74,UPI
ORD01993,1/5/2025,CUST0403,Simran Shah,Male,25,Bengaluru,PROD016,Thums Up,Beverages,8,40.26,322.08,0,44.06,Credit Card
ORD01994,6/10/2025,CUST0165,Rahul Das,Male,35,Mumbai,PROD012,Dettol Handwash,Personal Care,1,105.7,105.7,0,26.16,Debit Card
ORD01995,4/5/2025,CUST0134,Arjun Kapoor,Female,34,Pune,PROD013,Britannia Bread,Dairy,3,44.68,134.04,0.1,20.67,Net Banking
ORD01996,2/18/2025,CUST0063,Amit Nair,Male,43,Pune,PROD006,Tata Tea,Beverages,3,117.94,353.82,0,46.81,UPI
ORD01997,1/24/2025,CUST0016,Simran Gupta,Female,62,Pune,PROD002,Tata Salt,Groceries,1,29.3,29.3,0.1,5.87,Debit Card
ORD01998,3/1/2025,CUST0251,Meera Reddy,Female,57,Bengaluru,PROD001,Parle-G Biscuits,Snacks,7,30.8,215.6,0,17.76,UPI
ORD01999,1/4/2025,CUST0394,Sahil Verma,Female,43,Chennai,PROD013,Britannia Bread,Dairy,8,44.23,353.84,0,65.38,Debit Card
ORD02000,10/6/2025,CUST0918,Rahul Khan,Female,58,Hyderabad,PROD011,Colgate Toothpaste,Personal Care,8,95.01,760.08,0.15,112.8,Cash
ORD02001,8/5/2025,CUST0332,Pooja Mehta,Female,39,Lucknow,PROD019,Vim Dishwash,Home & Cleaning,3,86.68,260.04,0.15,45.37,Debit Card
ORD02002,4/2/2025,CUST0172,Neha Shah,Female,56,Lucknow,PROD013,Britannia Bread,Dairy,1,44.31,44.31,0,6.7,UPI
ORD02003,5/11/2025,CUST0906,Amit Kapoor,Female,38,Bengaluru,PROD005,Coca Cola,Beverages,8,45.25,362,0.15,34.37,Cash
ORD02004,6/26/2025,CUST0475,Anjali Reddy,Female,20,Mumbai,PROD001,Parle-G Biscuits,Snacks,3,28.5,85.5,0.1,7.65,Credit Card
ORD02005,3/28/2025,CUST0232,Manish Malhotra,Female,30,Kolkata,PROD018,Nescafe Coffee,Beverages,1,185.66,185.66,0.1,33.26,UPI
ORD02006,9/25/2025,CUST0663,Priya Mehta,Female,64,Bengaluru,PROD020,Head & Shoulders,Personal Care,3,249.63,748.89,0.15,135.95,Net Banking
ORD02007,2/24/2025,CUST0932,Kavya Iyer,Female,62,Jaipur,PROD016,Thums Up,Beverages,1,42.12,42.12,0.15,3.44,UPI
ORD02008,2/11/2025,CUST0516,Karan Iyer,Female,33,Hyderabad,PROD014,Kellogg's Corn Flakes,Groceries,4,216.37,865.48,0.05,142.69,Net Banking
ORD02009,12/20/2025,CUST0902,Nikhil Shah,Male,45,Bengaluru,PROD011,Colgate Toothpaste,Personal Care,8,100.09,800.72,0.1,78.17,UPI
ORD02010,9/3/2025,CUST0391,Priya Verma,Male,33,Chennai,PROD018,Nescafe Coffee,Beverages,1,200.7,200.7,0.05,44.98,Net Banking
ORD02011,3/21/2025,CUST0784,Vikram Mehta,Female,60,Hyderabad,PROD020,Head & Shoulders,Personal Care,4,249.62,998.48,0.1,164.87,Net Banking
ORD02012,6/9/2025,CUST0931,Karan Singh,Female,26,Delhi,PROD019,Vim Dishwash,Home & Cleaning,8,97.64,781.12,0.15,84.28,UPI
ORD02013,1/28/2025,CUST0674,Neha Verma,Male,55,Kolkata,PROD004,Lay's Chips,Snacks,3,34.13,102.39,0.1,9.92,Credit Card
ORD02014,3/21/2025,CUST0565,Amit Shah,Female,21,Pune,PROD007,Surf Excel,Home & Cleaning,5,185.49,927.45,0,95.52,UPI
ORD02015,3/9/2025,CUST0259,Simran Patel,Female,52,Chennai,PROD003,Amul Milk,Dairy,5,59.51,297.55,0.05,54.08,Net Banking
ORD02016,12/30/2025,CUST0766,Aditya Malhotra,Male,29,Lucknow,PROD004,Lay's Chips,Snacks,2,35.46,70.92,0.05,12,Credit Card
ORD02017,11/21/2025,CUST0718,Nikhil Verma,Female,22,Lucknow,PROD001,Parle-G Biscuits,Snacks,3,31.81,95.43,0,9.7,Credit Card
ORD02018,8/13/2025,CUST0052,Manish Verma,Female,29,Hyderabad,PROD009,Aashirvaad Atta,Groceries,3,245.71,737.13,0,75.33,Cash
ORD02019,3/8/2025,CUST0368,Rahul Iyer,Female,33,Lucknow,PROD005,Coca Cola,Beverages,2,44.39,88.78,0,7.73,Net Banking
ORD02020,4/11/2025,CUST0096,Arjun Sharma,Female,18,Jaipur,PROD014,Kellogg's Corn Flakes,Groceries,6,227.42,1364.52,0.1,151.16,UPI
ORD02021,8/14/2025,CUST0699,Arjun Kapoor,Male,54,Pune,PROD002,Tata Salt,Groceries,6,29.6,177.6,0.15,18,Cash
ORD02022,4/25/2025,CUST0471,Riya Nair,Male,36,Chennai,PROD012,Dettol Handwash,Personal Care,7,119.4,835.8,0,153.69,Credit Card
ORD02023,12/16/2025,CUST0787,Simran Sharma,Female,23,Hyderabad,PROD003,Amul Milk,Dairy,1,62.87,62.87,0.15,5.09,UPI
ORD02024,3/23/2025,CUST0481,Vikram Verma,Female,45,Jaipur,PROD010,Maggi Noodles,Groceries,7,16.2,113.4,0,25.66,Net Banking
ORD02025,10/5/2025,CUST0768,Neha Reddy,Female,27,Chennai,PROD017,Good Day Cookies,Snacks,4,48.39,193.56,0,24.16,Debit Card
ORD02026,4/14/2025,CUST0069,Vikram Shah,Female,26,Chennai,PROD020,Head & Shoulders,Personal Care,7,262.28,1835.96,0,324,UPI
ORD02027,7/8/2025,CUST0430,Manish Joshi,Female,49,Mumbai,PROD016,Thums Up,Beverages,1,41.01,41.01,0.05,5.8,Cash
ORD02028,12/25/2025,CUST0862,Riya Mehta,Male,20,Jaipur,PROD013,Britannia Bread,Dairy,8,49.19,393.52,0,57.11,Cash
ORD02029,1/31/2025,CUST0953,Manish Das,Male,20,Delhi,PROD005,Coca Cola,Beverages,2,46.6,93.2,0.1,11.87,Debit Card
ORD02030,8/9/2025,CUST0596,Kavya Nair,Female,26,Hyderabad,PROD010,Maggi Noodles,Groceries,5,14.93,74.65,0,11.57,Cash
ORD02031,1/5/2025,CUST0202,Pooja Shah,Male,53,Kolkata,PROD010,Maggi Noodles,Groceries,4,15.86,63.44,0.15,8.14,Debit Card
ORD02032,3/28/2025,CUST0663,Priya Mehta,Female,64,Bengaluru,PROD020,Head & Shoulders,Personal Care,7,253.52,1774.64,0,181.03,Cash
ORD02033,7/30/2025,CUST0138,Sneha Verma,Female,60,Pune,PROD014,Kellogg's Corn Flakes,Groceries,2,202.29,404.58,0,49.95,Credit Card
ORD02034,9/21/2025,CUST0942,Vikram Kapoor,Male,40,Ahmedabad,PROD011,Colgate Toothpaste,Personal Care,6,94.05,564.3,0,54.87,Net Banking
ORD02035,11/13/2025,CUST0652,Aditya Shah,Female,62,Chennai,PROD002,Tata Salt,Groceries,8,30.59,244.72,0.15,50.25,UPI
ORD02036,12/31/2025,CUST0758,Karan Sharma,Male,27,Lucknow,PROD020,Head & Shoulders,Personal Care,7,252.75,1769.25,0,359.41,UPI
ORD02037,5/3/2025,CUST0674,Neha Verma,Male,55,Kolkata,PROD020,Head & Shoulders,Personal Care,7,257.28,1800.96,0,315.44,Credit Card
ORD02038,12/8/2025,CUST0738,Riya Sharma,Female,61,Kolkata,PROD010,Maggi Noodles,Groceries,8,16.44,131.52,0,30.4,UPI
ORD02039,1/18/2025,CUST0374,Simran Shah,Female,59,Delhi,PROD018,Nescafe Coffee,Beverages,4,186.91,747.64,0.05,171.43,Credit Card
ORD02040,1/15/2025,CUST0080,Isha Sharma,Female,55,Jaipur,PROD003,Amul Milk,Dairy,6,64.64,387.84,0.15,54.37,Debit Card
ORD02041,10/16/2025,CUST0737,Anjali Reddy,Female,64,Kolkata,PROD009,Aashirvaad Atta,Groceries,6,269.88,1619.28,0.1,343.56,Debit Card
ORD02042,11/22/2025,CUST0512,Amit Patel,Male,46,Lucknow,PROD011,Colgate Toothpaste,Personal Care,8,95.97,767.76,0.05,147.84,Debit Card
ORD02043,8/30/2025,CUST0970,Kavya Nair,Male,65,Delhi,PROD007,Surf Excel,Home & Cleaning,6,197.11,1182.66,0.1,152.23,Debit Card
ORD02044,5/24/2025,CUST0403,Simran Shah,Male,25,Bengaluru,PROD013,Britannia Bread,Dairy,7,49.25,344.75,0,52.83,Credit Card
ORD02045,1/5/2025,CUST0081,Rohan Mehta,Male,20,Hyderabad,PROD006,Tata Tea,Beverages,6,119.14,714.84,0,122.26,Net Banking
ORD02046,7/24/2025,CUST0341,Karan Kapoor,Female,30,Bengaluru,PROD020,Head & Shoulders,Personal Care,5,266.81,1334.05,0.05,141.32,Net Banking
ORD02047,8/17/2025,CUST0147,Kavya Khan,Female,63,Delhi,PROD011,Colgate Toothpaste,Personal Care,6,98.45,590.7,0.1,69.83,Credit Card
ORD02048,7/8/2025,CUST0116,Nikhil Mehta,Female,28,Ahmedabad,PROD008,Dove Soap,Personal Care,1,55.99,55.99,0.05,5.49,Net Banking
ORD02049,12/8/2025,CUST0122,Amit Mehta,Female,39,Jaipur,PROD009,Aashirvaad Atta,Groceries,3,251.93,755.79,0.05,63.87,Debit Card
ORD02050,3/1/2025,CUST0667,Karan Malhotra,Male,45,Delhi,PROD018,Nescafe Coffee,Beverages,4,187.56,750.24,0,180.03,Debit Card
ORD02051,7/31/2025,CUST0796,Sahil Gupta,Male,42,Jaipur,PROD011,Colgate Toothpaste,Personal Care,5,93.29,466.45,0,73.22,Credit Card
ORD02052,11/27/2025,CUST0674,Neha Verma,Male,55,Kolkata,PROD015,Harpic Cleaner,Home & Cleaning,4,120.7,482.8,0,41.09,UPI
ORD02053,2/10/2025,CUST0508,Manish Nair,Female,52,Kolkata,PROD017,Good Day Cookies,Snacks,6,54.4,326.4,0,77.82,Debit Card
ORD02054,3/22/2025,CUST0748,Priya Kapoor,Female,51,Chennai,PROD018,Nescafe Coffee,Beverages,8,183.13,1465.04,0.15,159.08,Credit Card
ORD02055,5/13/2025,CUST0372,Rahul Khan,Male,40,Bengaluru,PROD009,Aashirvaad Atta,Groceries,3,253.74,761.22,0.15,139.49,Debit Card
ORD02056,3/25/2025,CUST0865,Sneha Gupta,Female,37,Delhi,PROD016,Thums Up,Beverages,1,38.67,38.67,0,7.32,UPI
ORD02057,8/16/2025,CUST0709,Pooja Iyer,Female,65,Lucknow,PROD017,Good Day Cookies,Snacks,7,53.47,374.29,0,44.1,Cash
ORD02058,4/10/2025,CUST0464,Simran Reddy,Female,59,Hyderabad,PROD005,Coca Cola,Beverages,7,45.45,318.15,0.05,45.08,Cash
ORD02059,11/19/2025,CUST0004,Amit Gupta,Male,50,Lucknow,PROD004,Lay's Chips,Snacks,5,38.03,190.15,0,45.11,Debit Card
ORD02060,7/8/2025,CUST0835,Kavya Reddy,Female,40,Ahmedabad,PROD005,Coca Cola,Beverages,8,49.04,392.32,0,33.03,Debit Card
ORD02061,12/16/2025,CUST0665,Rahul Gupta,Female,22,Delhi,PROD017,Good Day Cookies,Snacks,1,47.77,47.77,0,7.75,Credit Card
ORD02062,4/10/2025,CUST0747,Rahul Khan,Male,19,Hyderabad,PROD005,Coca Cola,Beverages,2,44.84,89.68,0.05,13.52,UPI
ORD02063,3/5/2025,CUST0436,Priya Mehta,Male,54,Jaipur,PROD001,Parle-G Biscuits,Snacks,5,29.52,147.6,0.15,24.8,Credit Card
ORD02064,4/12/2025,CUST0782,Kavya Nair,Male,56,Kolkata,PROD013,Britannia Bread,Dairy,2,46.09,92.18,0,21.61,UPI
ORD02065,7/20/2025,CUST0203,Amit Gupta,Male,47,Pune,PROD013,Britannia Bread,Dairy,6,45.12,270.72,0,45.5,Credit Card
ORD02066,6/26/2025,CUST0929,Meera Iyer,Female,50,Kolkata,PROD001,Parle-G Biscuits,Snacks,3,31.09,93.27,0.1,17.9,Credit Card
ORD02067,3/17/2025,CUST0737,Anjali Reddy,Female,64,Kolkata,PROD012,Dettol Handwash,Personal Care,6,118.15,708.9,0,166.32,Credit Card
ORD02068,11/5/2025,CUST0155,Nikhil Gupta,Male,33,Kolkata,PROD015,Harpic Cleaner,Home & Cleaning,4,131.86,527.44,0,122.32,Net Banking
ORD02069,4/24/2025,CUST0179,Sneha Singh,Female,62,Ahmedabad,PROD001,Parle-G Biscuits,Snacks,5,30.14,150.7,0.1,26.79,Debit Card
ORD02070,1/18/2025,CUST0231,Pooja Nair,Female,62,Hyderabad,PROD005,Coca Cola,Beverages,4,45.61,182.44,0,30.33,Cash
ORD02071,4/6/2025,CUST0407,Aditya Das,Female,51,Kolkata,PROD003,Amul Milk,Dairy,1,61.96,61.96,0.1,4.89,Cash
ORD02072,4/13/2025,CUST0622,Meera Mehta,Male,40,Chennai,PROD016,Thums Up,Beverages,2,42.59,85.18,0,18.83,Cash
ORD02073,7/1/2025,CUST0040,Vikram Das,Female,43,Chennai,PROD004,Lay's Chips,Snacks,1,35.83,35.83,0,5.28,Net Banking
ORD02074,11/19/2025,CUST0228,Arjun Joshi,Female,60,Mumbai,PROD018,Nescafe Coffee,Beverages,3,200.62,601.86,0.1,104.68,Cash
ORD02075,8/15/2025,CUST0946,Isha Sharma,Male,65,Hyderabad,PROD009,Aashirvaad Atta,Groceries,5,266.73,1333.65,0.1,136.89,Debit Card
ORD02076,3/20/2025,CUST0135,Riya Sharma,Male,40,Bengaluru,PROD005,Coca Cola,Beverages,4,49.36,197.44,0,48.76,Credit Card
ORD02077,3/20/2025,CUST0976,Meera Patel,Male,62,Pune,PROD006,Tata Tea,Beverages,1,125.43,125.43,0.15,13.82,Debit Card
ORD02078,7/1/2025,CUST0574,Rahul Singh,Female,41,Hyderabad,PROD019,Vim Dishwash,Home & Cleaning,3,95.18,285.54,0,31.51,Cash
ORD02079,6/22/2025,CUST0059,Pooja Gupta,Male,55,Jaipur,PROD013,Britannia Bread,Dairy,3,48.29,144.87,0.15,30.64,Credit Card
ORD02080,5/6/2025,CUST0381,Simran Mehta,Female,65,Ahmedabad,PROD002,Tata Salt,Groceries,7,27.62,193.34,0.1,39.49,UPI
ORD02081,5/1/2025,CUST0876,Aditya Patel,Female,48,Delhi,PROD004,Lay's Chips,Snacks,1,34.68,34.68,0.1,3.96,UPI
ORD02082,12/1/2025,CUST0498,Rohan Shah,Female,47,Lucknow,PROD011,Colgate Toothpaste,Personal Care,4,102.46,409.84,0.05,82.26,Net Banking
ORD02083,7/17/2025,CUST0332,Pooja Mehta,Female,39,Lucknow,PROD005,Coca Cola,Beverages,1,48.75,48.75,0,5.72,Credit Card
ORD02084,8/31/2025,CUST0411,Nikhil Reddy,Male,25,Jaipur,PROD002,Tata Salt,Groceries,5,29.39,146.95,0,26.02,Debit Card
ORD02085,6/13/2025,CUST0396,Riya Shah,Female,53,Pune,PROD003,Amul Milk,Dairy,6,63.57,381.42,0.1,30.09,Debit Card
ORD02086,8/8/2025,CUST0583,Arjun Mehta,Female,48,Pune,PROD003,Amul Milk,Dairy,3,65.43,196.29,0,27.99,Debit Card
ORD02087,12/10/2025,CUST0074,Rohan Singh,Female,56,Bengaluru,PROD003,Amul Milk,Dairy,6,59.97,359.82,0.05,28.33,UPI
ORD02088,7/3/2025,CUST0591,Sahil Kapoor,Male,38,Kolkata,PROD013,Britannia Bread,Dairy,4,46.74,186.96,0.1,29.11,Credit Card
ORD02089,8/11/2025,CUST0062,Amit Malhotra,Male,22,Lucknow,PROD016,Thums Up,Beverages,1,42.87,42.87,0,5.28,Credit Card
ORD02090,12/5/2025,CUST0683,Anjali Kapoor,Female,22,Mumbai,PROD001,Parle-G Biscuits,Snacks,2,31.3,62.6,0.1,5.43,UPI
ORD02091,8/9/2025,CUST0154,Karan Singh,Female,53,Mumbai,PROD010,Maggi Noodles,Groceries,2,16.37,32.74,0.15,3.38,Net Banking
ORD02092,8/31/2025,CUST0414,Vikram Nair,Female,26,Hyderabad,PROD015,Harpic Cleaner,Home & Cleaning,8,126.36,1010.88,0.15,208.22,Credit Card
ORD02093,11/5/2025,CUST0076,Arjun Reddy,Male,23,Kolkata,PROD006,Tata Tea,Beverages,7,122.83,859.81,0.1,92.34,Credit Card
ORD02094,6/23/2025,CUST0136,Amit Kapoor,Male,19,Bengaluru,PROD015,Harpic Cleaner,Home & Cleaning,7,131.41,919.87,0,145.58,Net Banking
ORD02095,11/23/2025,CUST0987,Anjali Nair,Male,53,Ahmedabad,PROD017,Good Day Cookies,Snacks,8,52.37,418.96,0.1,52.76,Credit Card
ORD02096,7/15/2025,CUST0964,Isha Das,Female,19,Jaipur,PROD019,Vim Dishwash,Home & Cleaning,5,88.24,441.2,0.15,35.85,Debit Card
ORD02097,4/4/2025,CUST0317,Sneha Patel,Male,34,Bengaluru,PROD007,Surf Excel,Home & Cleaning,1,196.75,196.75,0.15,31.49,Credit Card
ORD02098,1/13/2025,CUST0128,Karan Nair,Female,64,Delhi,PROD005,Coca Cola,Beverages,1,43.82,43.82,0.15,3.42,Debit Card
ORD02099,5/26/2025,CUST0498,Rohan Shah,Female,47,Lucknow,PROD013,Britannia Bread,Dairy,5,49.45,247.25,0.15,39.68,Cash
ORD02100,6/6/2025,CUST0008,Karan Singh,Male,31,Chennai,PROD002,Tata Salt,Groceries,1,27.19,27.19,0.15,3.67,Debit Card
ORD02101,8/19/2025,CUST0558,Sahil Malhotra,Male,51,Mumbai,PROD014,Kellogg's Corn Flakes,Groceries,8,212.13,1697.04,0.15,225.22,Debit Card
ORD02102,8/7/2025,CUST0907,Karan Singh,Male,50,Bengaluru,PROD003,Amul Milk,Dairy,7,64.35,450.45,0.1,93.81,UPI
ORD02103,12/24/2025,CUST0264,Sahil Gupta,Male,39,Delhi,PROD011,Colgate Toothpaste,Personal Care,1,90.58,90.58,0,12.68,Credit Card
ORD02104,10/17/2025,CUST0482,Karan Patel,Female,60,Pune,PROD007,Surf Excel,Home & Cleaning,1,186.9,186.9,0.1,41.34,Cash
ORD02105,10/17/2025,CUST0632,Rohan Gupta,Female,53,Jaipur,PROD006,Tata Tea,Beverages,8,121.94,975.52,0,224.43,Debit Card
ORD02106,7/9/2025,CUST0141,Neha Iyer,Male,37,Lucknow,PROD019,Vim Dishwash,Home & Cleaning,7,88.51,619.57,0,54.78,Net Banking
ORD02107,3/24/2025,CUST0478,Manish Singh,Male,25,Chennai,PROD001,Parle-G Biscuits,Snacks,3,30.16,90.48,0,9.72,Cash
ORD02108,11/11/2025,CUST0424,Simran Mehta,Male,41,Jaipur,PROD007,Surf Excel,Home & Cleaning,7,179.09,1253.63,0,282.15,Debit Card
ORD02109,7/31/2025,CUST0939,Neha Sharma,Female,27,Mumbai,PROD017,Good Day Cookies,Snacks,6,52.09,312.54,0.05,70.32,Cash
ORD02110,6/7/2025,CUST0254,Pooja Joshi,Male,24,Bengaluru,PROD010,Maggi Noodles,Groceries,6,15.95,95.7,0.05,18.79,Debit Card
ORD02111,11/5/2025,CUST0805,Manish Reddy,Male,62,Lucknow,PROD003,Amul Milk,Dairy,5,62.51,312.55,0.1,49.73,Net Banking
ORD02112,8/19/2025,CUST0251,Meera Reddy,Female,57,Bengaluru,PROD020,Head & Shoulders,Personal Care,4,279.52,1118.08,0.05,134.77,Debit Card
ORD02113,12/13/2025,CUST0232,Manish Malhotra,Female,30,Kolkata,PROD019,Vim Dishwash,Home & Cleaning,5,97.34,486.7,0.05,38.34,Net Banking
ORD02114,3/7/2025,CUST0176,Arjun Nair,Male,28,Bengaluru,PROD005,Coca Cola,Beverages,4,43.07,172.28,0.05,27.02,Net Banking
ORD02115,9/25/2025,CUST0741,Meera Iyer,Male,59,Hyderabad,PROD016,Thums Up,Beverages,4,43.93,175.72,0.15,28.26,Net Banking
ORD02116,10/20/2025,CUST0879,Rohan Mehta,Male,50,Lucknow,PROD009,Aashirvaad Atta,Groceries,2,246.84,493.68,0,120.68,Cash
ORD02117,9/3/2025,CUST0133,Vikram Joshi,Female,39,Kolkata,PROD002,Tata Salt,Groceries,3,27.08,81.24,0.1,15.32,Debit Card
ORD02118,8/30/2025,CUST0309,Karan Iyer,Female,54,Kolkata,PROD017,Good Day Cookies,Snacks,6,48.95,293.7,0.1,37.8,Net Banking
ORD02119,10/18/2025,CUST0136,Amit Kapoor,Male,19,Bengaluru,PROD005,Coca Cola,Beverages,1,44.4,44.4,0,5.83,Cash
ORD02120,4/25/2025,CUST0869,Karan Reddy,Female,40,Bengaluru,PROD010,Maggi Noodles,Groceries,7,16.34,114.38,0,23.22,Net Banking
ORD02121,2/28/2025,CUST0056,Aditya Reddy,Male,28,Kolkata,PROD001,Parle-G Biscuits,Snacks,3,32.54,97.62,0.05,9.1,Credit Card
ORD02122,11/1/2025,CUST0752,Sahil Khan,Female,55,Mumbai,PROD015,Harpic Cleaner,Home & Cleaning,6,134.85,809.1,0.05,130.59,Cash
ORD02123,10/12/2025,CUST0195,Manish Patel,Female,34,Chennai,PROD011,Colgate Toothpaste,Personal Care,6,99.2,595.2,0.1,130.63,Cash
ORD02124,10/10/2025,CUST0995,Kavya Singh,Female,26,Chennai,PROD003,Amul Milk,Dairy,4,65.5,262,0.05,49.78,Debit Card
ORD02125,4/25/2025,CUST0194,Pooja Nair,Female,53,Mumbai,PROD009,Aashirvaad Atta,Groceries,6,252.37,1514.22,0,142.93,Net Banking
ORD02126,4/8/2025,CUST0564,Isha Khan,Female,65,Delhi,PROD012,Dettol Handwash,Personal Care,1,119.1,119.1,0.05,26.18,Cash
ORD02127,5/30/2025,CUST0162,Karan Patel,Male,30,Bengaluru,PROD005,Coca Cola,Beverages,1,48.54,48.54,0,6.44,Credit Card
ORD02128,12/6/2025,CUST0272,Meera Sharma,Female,47,Mumbai,PROD014,Kellogg's Corn Flakes,Groceries,4,220.16,880.64,0,115.55,Cash
ORD02129,10/4/2025,CUST0732,Neha Sharma,Male,32,Delhi,PROD019,Vim Dishwash,Home & Cleaning,7,92.31,646.17,0.1,123.78,UPI
ORD02130,5/24/2025,CUST0034,Anjali Shah,Male,56,Chennai,PROD018,Nescafe Coffee,Beverages,6,200.76,1204.56,0,212.9,Cash
ORD02131,9/7/2025,CUST0772,Simran Singh,Male,64,Mumbai,PROD019,Vim Dishwash,Home & Cleaning,1,87.57,87.57,0,16.63,Cash
ORD02132,6/4/2025,CUST0911,Neha Joshi,Male,24,Kolkata,PROD010,Maggi Noodles,Groceries,2,15.3,30.6,0,7.62,Credit Card
ORD02133,7/7/2025,CUST0862,Riya Mehta,Male,20,Jaipur,PROD011,Colgate Toothpaste,Personal Care,1,92.46,92.46,0.15,16.89,UPI
ORD02134,6/22/2025,CUST0168,Riya Joshi,Female,39,Delhi,PROD006,Tata Tea,Beverages,5,121.6,608,0.05,64,Credit Card
ORD02135,4/30/2025,CUST0204,Rohan Joshi,Female,50,Hyderabad,PROD007,Surf Excel,Home & Cleaning,3,185.05,555.15,0,103.27,UPI
ORD02136,4/21/2025,CUST0140,Simran Verma,Male,28,Hyderabad,PROD001,Parle-G Biscuits,Snacks,3,29.99,89.97,0.15,19.01,Credit Card
ORD02137,8/28/2025,CUST0899,Rohan Joshi,Female,25,Kolkata,PROD001,Parle-G Biscuits,Snacks,4,28.6,114.4,0,14.08,Cash
ORD02138,1/6/2025,CUST0070,Amit Reddy,Male,41,Hyderabad,PROD004,Lay's Chips,Snacks,7,37.36,261.52,0.05,59.27,Cash
ORD02139,6/11/2025,CUST0877,Vikram Das,Male,37,Kolkata,PROD014,Kellogg's Corn Flakes,Groceries,3,223.94,671.82,0.15,104.9,Credit Card
ORD02140,2/10/2025,CUST0921,Kavya Patel,Female,57,Bengaluru,PROD002,Tata Salt,Groceries,3,27.77,83.31,0.05,9.17,Credit Card
ORD02141,4/21/2025,CUST0933,Karan Das,Male,30,Bengaluru,PROD008,Dove Soap,Personal Care,5,58.98,294.9,0,35.37,Debit Card
ORD02142,10/25/2025,CUST0734,Sahil Iyer,Female,22,Mumbai,PROD005,Coca Cola,Beverages,1,43.61,43.61,0.05,6.54,UPI
ORD02143,7/11/2025,CUST0094,Kavya Khan,Female,45,Lucknow,PROD015,Harpic Cleaner,Home & Cleaning,3,136.71,410.13,0,53.22,UPI
ORD02144,2/22/2025,CUST0450,Sahil Gupta,Male,55,Ahmedabad,PROD014,Kellogg's Corn Flakes,Groceries,5,220.31,1101.55,0.15,148.53,Cash
ORD02145,11/4/2025,CUST0658,Karan Reddy,Male,20,Pune,PROD016,Thums Up,Beverages,6,42.95,257.7,0.1,22.73,Credit Card
ORD02146,8/14/2025,CUST0948,Sahil Shah,Male,64,Bengaluru,PROD009,Aashirvaad Atta,Groceries,1,251.99,251.99,0.15,25.42,Credit Card
ORD02147,6/12/2025,CUST0808,Neha Kapoor,Female,52,Chennai,PROD016,Thums Up,Beverages,3,40.04,120.12,0,13.28,Net Banking
ORD02148,5/11/2025,CUST0042,Sneha Patel,Female,19,Lucknow,PROD019,Vim Dishwash,Home & Cleaning,6,90.7,544.2,0.15,59.16,Net Banking
ORD02149,2/9/2025,CUST0743,Arjun Mehta,Male,44,Bengaluru,PROD005,Coca Cola,Beverages,4,46.03,184.12,0,28.86,Credit Card
ORD02150,8/23/2025,CUST0103,Rahul Singh,Female,31,Kolkata,PROD005,Coca Cola,Beverages,2,43.33,86.66,0,8.69,Net Banking
ORD02151,11/11/2025,CUST0043,Isha Gupta,Male,18,Pune,PROD008,Dove Soap,Personal Care,6,60.36,362.16,0.15,46.39,UPI
ORD02152,1/19/2025,CUST0686,Pooja Nair,Female,45,Kolkata,PROD003,Amul Milk,Dairy,8,64.7,517.6,0.1,60.34,Credit Card
ORD02153,12/22/2025,CUST0613,Isha Verma,Female,53,Kolkata,PROD005,Coca Cola,Beverages,6,43.45,260.7,0.15,40.98,Debit Card
ORD02154,3/30/2025,CUST0183,Priya Verma,Female,56,Lucknow,PROD020,Head & Shoulders,Personal Care,6,275.67,1654.02,0,271.22,Credit Card
ORD02155,8/21/2025,CUST0146,Karan Sharma,Female,49,Pune,PROD016,Thums Up,Beverages,7,42.49,297.43,0,34.93,Credit Card
ORD02156,7/12/2025,CUST0168,Riya Joshi,Female,39,Delhi,PROD001,Parle-G Biscuits,Snacks,6,32.36,194.16,0,20.3,Credit Card
ORD02157,4/9/2025,CUST0386,Pooja Joshi,Female,28,Ahmedabad,PROD011,Colgate Toothpaste,Personal Care,5,98.67,493.35,0.1,99.68,Credit Card
ORD02158,8/15/2025,CUST0758,Karan Sharma,Male,27,Lucknow,PROD001,Parle-G Biscuits,Snacks,4,29.41,117.64,0.05,14.53,UPI
ORD02159,1/7/2025,CUST0313,Sahil Mehta,Male,43,Hyderabad,PROD017,Good Day Cookies,Snacks,8,51.31,410.48,0.15,82.63,Debit Card
ORD02160,7/13/2025,CUST0476,Pooja Iyer,Male,39,Hyderabad,PROD001,Parle-G Biscuits,Snacks,3,28.55,85.65,0.05,15,Net Banking
ORD02161,12/16/2025,CUST0701,Sneha Sharma,Female,41,Kolkata,PROD012,Dettol Handwash,Personal Care,2,114.6,229.2,0.05,24.43,Cash
ORD02162,11/3/2025,CUST0509,Sneha Gupta,Female,40,Delhi,PROD009,Aashirvaad Atta,Groceries,3,252.4,757.2,0,81.17,Debit Card
ORD02163,3/29/2025,CUST0425,Isha Patel,Female,33,Ahmedabad,PROD008,Dove Soap,Personal Care,5,53.78,268.9,0.1,38.87,Credit Card
ORD02164,6/28/2025,CUST0934,Meera Das,Female,61,Chennai,PROD012,Dettol Handwash,Personal Care,3,104.79,314.37,0,72.49,Net Banking
ORD02165,3/22/2025,CUST0086,Karan Kapoor,Female,60,Bengaluru,PROD005,Coca Cola,Beverages,3,42.94,128.82,0.05,21.71,Credit Card
ORD02166,3/19/2025,CUST0607,Neha Malhotra,Male,40,Hyderabad,PROD010,Maggi Noodles,Groceries,2,14.41,28.82,0.1,3.04,Net Banking
ORD02167,3/20/2025,CUST0326,Nikhil Mehta,Female,55,Jaipur,PROD011,Colgate Toothpaste,Personal Care,7,93.56,654.92,0,103.97,Cash
ORD02168,7/13/2025,CUST0177,Anjali Shah,Male,28,Mumbai,PROD020,Head & Shoulders,Personal Care,5,272.9,1364.5,0,119.08,UPI
ORD02169,4/10/2025,CUST0344,Meera Verma,Female,27,Delhi,PROD009,Aashirvaad Atta,Groceries,1,261.74,261.74,0.15,30.64,Credit Card
ORD02170,10/21/2025,CUST0742,Riya Mehta,Female,21,Pune,PROD004,Lay's Chips,Snacks,4,36.69,146.76,0,12.83,Net Banking
ORD02171,3/19/2025,CUST0873,Priya Mehta,Female,52,Lucknow,PROD008,Dove Soap,Personal Care,3,52.78,158.34,0,17.43,UPI
ORD02172,2/27/2025,CUST0973,Amit Iyer,Male,34,Kolkata,PROD006,Tata Tea,Beverages,2,120.7,241.4,0.05,38.28,Debit Card
ORD02173,7/25/2025,CUST0552,Meera Shah,Female,40,Hyderabad,PROD005,Coca Cola,Beverages,7,46.42,324.94,0.15,45.55,Debit Card
ORD02174,5/15/2025,CUST0916,Isha Kapoor,Female,63,Chennai,PROD001,Parle-G Biscuits,Snacks,2,31.94,63.88,0,10.88,Net Banking
ORD02175,12/11/2025,CUST0551,Neha Shah,Male,33,Bengaluru,PROD002,Tata Salt,Groceries,7,27.9,195.3,0.05,38.5,UPI
ORD02176,9/12/2025,CUST0044,Priya Gupta,Male,20,Chennai,PROD013,Britannia Bread,Dairy,3,46.6,139.8,0.15,28,Cash
ORD02177,7/18/2025,CUST0654,Amit Das,Female,58,Chennai,PROD017,Good Day Cookies,Snacks,8,49.33,394.64,0.05,63.18,Cash
ORD02178,3/8/2025,CUST0289,Simran Malhotra,Female,25,Hyderabad,PROD013,Britannia Bread,Dairy,5,47.98,239.9,0,43.49,Credit Card
ORD02179,4/2/2025,CUST0304,Pooja Gupta,Male,34,Hyderabad,PROD006,Tata Tea,Beverages,2,124.99,249.98,0.1,48.93,UPI
ORD02180,3/25/2025,CUST0198,Nikhil Khan,Female,58,Ahmedabad,PROD006,Tata Tea,Beverages,1,119.5,119.5,0,10.48,Net Banking
ORD02181,9/6/2025,CUST0260,Priya Mehta,Female,30,Pune,PROD018,Nescafe Coffee,Beverages,4,203.18,812.72,0,103.9,Net Banking
ORD02182,7/28/2025,CUST0940,Priya Gupta,Female,28,Hyderabad,PROD019,Vim Dishwash,Home & Cleaning,2,86.72,173.44,0.15,22.98,Net Banking
ORD02183,3/24/2025,CUST0625,Karan Patel,Male,37,Pune,PROD020,Head & Shoulders,Personal Care,5,269.44,1347.2,0.15,110.4,Net Banking
ORD02184,8/10/2025,CUST0716,Amit Sharma,Male,51,Kolkata,PROD007,Surf Excel,Home & Cleaning,2,190.85,381.7,0,34.24,Cash
ORD02185,4/11/2025,CUST0420,Pooja Nair,Female,48,Bengaluru,PROD001,Parle-G Biscuits,Snacks,3,31.68,95.04,0,7.69,Credit Card
ORD02186,1/2/2025,CUST0553,Aditya Patel,Female,43,Ahmedabad,PROD011,Colgate Toothpaste,Personal Care,4,98,392,0,89.53,Debit Card
ORD02187,9/29/2025,CUST0647,Rohan Kapoor,Female,21,Hyderabad,PROD002,Tata Salt,Groceries,6,30,180,0.05,20.78,Credit Card
ORD02188,11/12/2025,CUST0564,Isha Khan,Female,65,Delhi,PROD001,Parle-G Biscuits,Snacks,6,30.99,185.94,0,44.11,Credit Card
ORD02189,8/10/2025,CUST0676,Arjun Nair,Male,33,Jaipur,PROD019,Vim Dishwash,Home & Cleaning,1,86.31,86.31,0.1,13.27,Credit Card
ORD02190,10/12/2025,CUST0843,Rahul Nair,Female,36,Hyderabad,PROD015,Harpic Cleaner,Home & Cleaning,7,136.25,953.75,0,105.05,Credit Card
ORD02191,9/5/2025,CUST0904,Meera Sharma,Male,59,Delhi,PROD017,Good Day Cookies,Snacks,7,52.55,367.85,0,42.84,Cash
ORD02192,7/26/2025,CUST0922,Vikram Patel,Female,31,Ahmedabad,PROD003,Amul Milk,Dairy,6,62.71,376.26,0.15,75.23,Credit Card
ORD02193,2/25/2025,CUST0408,Kavya Malhotra,Male,26,Chennai,PROD015,Harpic Cleaner,Home & Cleaning,2,123.4,246.8,0.15,27.65,UPI
ORD02194,4/13/2025,CUST0997,Riya Shah,Male,29,Lucknow,PROD003,Amul Milk,Dairy,4,58.4,233.6,0.15,42.59,Credit Card
ORD02195,4/25/2025,CUST0735,Amit Gupta,Female,26,Pune,PROD020,Head & Shoulders,Personal Care,3,250.87,752.61,0.15,143.52,Debit Card
ORD02196,6/16/2025,CUST0920,Priya Reddy,Male,49,Delhi,PROD006,Tata Tea,Beverages,8,127.27,1018.16,0,172.9,UPI
ORD02197,11/19/2025,CUST0416,Sahil Iyer,Male,28,Lucknow,PROD016,Thums Up,Beverages,8,40.31,322.48,0,48.96,Debit Card
ORD02198,12/1/2025,CUST0846,Isha Nair,Female,60,Chennai,PROD019,Vim Dishwash,Home & Cleaning,3,85.58,256.74,0.15,36.85,Debit Card
ORD02199,3/1/2025,CUST0254,Pooja Joshi,Male,24,Bengaluru,PROD003,Amul Milk,Dairy,3,61.2,183.6,0.1,40.09,Cash
ORD02200,10/1/2025,CUST0941,Arjun Verma,Male,62,Hyderabad,PROD017,Good Day Cookies,Snacks,2,50.14,100.28,0.15,12.89,Credit Card
ORD02201,1/9/2025,CUST0555,Priya Patel,Female,42,Kolkata,PROD010,Maggi Noodles,Groceries,6,15.74,94.44,0,19.35,Credit Card
ORD02202,3/29/2025,CUST0719,Sahil Sharma,Female,60,Delhi,PROD013,Britannia Bread,Dairy,7,45.24,316.68,0.1,48.67,Net Banking
ORD02203,11/12/2025,CUST0891,Anjali Khan,Female,46,Lucknow,PROD012,Dettol Handwash,Personal Care,2,106.78,213.56,0.1,22.05,Net Banking
ORD02204,12/10/2025,CUST0608,Karan Joshi,Male,51,Ahmedabad,PROD019,Vim Dishwash,Home & Cleaning,3,90.14,270.42,0,49.32,Cash
ORD02205,11/8/2025,CUST0644,Priya Iyer,Female,52,Hyderabad,PROD001,Parle-G Biscuits,Snacks,8,31.82,254.56,0,45.44,UPI
ORD02206,10/30/2025,CUST0456,Riya Shah,Female,38,Delhi,PROD009,Aashirvaad Atta,Groceries,8,242.85,1942.8,0.15,247.77,Debit Card
ORD02207,11/1/2025,CUST0065,Kavya Nair,Female,34,Bengaluru,PROD015,Harpic Cleaner,Home & Cleaning,7,127.83,894.81,0.15,61.34,Cash
ORD02208,5/26/2025,CUST0315,Nikhil Nair,Male,51,Jaipur,PROD016,Thums Up,Beverages,5,41.35,206.75,0.15,39.47,Cash
ORD02209,2/27/2025,CUST0283,Amit Patel,Female,24,Chennai,PROD003,Amul Milk,Dairy,4,64.22,256.88,0.15,48.91,Cash
ORD02210,6/25/2025,CUST0474,Anjali Reddy,Male,43,Ahmedabad,PROD008,Dove Soap,Personal Care,5,59.17,295.85,0.15,60.46,Credit Card
ORD02211,10/1/2025,CUST0409,Amit Joshi,Female,61,Jaipur,PROD019,Vim Dishwash,Home & Cleaning,2,98.96,197.92,0.05,39.86,UPI
ORD02212,11/24/2025,CUST0272,Meera Sharma,Female,47,Mumbai,PROD010,Maggi Noodles,Groceries,6,14.27,85.62,0.15,7.88,Net Banking
ORD02213,1/17/2025,CUST0826,Riya Iyer,Female,29,Ahmedabad,PROD013,Britannia Bread,Dairy,1,44.96,44.96,0,4.5,Credit Card
ORD02214,11/5/2025,CUST0409,Amit Joshi,Female,61,Jaipur,PROD005,Coca Cola,Beverages,8,43.01,344.08,0.1,40.03,UPI
ORD02215,2/23/2025,CUST0019,Sneha Nair,Female,21,Bengaluru,PROD018,Nescafe Coffee,Beverages,3,188.21,564.63,0.05,75.61,Credit Card
ORD02216,6/6/2025,CUST0001,Neha Sharma,Female,33,Bengaluru,PROD018,Nescafe Coffee,Beverages,4,205.44,821.76,0,111.82,Net Banking
ORD02217,8/1/2025,CUST0565,Amit Shah,Female,21,Pune,PROD008,Dove Soap,Personal Care,8,54.41,435.28,0,75.77,Credit Card
ORD02218,4/19/2025,CUST0015,Manish Nair,Female,28,Chennai,PROD005,Coca Cola,Beverages,8,48.07,384.56,0,33.85,UPI
ORD02219,11/2/2025,CUST0696,Arjun Shah,Male,34,Lucknow,PROD012,Dettol Handwash,Personal Care,7,117.04,819.28,0.1,71.75,Debit Card
ORD02220,2/19/2025,CUST0661,Pooja Verma,Female,23,Chennai,PROD007,Surf Excel,Home & Cleaning,1,195.6,195.6,0.05,27.1,Net Banking
ORD02221,5/31/2025,CUST0268,Karan Sharma,Male,34,Mumbai,PROD019,Vim Dishwash,Home & Cleaning,4,96.64,386.56,0.15,63.43,Cash
ORD02222,1/10/2025,CUST0460,Pooja Das,Male,62,Ahmedabad,PROD019,Vim Dishwash,Home & Cleaning,1,92.29,92.29,0.1,19.55,UPI
ORD02223,11/20/2025,CUST0544,Rahul Mehta,Male,58,Bengaluru,PROD016,Thums Up,Beverages,3,40.49,121.47,0,10.36,Credit Card
ORD02224,6/5/2025,CUST0438,Nikhil Joshi,Female,57,Lucknow,PROD012,Dettol Handwash,Personal Care,2,105.29,210.58,0.05,47.26,Debit Card
ORD02225,8/5/2025,CUST0135,Riya Sharma,Male,40,Bengaluru,PROD020,Head & Shoulders,Personal Care,1,262.34,262.34,0.05,48.12,Net Banking
ORD02226,3/6/2025,CUST0925,Sahil Shah,Male,49,Mumbai,PROD013,Britannia Bread,Dairy,6,43.86,263.16,0,37.96,UPI
ORD02227,8/6/2025,CUST0332,Pooja Mehta,Female,39,Lucknow,PROD012,Dettol Handwash,Personal Care,7,118.89,832.23,0,111.2,Credit Card
ORD02228,11/22/2025,CUST0189,Sahil Sharma,Male,48,Jaipur,PROD006,Tata Tea,Beverages,2,124.96,249.92,0.05,28.52,Debit Card
ORD02229,6/5/2025,CUST0451,Anjali Shah,Female,27,Bengaluru,PROD001,Parle-G Biscuits,Snacks,5,30.75,153.75,0.1,32.26,Net Banking
ORD02230,3/29/2025,CUST0296,Manish Khan,Male,41,Hyderabad,PROD011,Colgate Toothpaste,Personal Care,6,98.76,592.56,0.15,77.72,UPI
ORD02231,3/12/2025,CUST0869,Karan Reddy,Female,40,Bengaluru,PROD008,Dove Soap,Personal Care,4,54.83,219.32,0.1,43.66,Debit Card
ORD02232,5/8/2025,CUST0342,Rohan Verma,Male,36,Pune,PROD012,Dettol Handwash,Personal Care,4,106.18,424.72,0.15,32.34,Cash
ORD02233,8/30/2025,CUST0131,Rahul Patel,Female,26,Ahmedabad,PROD006,Tata Tea,Beverages,2,130.75,261.5,0,62.23,Credit Card
ORD02234,10/2/2025,CUST0946,Isha Sharma,Male,65,Hyderabad,PROD005,Coca Cola,Beverages,8,46.09,368.72,0.1,70.12,Net Banking
ORD02235,3/29/2025,CUST0750,Sneha Singh,Male,32,Lucknow,PROD008,Dove Soap,Personal Care,6,56.83,340.98,0.05,56.43,Credit Card
ORD02236,6/10/2025,CUST0599,Sahil Mehta,Female,52,Mumbai,PROD010,Maggi Noodles,Groceries,3,15.78,47.34,0.05,4.67,UPI
ORD02237,2/4/2025,CUST0416,Sahil Iyer,Male,28,Lucknow,PROD004,Lay's Chips,Snacks,6,35.82,214.92,0.15,17.22,UPI
ORD02238,8/18/2025,CUST0345,Anjali Malhotra,Male,64,Ahmedabad,PROD002,Tata Salt,Groceries,1,28.13,28.13,0.15,2.29,Cash
ORD02239,7/2/2025,CUST0315,Nikhil Nair,Male,51,Jaipur,PROD009,Aashirvaad Atta,Groceries,8,246.14,1969.12,0.05,352.75,Credit Card
ORD02240,10/25/2025,CUST0305,Karan Patel,Male,49,Kolkata,PROD015,Harpic Cleaner,Home & Cleaning,5,120.85,604.25,0.1,54.52,Debit Card
ORD02241,11/5/2025,CUST0720,Sneha Singh,Female,38,Kolkata,PROD019,Vim Dishwash,Home & Cleaning,8,88.19,705.52,0.05,150.17,Credit Card
ORD02242,4/10/2025,CUST0038,Rohan Verma,Female,53,Delhi,PROD011,Colgate Toothpaste,Personal Care,4,97.21,388.84,0.15,28.14,UPI
ORD02243,5/3/2025,CUST0543,Priya Shah,Male,22,Mumbai,PROD007,Surf Excel,Home & Cleaning,7,173.24,1212.68,0,238.93,Net Banking
ORD02244,9/17/2025,CUST0941,Arjun Verma,Male,62,Hyderabad,PROD020,Head & Shoulders,Personal Care,3,263.66,790.98,0,132.26,Net Banking
ORD02245,9/1/2025,CUST0911,Neha Joshi,Male,24,Kolkata,PROD006,Tata Tea,Beverages,2,120.35,240.7,0,38.89,Credit Card
ORD02246,3/4/2025,CUST0010,Simran Iyer,Female,20,Ahmedabad,PROD010,Maggi Noodles,Groceries,7,14.66,102.62,0,13.68,Cash
ORD02247,4/26/2025,CUST0709,Pooja Iyer,Female,65,Lucknow,PROD010,Maggi Noodles,Groceries,7,14.99,104.93,0,24.92,Cash
ORD02248,7/2/2025,CUST0832,Rahul Joshi,Male,59,Delhi,PROD017,Good Day Cookies,Snacks,1,48.26,48.26,0.15,9.3,Cash
ORD02249,9/3/2025,CUST0703,Sneha Khan,Male,44,Chennai,PROD016,Thums Up,Beverages,4,39.76,159.04,0.1,23.53,Cash
ORD02250,2/3/2025,CUST0761,Karan Singh,Female,26,Delhi,PROD013,Britannia Bread,Dairy,3,46.75,140.25,0.1,22.73,Debit Card
ORD02251,7/12/2025,CUST0230,Anjali Patel,Female,40,Lucknow,PROD007,Surf Excel,Home & Cleaning,7,174.69,1222.83,0.15,184.86,Cash
ORD02252,1/15/2025,CUST0269,Rohan Das,Female,51,Pune,PROD011,Colgate Toothpaste,Personal Care,1,98.94,98.94,0.15,15.1,UPI
ORD02253,4/30/2025,CUST0115,Isha Iyer,Female,46,Lucknow,PROD002,Tata Salt,Groceries,6,28.61,171.66,0.15,12.09,Debit Card
ORD02254,5/29/2025,CUST0168,Riya Joshi,Female,39,Delhi,PROD004,Lay's Chips,Snacks,2,36.09,72.18,0.1,12.53,Debit Card
ORD02255,6/2/2025,CUST0175,Meera Sharma,Male,31,Bengaluru,PROD010,Maggi Noodles,Groceries,7,14.87,104.09,0.15,18.76,Net Banking
ORD02256,7/9/2025,CUST0770,Amit Malhotra,Female,46,Mumbai,PROD020,Head & Shoulders,Personal Care,8,269.73,2157.84,0.1,211.72,Cash
ORD02257,2/26/2025,CUST0337,Aditya Verma,Male,37,Jaipur,PROD019,Vim Dishwash,Home & Cleaning,6,95.68,574.08,0,138.2,Net Banking
ORD02258,10/3/2025,CUST0053,Manish Gupta,Male,46,Jaipur,PROD006,Tata Tea,Beverages,3,115.29,345.87,0.15,46.65,Net Banking
ORD02259,11/8/2025,CUST0677,Meera Iyer,Female,62,Mumbai,PROD003,Amul Milk,Dairy,3,59.69,179.07,0.15,17.03,Cash
ORD02260,9/28/2025,CUST0921,Kavya Patel,Female,57,Bengaluru,PROD003,Amul Milk,Dairy,8,57.13,457.04,0.05,90.14,Debit Card
ORD02261,4/16/2025,CUST0938,Pooja Reddy,Female,18,Jaipur,PROD009,Aashirvaad Atta,Groceries,6,267.91,1607.46,0.05,328.5,Cash
ORD02262,4/22/2025,CUST0509,Sneha Gupta,Female,40,Delhi,PROD006,Tata Tea,Beverages,7,131.68,921.76,0,86.75,UPI
ORD02263,2/11/2025,CUST0215,Rohan Shah,Female,24,Ahmedabad,PROD017,Good Day Cookies,Snacks,6,53.14,318.84,0.15,26.94,Net Banking
ORD02264,6/22/2025,CUST0252,Amit Nair,Female,62,Hyderabad,PROD020,Head & Shoulders,Personal Care,8,279.54,2236.32,0,283.49,Net Banking
ORD02265,1/25/2025,CUST0012,Pooja Malhotra,Female,54,Bengaluru,PROD001,Parle-G Biscuits,Snacks,3,32.25,96.75,0.1,13.89,Debit Card
ORD02266,7/11/2025,CUST0324,Manish Sharma,Male,41,Hyderabad,PROD005,Coca Cola,Beverages,7,48.99,342.93,0.15,33.61,UPI
ORD02267,1/7/2025,CUST0644,Priya Iyer,Female,52,Hyderabad,PROD011,Colgate Toothpaste,Personal Care,1,101,101,0.1,22.13,Debit Card
ORD02268,5/4/2025,CUST0200,Pooja Joshi,Female,25,Mumbai,PROD005,Coca Cola,Beverages,7,42.88,300.16,0,30.23,Net Banking
ORD02269,10/21/2025,CUST0082,Simran Reddy,Male,40,Bengaluru,PROD001,Parle-G Biscuits,Snacks,4,32.81,131.24,0.15,11.31,Cash
ORD02270,1/22/2025,CUST0315,Nikhil Nair,Male,51,Jaipur,PROD005,Coca Cola,Beverages,6,45.11,270.66,0,54.94,Net Banking
ORD02271,3/4/2025,CUST0061,Sahil Joshi,Male,21,Jaipur,PROD017,Good Day Cookies,Snacks,6,53.7,322.2,0,72.64,UPI
ORD02272,8/25/2025,CUST0291,Meera Nair,Male,56,Hyderabad,PROD011,Colgate Toothpaste,Personal Care,1,102.78,102.78,0.05,11.33,Credit Card
ORD02273,7/14/2025,CUST0411,Nikhil Reddy,Male,25,Jaipur,PROD003,Amul Milk,Dairy,6,65.39,392.34,0.15,54.81,Cash
ORD02274,11/3/2025,CUST0144,Neha Kapoor,Male,40,Jaipur,PROD015,Harpic Cleaner,Home & Cleaning,2,122.82,245.64,0.05,38.89,Cash
ORD02275,1/4/2025,CUST0582,Riya Verma,Male,28,Kolkata,PROD008,Dove Soap,Personal Care,4,55.16,220.64,0.15,16.93,Debit Card
ORD02276,5/7/2025,CUST0558,Sahil Malhotra,Male,51,Mumbai,PROD011,Colgate Toothpaste,Personal Care,7,91.54,640.78,0.05,95.31,UPI
ORD02277,10/18/2025,CUST0667,Karan Malhotra,Male,45,Delhi,PROD011,Colgate Toothpaste,Personal Care,7,101.94,713.58,0,128.03,Credit Card
ORD02278,12/14/2025,CUST0366,Meera Shah,Male,58,Jaipur,PROD012,Dettol Handwash,Personal Care,2,106.17,212.34,0.05,24.58,Net Banking
ORD02279,3/23/2025,CUST0044,Priya Gupta,Male,20,Chennai,PROD005,Coca Cola,Beverages,4,45.93,183.72,0,28.97,Net Banking
ORD02280,6/1/2025,CUST0609,Simran Joshi,Male,46,Ahmedabad,PROD014,Kellogg's Corn Flakes,Groceries,7,212.41,1486.87,0.05,332.51,Credit Card
ORD02281,12/27/2025,CUST0534,Pooja Singh,Female,50,Ahmedabad,PROD003,Amul Milk,Dairy,7,64.27,449.89,0.05,39.18,Cash
ORD02282,6/15/2025,CUST0079,Isha Sharma,Male,22,Delhi,PROD002,Tata Salt,Groceries,2,29.22,58.44,0.1,12.78,Credit Card
ORD02283,7/11/2025,CUST0343,Nikhil Kapoor,Male,60,Chennai,PROD018,Nescafe Coffee,Beverages,5,192.17,960.85,0.05,79.67,UPI
ORD02284,3/15/2025,CUST0039,Arjun Shah,Female,31,Jaipur,PROD007,Surf Excel,Home & Cleaning,1,174.65,174.65,0,14.22,Cash
ORD02285,5/15/2025,CUST0430,Manish Joshi,Female,49,Mumbai,PROD007,Surf Excel,Home & Cleaning,7,174.63,1222.41,0.15,237.22,Debit Card
ORD02286,6/12/2025,CUST0693,Anjali Joshi,Female,51,Jaipur,PROD009,Aashirvaad Atta,Groceries,8,241.85,1934.8,0.15,195.85,Credit Card
ORD02287,7/25/2025,CUST0949,Pooja Joshi,Male,61,Pune,PROD001,Parle-G Biscuits,Snacks,7,31.09,217.63,0,32.89,Debit Card
ORD02288,5/23/2025,CUST0712,Kavya Sharma,Male,52,Chennai,PROD020,Head & Shoulders,Personal Care,1,269.22,269.22,0,44.68,Net Banking
ORD02289,12/28/2025,CUST0522,Sneha Malhotra,Male,37,Delhi,PROD015,Harpic Cleaner,Home & Cleaning,5,135.08,675.4,0.05,63.53,Credit Card
ORD02290,5/17/2025,CUST0852,Sahil Singh,Female,25,Ahmedabad,PROD011,Colgate Toothpaste,Personal Care,8,92.18,737.44,0.1,67.01,Credit Card
ORD02291,5/19/2025,CUST0022,Aditya Reddy,Female,27,Hyderabad,PROD014,Kellogg's Corn Flakes,Groceries,2,224.35,448.7,0.1,89.91,UPI
ORD02292,9/17/2025,CUST0208,Kavya Khan,Female,18,Hyderabad,PROD010,Maggi Noodles,Groceries,4,15.58,62.32,0.15,12.35,Cash
ORD02293,4/24/2025,CUST0211,Isha Mehta,Female,38,Bengaluru,PROD018,Nescafe Coffee,Beverages,8,193.13,1545.04,0.05,357.42,Credit Card
ORD02294,5/9/2025,CUST0220,Isha Sharma,Male,33,Hyderabad,PROD013,Britannia Bread,Dairy,5,47.89,239.45,0.1,17.75,UPI
ORD02295,6/28/2025,CUST0239,Rohan Nair,Male,58,Mumbai,PROD001,Parle-G Biscuits,Snacks,1,31.3,31.3,0,7.52,Credit Card
ORD02296,6/28/2025,CUST0525,Arjun Gupta,Female,59,Pune,PROD014,Kellogg's Corn Flakes,Groceries,1,205.37,205.37,0,30.25,Debit Card
ORD02297,3/29/2025,CUST0807,Rohan Verma,Male,24,Lucknow,PROD006,Tata Tea,Beverages,1,130.63,130.63,0,25,Credit Card
ORD02298,3/10/2025,CUST0916,Isha Kapoor,Female,63,Chennai,PROD003,Amul Milk,Dairy,1,63.52,63.52,0.05,9.45,UPI
ORD02299,12/27/2025,CUST0275,Karan Iyer,Male,22,Delhi,PROD009,Aashirvaad Atta,Groceries,2,238.24,476.48,0.1,84.57,Debit Card
ORD02300,5/3/2025,CUST0103,Rahul Singh,Female,31,Kolkata,PROD019,Vim Dishwash,Home & Cleaning,4,87.65,350.6,0.05,83.14,Net Banking
ORD02301,11/21/2025,CUST0659,Manish Sharma,Male,28,Ahmedabad,PROD003,Amul Milk,Dairy,1,62.59,62.59,0.15,7.06,Credit Card
ORD02302,7/19/2025,CUST0148,Kavya Verma,Female,57,Jaipur,PROD009,Aashirvaad Atta,Groceries,8,238.56,1908.48,0.15,260.68,Debit Card
ORD02303,9/11/2025,CUST0887,Manish Singh,Female,47,Mumbai,PROD019,Vim Dishwash,Home & Cleaning,7,88.26,617.82,0,88.62,Debit Card
ORD02304,12/22/2025,CUST0813,Priya Das,Female,35,Chennai,PROD005,Coca Cola,Beverages,3,44.7,134.1,0.05,28.22,Credit Card
ORD02305,4/9/2025,CUST0177,Anjali Shah,Male,28,Mumbai,PROD014,Kellogg's Corn Flakes,Groceries,2,202.9,405.8,0.15,30.62,Debit Card
ORD02306,9/1/2025,CUST0392,Simran Mehta,Male,56,Delhi,PROD017,Good Day Cookies,Snacks,7,48.24,337.68,0.1,35.43,UPI
ORD02307,3/19/2025,CUST0153,Anjali Joshi,Male,40,Hyderabad,PROD018,Nescafe Coffee,Beverages,7,193.29,1353.03,0,121.14,UPI
ORD02308,8/1/2025,CUST0033,Nikhil Iyer,Male,27,Chennai,PROD020,Head & Shoulders,Personal Care,6,277.4,1664.4,0,243.76,Credit Card
ORD02309,1/6/2025,CUST0072,Rahul Nair,Female,60,Pune,PROD019,Vim Dishwash,Home & Cleaning,6,88.15,528.9,0.15,80.55,Debit Card
ORD02310,3/11/2025,CUST0477,Manish Nair,Female,26,Jaipur,PROD016,Thums Up,Beverages,6,38.18,229.08,0,37.6,Debit Card
ORD02311,8/25/2025,CUST0979,Aditya Malhotra,Male,48,Delhi,PROD019,Vim Dishwash,Home & Cleaning,1,85.85,85.85,0.1,9.02,UPI
ORD02312,10/4/2025,CUST0195,Manish Patel,Female,34,Chennai,PROD002,Tata Salt,Groceries,8,27.32,218.56,0,21.54,Cash
ORD02313,4/6/2025,CUST0580,Sneha Iyer,Male,61,Kolkata,PROD002,Tata Salt,Groceries,8,30.32,242.56,0.1,35.86,UPI
ORD02314,2/27/2025,CUST0026,Neha Verma,Male,61,Kolkata,PROD009,Aashirvaad Atta,Groceries,6,270.13,1620.78,0.05,317.79,Cash
ORD02315,1/4/2025,CUST0114,Neha Joshi,Male,47,Jaipur,PROD019,Vim Dishwash,Home & Cleaning,3,92.89,278.67,0,44.75,Cash
ORD02316,6/4/2025,CUST0263,Sahil Gupta,Male,53,Bengaluru,PROD010,Maggi Noodles,Groceries,4,15.17,60.68,0,13.37,Debit Card
ORD02317,1/8/2025,CUST0878,Neha Nair,Female,57,Lucknow,PROD005,Coca Cola,Beverages,3,45.18,135.54,0,25.77,Credit Card
ORD02318,3/14/2025,CUST0351,Meera Verma,Female,21,Ahmedabad,PROD006,Tata Tea,Beverages,4,130.4,521.6,0.05,103.27,UPI
ORD02319,8/31/2025,CUST0598,Aditya Patel,Female,56,Ahmedabad,PROD009,Aashirvaad Atta,Groceries,5,265.32,1326.6,0.1,257.45,Credit Card
ORD02320,11/17/2025,CUST0385,Karan Patel,Male,38,Hyderabad,PROD020,Head & Shoulders,Personal Care,1,255.12,255.12,0,38.65,Debit Card
ORD02321,11/30/2025,CUST0324,Manish Sharma,Male,41,Hyderabad,PROD004,Lay's Chips,Snacks,4,38.1,152.4,0.1,20.51,Cash
ORD02322,6/26/2025,CUST0618,Vikram Singh,Male,54,Pune,PROD010,Maggi Noodles,Groceries,1,16.43,16.43,0,2.07,Debit Card
ORD02323,2/24/2025,CUST0599,Sahil Mehta,Female,52,Mumbai,PROD018,Nescafe Coffee,Beverages,6,183.69,1102.14,0,112.79,Net Banking
ORD02324,2/16/2025,CUST0684,Sahil Patel,Male,34,Bengaluru,PROD004,Lay's Chips,Snacks,6,38.26,229.56,0.15,34.9,Credit Card
ORD02325,10/2/2025,CUST0825,Neha Nair,Male,33,Chennai,PROD014,Kellogg's Corn Flakes,Groceries,7,230.79,1615.53,0.05,313.9,Cash
ORD02326,3/6/2025,CUST0262,Rahul Sharma,Female,33,Delhi,PROD016,Thums Up,Beverages,7,42.75,299.25,0.15,49.51,Credit Card
ORD02327,6/9/2025,CUST0475,Anjali Reddy,Female,20,Mumbai,PROD013,Britannia Bread,Dairy,1,48.88,48.88,0.15,7.04,Cash
ORD02328,10/17/2025,CUST0266,Isha Singh,Male,25,Mumbai,PROD001,Parle-G Biscuits,Snacks,4,30.47,121.88,0.15,25.48,UPI
ORD02329,8/12/2025,CUST0586,Rohan Singh,Male,43,Chennai,PROD002,Tata Salt,Groceries,8,27.82,222.56,0.15,19.34,Debit Card
ORD02330,4/14/2025,CUST0045,Amit Shah,Male,35,Ahmedabad,PROD002,Tata Salt,Groceries,7,29,203,0.15,41.18,Cash
ORD02331,5/18/2025,CUST0623,Manish Iyer,Male,61,Hyderabad,PROD005,Coca Cola,Beverages,4,48.05,192.2,0,24.48,Net Banking
ORD02332,3/2/2025,CUST0448,Neha Mehta,Female,64,Mumbai,PROD009,Aashirvaad Atta,Groceries,8,272.92,2183.36,0,361.8,Credit Card
ORD02333,1/5/2025,CUST0588,Kavya Malhotra,Male,37,Chennai,PROD017,Good Day Cookies,Snacks,7,49.89,349.23,0.1,35.16,Credit Card
ORD02334,3/17/2025,CUST0068,Manish Iyer,Male,22,Jaipur,PROD006,Tata Tea,Beverages,4,127.38,509.52,0.1,90.19,UPI
ORD02335,1/11/2025,CUST0368,Rahul Iyer,Female,33,Lucknow,PROD011,Colgate Toothpaste,Personal Care,1,102.77,102.77,0,8.26,UPI
ORD02336,7/26/2025,CUST0562,Sahil Verma,Female,22,Hyderabad,PROD017,Good Day Cookies,Snacks,7,49.37,345.59,0.05,67.78,Cash
ORD02337,10/20/2025,CUST0246,Amit Verma,Male,61,Kolkata,PROD019,Vim Dishwash,Home & Cleaning,2,93.76,187.52,0,31.46,Net Banking
ORD02338,2/17/2025,CUST0093,Sahil Singh,Male,24,Lucknow,PROD004,Lay's Chips,Snacks,5,33.88,169.4,0,14.22,Cash
ORD02339,8/22/2025,CUST0582,Riya Verma,Male,28,Kolkata,PROD005,Coca Cola,Beverages,4,43.69,174.76,0.1,17.97,Net Banking
ORD02340,1/5/2025,CUST0690,Sneha Sharma,Male,23,Kolkata,PROD018,Nescafe Coffee,Beverages,8,201.59,1612.72,0.15,120.09,Net Banking
ORD02341,10/8/2025,CUST0815,Riya Malhotra,Male,32,Delhi,PROD011,Colgate Toothpaste,Personal Care,5,97.99,489.95,0,117.72,Cash
ORD02342,11/2/2025,CUST0492,Sneha Nair,Male,51,Ahmedabad,PROD009,Aashirvaad Atta,Groceries,7,246.69,1726.83,0,144.92,Net Banking
ORD02343,5/6/2025,CUST0528,Meera Sharma,Male,30,Lucknow,PROD009,Aashirvaad Atta,Groceries,4,246.84,987.36,0,228.43,Cash
ORD02344,7/9/2025,CUST0085,Anjali Reddy,Female,19,Delhi,PROD004,Lay's Chips,Snacks,2,34.92,69.84,0.15,10.35,Debit Card
ORD02345,1/10/2025,CUST0338,Aditya Nair,Female,26,Jaipur,PROD017,Good Day Cookies,Snacks,3,53.19,159.57,0.05,15.99,Credit Card
ORD02346,5/3/2025,CUST0652,Aditya Shah,Female,62,Chennai,PROD009,Aashirvaad Atta,Groceries,1,240.07,240.07,0,32.43,Debit Card
ORD02347,11/7/2025,CUST0423,Vikram Khan,Male,38,Chennai,PROD014,Kellogg's Corn Flakes,Groceries,1,213.56,213.56,0.1,46.2,Net Banking
ORD02348,1/28/2025,CUST0257,Riya Iyer,Female,35,Mumbai,PROD010,Maggi Noodles,Groceries,5,16.19,80.95,0.1,11.3,UPI
ORD02349,12/28/2025,CUST0060,Priya Das,Female,21,Mumbai,PROD018,Nescafe Coffee,Beverages,3,188.11,564.33,0,122.87,Net Banking
ORD02350,11/2/2025,CUST0933,Karan Das,Male,30,Bengaluru,PROD003,Amul Milk,Dairy,3,65.29,195.87,0,32.76,Debit Card
ORD02351,9/29/2025,CUST0992,Riya Joshi,Female,57,Hyderabad,PROD001,Parle-G Biscuits,Snacks,3,32.82,98.46,0.1,9.21,Debit Card
ORD02352,8/28/2025,CUST0513,Priya Gupta,Male,43,Ahmedabad,PROD003,Amul Milk,Dairy,8,59.36,474.88,0.05,105.49,Credit Card
ORD02353,4/24/2025,CUST0809,Kavya Singh,Female,59,Ahmedabad,PROD012,Dettol Handwash,Personal Care,4,111.29,445.16,0,107.58,Debit Card
ORD02354,10/14/2025,CUST0466,Isha Das,Female,26,Pune,PROD001,Parle-G Biscuits,Snacks,1,29.83,29.83,0,5.53,Credit Card
ORD02355,11/18/2025,CUST0565,Amit Shah,Female,21,Pune,PROD011,Colgate Toothpaste,Personal Care,2,98.07,196.14,0.1,42.28,Credit Card
ORD02356,7/23/2025,CUST0806,Sahil Shah,Female,25,Kolkata,PROD011,Colgate Toothpaste,Personal Care,6,98.29,589.74,0.05,108.21,UPI
ORD02357,5/16/2025,CUST0905,Nikhil Malhotra,Female,49,Delhi,PROD002,Tata Salt,Groceries,1,28.55,28.55,0,3.35,Cash
ORD02358,3/15/2025,CUST0419,Sahil Mehta,Male,49,Jaipur,PROD001,Parle-G Biscuits,Snacks,1,28.88,28.88,0.15,2.98,Cash
ORD02359,3/7/2025,CUST0089,Pooja Malhotra,Male,32,Mumbai,PROD001,Parle-G Biscuits,Snacks,2,31.76,63.52,0,7.25,Net Banking
ORD02360,5/16/2025,CUST0753,Simran Iyer,Male,54,Bengaluru,PROD014,Kellogg's Corn Flakes,Groceries,2,210.55,421.1,0,35.79,Net Banking
ORD02361,6/16/2025,CUST0733,Vikram Malhotra,Female,41,Pune,PROD012,Dettol Handwash,Personal Care,1,112.71,112.71,0.1,15.62,Credit Card
ORD02362,6/6/2025,CUST0979,Aditya Malhotra,Male,48,Delhi,PROD009,Aashirvaad Atta,Groceries,5,251.82,1259.1,0,308.49,Credit Card
ORD02363,6/3/2025,CUST0916,Isha Kapoor,Female,63,Chennai,PROD005,Coca Cola,Beverages,8,45.58,364.64,0,81.99,Cash
ORD02364,7/7/2025,CUST0846,Isha Nair,Female,60,Chennai,PROD001,Parle-G Biscuits,Snacks,2,31.3,62.6,0.05,7.15,Cash
ORD02365,6/29/2025,CUST0737,Anjali Reddy,Female,64,Kolkata,PROD007,Surf Excel,Home & Cleaning,5,184.28,921.4,0,114.36,Net Banking
ORD02366,3/25/2025,CUST0985,Vikram Mehta,Male,28,Delhi,PROD014,Kellogg's Corn Flakes,Groceries,2,214.97,429.94,0.1,66.13,Debit Card
ORD02367,1/2/2025,CUST0776,Sahil Nair,Male,28,Ahmedabad,PROD004,Lay's Chips,Snacks,3,37.59,112.77,0,16.58,Net Banking
ORD02368,3/8/2025,CUST0402,Pooja Reddy,Female,28,Delhi,PROD014,Kellogg's Corn Flakes,Groceries,7,228.95,1602.65,0.1,349,Debit Card
ORD02369,8/15/2025,CUST0079,Isha Sharma,Male,22,Delhi,PROD020,Head & Shoulders,Personal Care,8,281.47,2251.76,0.1,455.76,Net Banking
ORD02370,10/24/2025,CUST0877,Vikram Das,Male,37,Kolkata,PROD009,Aashirvaad Atta,Groceries,5,255.25,1276.25,0,245.81,UPI
ORD02371,2/25/2025,CUST0655,Amit Kapoor,Female,31,Kolkata,PROD007,Surf Excel,Home & Cleaning,6,171.41,1028.46,0.1,227.46,Net Banking
ORD02372,6/10/2025,CUST0311,Karan Verma,Female,62,Chennai,PROD017,Good Day Cookies,Snacks,8,54.95,439.6,0,44.55,Debit Card
ORD02373,7/13/2025,CUST0832,Rahul Joshi,Male,59,Delhi,PROD007,Surf Excel,Home & Cleaning,5,172.45,862.25,0.1,178,Net Banking
ORD02374,11/6/2025,CUST0157,Riya Joshi,Male,23,Hyderabad,PROD004,Lay's Chips,Snacks,3,33.71,101.13,0.1,20.33,Debit Card
ORD02375,7/24/2025,CUST0168,Riya Joshi,Female,39,Delhi,PROD012,Dettol Handwash,Personal Care,5,113.98,569.9,0,47.26,Debit Card
ORD02376,11/10/2025,CUST0821,Aditya Verma,Male,29,Bengaluru,PROD010,Maggi Noodles,Groceries,2,15.97,31.94,0,6.2,Cash
ORD02377,12/9/2025,CUST0793,Arjun Joshi,Female,34,Bengaluru,PROD007,Surf Excel,Home & Cleaning,2,185.34,370.68,0.1,40.82,Cash
ORD02378,9/14/2025,CUST0240,Pooja Kapoor,Female,20,Lucknow,PROD010,Maggi Noodles,Groceries,4,15.01,60.04,0.15,10.93,Net Banking
ORD02379,8/3/2025,CUST0826,Riya Iyer,Female,29,Ahmedabad,PROD006,Tata Tea,Beverages,2,123.51,247.02,0.05,42.18,Net Banking
ORD02380,2/20/2025,CUST0024,Kavya Reddy,Female,41,Bengaluru,PROD013,Britannia Bread,Dairy,7,44.5,311.5,0,43.31,UPI
ORD02381,12/3/2025,CUST0045,Amit Shah,Male,35,Ahmedabad,PROD006,Tata Tea,Beverages,2,116.9,233.8,0.05,29.51,Debit Card
ORD02382,1/27/2025,CUST0085,Anjali Reddy,Female,19,Delhi,PROD006,Tata Tea,Beverages,4,129.54,518.16,0,103.84,Debit Card
ORD02383,2/21/2025,CUST0626,Anjali Khan,Male,50,Kolkata,PROD017,Good Day Cookies,Snacks,7,47.53,332.71,0,54.71,Net Banking
ORD02384,4/14/2025,CUST0395,Arjun Gupta,Male,19,Delhi,PROD002,Tata Salt,Groceries,1,27.45,27.45,0,6.86,UPI
ORD02385,1/7/2025,CUST0609,Simran Joshi,Male,46,Ahmedabad,PROD015,Harpic Cleaner,Home & Cleaning,1,120.25,120.25,0.05,9.77,Credit Card
ORD02386,10/29/2025,CUST0305,Karan Patel,Male,49,Kolkata,PROD016,Thums Up,Beverages,2,39.44,78.88,0.1,14.7,Cash
ORD02387,7/18/2025,CUST0781,Meera Reddy,Female,63,Mumbai,PROD018,Nescafe Coffee,Beverages,7,181.8,1272.6,0,293.19,Credit Card
ORD02388,11/28/2025,CUST0779,Anjali Reddy,Female,28,Pune,PROD012,Dettol Handwash,Personal Care,1,116.41,116.41,0.05,10.7,Debit Card
ORD02389,2/9/2025,CUST0866,Neha Mehta,Female,28,Pune,PROD015,Harpic Cleaner,Home & Cleaning,6,135.01,810.06,0,151.38,Credit Card
ORD02390,3/3/2025,CUST0982,Rahul Shah,Male,25,Mumbai,PROD015,Harpic Cleaner,Home & Cleaning,6,122.94,737.64,0.15,67.82,UPI
ORD02391,8/28/2025,CUST0484,Rahul Singh,Female,33,Ahmedabad,PROD006,Tata Tea,Beverages,8,123.41,987.28,0,158.15,Net Banking
ORD02392,1/15/2025,CUST0779,Anjali Reddy,Female,28,Pune,PROD002,Tata Salt,Groceries,4,28.57,114.28,0.1,10.08,Net Banking
ORD02393,3/21/2025,CUST0707,Pooja Kapoor,Female,38,Pune,PROD017,Good Day Cookies,Snacks,2,53.34,106.68,0.1,23.61,Credit Card
ORD02394,10/2/2025,CUST0916,Isha Kapoor,Female,63,Chennai,PROD007,Surf Excel,Home & Cleaning,7,177.79,1244.53,0.1,237.16,Credit Card
ORD02395,2/24/2025,CUST0497,Riya Patel,Female,21,Ahmedabad,PROD011,Colgate Toothpaste,Personal Care,4,90.82,363.28,0.1,57.26,UPI
ORD02396,6/30/2025,CUST0187,Meera Singh,Male,23,Bengaluru,PROD010,Maggi Noodles,Groceries,1,15.77,15.77,0.15,1.91,Cash
ORD02397,5/31/2025,CUST0888,Neha Malhotra,Male,20,Hyderabad,PROD017,Good Day Cookies,Snacks,1,47.61,47.61,0.05,8.76,Credit Card
ORD02398,3/4/2025,CUST0818,Vikram Reddy,Female,65,Ahmedabad,PROD005,Coca Cola,Beverages,4,48.67,194.68,0,20.94,Cash
ORD02399,8/22/2025,CUST0600,Simran Das,Male,24,Bengaluru,PROD002,Tata Salt,Groceries,7,29.13,203.91,0.1,31.89,Debit Card
ORD02400,7/2/2025,CUST0408,Kavya Malhotra,Male,26,Chennai,PROD016,Thums Up,Beverages,1,40.33,40.33,0.1,7.11,UPI
ORD02401,3/14/2025,CUST0448,Neha Mehta,Female,64,Mumbai,PROD020,Head & Shoulders,Personal Care,2,256.59,513.18,0.05,96.77,UPI
ORD02402,7/18/2025,CUST0330,Nikhil Nair,Male,20,Bengaluru,PROD002,Tata Salt,Groceries,2,30.12,60.24,0.05,12.59,UPI
ORD02403,11/29/2025,CUST0005,Rahul Shah,Male,63,Jaipur,PROD016,Thums Up,Beverages,1,39.31,39.31,0.05,3.28,Net Banking
ORD02404,12/22/2025,CUST0786,Sahil Shah,Female,27,Mumbai,PROD009,Aashirvaad Atta,Groceries,3,248.08,744.24,0,148.46,UPI
ORD02405,5/30/2025,CUST0635,Sneha Singh,Male,35,Bengaluru,PROD018,Nescafe Coffee,Beverages,4,196.97,787.88,0.05,128.82,Net Banking
ORD02406,11/4/2025,CUST0068,Manish Iyer,Male,22,Jaipur,PROD008,Dove Soap,Personal Care,1,52.33,52.33,0,10.76,UPI
ORD02407,7/8/2025,CUST0834,Meera Kapoor,Female,63,Hyderabad,PROD001,Parle-G Biscuits,Snacks,6,32.36,194.16,0,20.4,UPI
ORD02408,12/24/2025,CUST0387,Simran Joshi,Male,64,Chennai,PROD016,Thums Up,Beverages,6,42.58,255.48,0.15,53.89,Debit Card
ORD02409,4/30/2025,CUST0414,Vikram Nair,Female,26,Hyderabad,PROD008,Dove Soap,Personal Care,4,57.76,231.04,0.15,44.51,Debit Card
ORD02410,5/22/2025,CUST0564,Isha Khan,Female,65,Delhi,PROD003,Amul Milk,Dairy,2,57.03,114.06,0,25.03,Cash
ORD02411,3/4/2025,CUST0431,Amit Mehta,Female,33,Bengaluru,PROD009,Aashirvaad Atta,Groceries,3,255.9,767.7,0.15,139.53,Debit Card
ORD02412,2/9/2025,CUST0484,Rahul Singh,Female,33,Ahmedabad,PROD008,Dove Soap,Personal Care,6,54.9,329.4,0,34.01,Cash
ORD02413,7/10/2025,CUST0930,Kavya Iyer,Male,35,Kolkata,PROD016,Thums Up,Beverages,6,42.84,257.04,0,30.8,Net Banking
ORD02414,11/24/2025,CUST0510,Arjun Gupta,Male,20,Kolkata,PROD017,Good Day Cookies,Snacks,2,50.06,100.12,0.05,10.11,UPI
ORD02415,6/1/2025,CUST0781,Meera Reddy,Female,63,Mumbai,PROD020,Head & Shoulders,Personal Care,8,253.27,2026.16,0.1,151.73,Debit Card
ORD02416,1/19/2025,CUST0446,Nikhil Malhotra,Female,63,Lucknow,PROD012,Dettol Handwash,Personal Care,5,111.48,557.4,0.1,80.09,Debit Card
ORD02417,9/14/2025,CUST0067,Pooja Joshi,Female,22,Mumbai,PROD015,Harpic Cleaner,Home & Cleaning,2,119.26,238.52,0,21.56,Cash
ORD02418,11/25/2025,CUST0126,Kavya Shah,Male,49,Bengaluru,PROD012,Dettol Handwash,Personal Care,7,117.79,824.53,0.1,126.42,Credit Card
ORD02419,4/27/2025,CUST0493,Nikhil Das,Female,22,Lucknow,PROD002,Tata Salt,Groceries,4,27.01,108.04,0.05,13.57,Net Banking
ORD02420,9/15/2025,CUST0017,Meera Nair,Male,52,Bengaluru,PROD006,Tata Tea,Beverages,8,119.34,954.72,0,212.8,Debit Card
ORD02421,6/20/2025,CUST0723,Rohan Patel,Male,46,Ahmedabad,PROD015,Harpic Cleaner,Home & Cleaning,3,125.94,377.82,0,66.36,Debit Card
ORD02422,9/22/2025,CUST0790,Neha Singh,Female,48,Ahmedabad,PROD013,Britannia Bread,Dairy,7,49.37,345.59,0.1,34.71,Debit Card
ORD02423,12/1/2025,CUST0047,Sahil Joshi,Male,48,Kolkata,PROD015,Harpic Cleaner,Home & Cleaning,7,126.79,887.53,0,72.55,Cash
ORD02424,12/28/2025,CUST0700,Sneha Das,Male,20,Mumbai,PROD007,Surf Excel,Home & Cleaning,3,183.91,551.73,0,124.77,Credit Card
ORD02425,12/21/2025,CUST0966,Pooja Reddy,Male,38,Jaipur,PROD011,Colgate Toothpaste,Personal Care,4,100.6,402.4,0.1,58.27,Credit Card
ORD02426,9/16/2025,CUST0367,Sahil Gupta,Male,36,Kolkata,PROD020,Head & Shoulders,Personal Care,3,255.5,766.5,0.15,99.89,Cash
ORD02427,9/22/2025,CUST0622,Meera Mehta,Male,40,Chennai,PROD002,Tata Salt,Groceries,7,30.36,212.52,0,45.81,Net Banking
ORD02428,5/1/2025,CUST0403,Simran Shah,Male,25,Bengaluru,PROD019,Vim Dishwash,Home & Cleaning,4,87.88,351.52,0.05,71.01,Debit Card
ORD02429,8/31/2025,CUST0007,Rahul Kapoor,Male,62,Kolkata,PROD012,Dettol Handwash,Personal Care,1,115.84,115.84,0.15,20.8,Credit Card
ORD02430,8/19/2025,CUST0592,Arjun Malhotra,Female,41,Pune,PROD014,Kellogg's Corn Flakes,Groceries,2,229.65,459.3,0.05,79.13,Cash
ORD02431,1/30/2025,CUST0975,Rahul Mehta,Male,52,Mumbai,PROD009,Aashirvaad Atta,Groceries,1,249.29,249.29,0.05,35.51,Cash
ORD02432,3/23/2025,CUST0513,Priya Gupta,Male,43,Ahmedabad,PROD020,Head & Shoulders,Personal Care,8,266.49,2131.92,0.05,280.56,Cash
ORD02433,4/3/2025,CUST0871,Sneha Das,Male,31,Mumbai,PROD003,Amul Milk,Dairy,1,59.17,59.17,0.15,6.24,Cash
ORD02434,12/28/2025,CUST0216,Neha Shah,Female,18,Delhi,PROD013,Britannia Bread,Dairy,3,45.82,137.46,0,15.21,Credit Card
ORD02435,7/9/2025,CUST0180,Amit Nair,Male,34,Lucknow,PROD005,Coca Cola,Beverages,8,43.45,347.6,0,77.2,Cash
ORD02436,1/30/2025,CUST0437,Vikram Khan,Female,22,Kolkata,PROD020,Head & Shoulders,Personal Care,2,284.78,569.56,0,86.52,Debit Card
ORD02437,7/26/2025,CUST0162,Karan Patel,Male,30,Bengaluru,PROD020,Head & Shoulders,Personal Care,6,251.45,1508.7,0.05,318.64,Net Banking
ORD02438,10/24/2025,CUST0567,Meera Iyer,Female,38,Mumbai,PROD008,Dove Soap,Personal Care,1,55.34,55.34,0,12.29,UPI
ORD02439,10/19/2025,CUST0213,Priya Khan,Female,63,Kolkata,PROD019,Vim Dishwash,Home & Cleaning,3,88.03,264.09,0,54.66,Net Banking
ORD02440,2/9/2025,CUST0015,Manish Nair,Female,28,Chennai,PROD004,Lay's Chips,Snacks,5,34.22,171.1,0.1,19.35,UPI
ORD02441,1/10/2025,CUST0433,Riya Iyer,Female,36,Jaipur,PROD018,Nescafe Coffee,Beverages,1,205.25,205.25,0.1,29.37,Credit Card
ORD02442,1/21/2025,CUST0826,Riya Iyer,Female,29,Ahmedabad,PROD003,Amul Milk,Dairy,7,65.31,457.17,0.1,94.97,Debit Card
ORD02443,7/31/2025,CUST0702,Rohan Verma,Male,53,Kolkata,PROD001,Parle-G Biscuits,Snacks,1,29.81,29.81,0,3.44,Cash
ORD02444,8/14/2025,CUST0188,Sahil Iyer,Male,61,Hyderabad,PROD009,Aashirvaad Atta,Groceries,5,251.63,1258.15,0,283.06,Credit Card
ORD02445,1/3/2025,CUST0577,Amit Khan,Male,56,Lucknow,PROD009,Aashirvaad Atta,Groceries,8,253.75,2030,0,478.47,Net Banking
ORD02446,3/22/2025,CUST0228,Arjun Joshi,Female,60,Mumbai,PROD019,Vim Dishwash,Home & Cleaning,1,95.51,95.51,0.05,11.27,Debit Card
ORD02447,11/6/2025,CUST0631,Priya Malhotra,Female,18,Ahmedabad,PROD020,Head & Shoulders,Personal Care,6,251.24,1507.44,0.15,150.21,Credit Card
ORD02448,2/14/2025,CUST0131,Rahul Patel,Female,26,Ahmedabad,PROD015,Harpic Cleaner,Home & Cleaning,3,137.34,412.02,0.1,41.02,Credit Card
ORD02449,1/25/2025,CUST0917,Manish Patel,Male,60,Bengaluru,PROD019,Vim Dishwash,Home & Cleaning,2,96.6,193.2,0,26.89,Debit Card
ORD02450,8/20/2025,CUST0999,Vikram Singh,Male,64,Pune,PROD019,Vim Dishwash,Home & Cleaning,7,86.3,604.1,0.1,109.91,Cash
ORD02451,6/5/2025,CUST0662,Arjun Patel,Female,60,Delhi,PROD011,Colgate Toothpaste,Personal Care,3,96.71,290.13,0,50.48,Debit Card
ORD02452,8/20/2025,CUST0211,Isha Mehta,Female,38,Bengaluru,PROD019,Vim Dishwash,Home & Cleaning,8,89.07,712.56,0.15,86.93,UPI
ORD02453,9/11/2025,CUST0518,Arjun Sharma,Male,58,Kolkata,PROD018,Nescafe Coffee,Beverages,7,189.09,1323.63,0,200.1,Debit Card
ORD02454,2/22/2025,CUST0772,Simran Singh,Male,64,Mumbai,PROD014,Kellogg's Corn Flakes,Groceries,1,204.84,204.84,0.15,14.23,Net Banking
ORD02455,6/3/2025,CUST0983,Rahul Iyer,Female,52,Jaipur,PROD006,Tata Tea,Beverages,1,116.99,116.99,0,27.34,Credit Card
ORD02456,10/27/2025,CUST0635,Sneha Singh,Male,35,Bengaluru,PROD002,Tata Salt,Groceries,5,27.69,138.45,0.15,27.7,Credit Card
ORD02457,1/4/2025,CUST0178,Kavya Joshi,Female,36,Mumbai,PROD006,Tata Tea,Beverages,6,131.23,787.38,0,90.6,Credit Card
ORD02458,6/19/2025,CUST0251,Meera Reddy,Female,57,Bengaluru,PROD012,Dettol Handwash,Personal Care,2,105.17,210.34,0.05,46.76,Debit Card
ORD02459,5/26/2025,CUST0874,Priya Iyer,Male,60,Pune,PROD002,Tata Salt,Groceries,2,29.2,58.4,0,14.49,Debit Card
ORD02460,10/11/2025,CUST0816,Pooja Das,Female,38,Hyderabad,PROD002,Tata Salt,Groceries,4,30.19,120.76,0.15,17.01,Net Banking
ORD02461,3/25/2025,CUST0292,Rahul Verma,Female,62,Hyderabad,PROD007,Surf Excel,Home & Cleaning,4,191.39,765.56,0,86.33,Debit Card
ORD02462,1/4/2025,CUST0871,Sneha Das,Male,31,Mumbai,PROD008,Dove Soap,Personal Care,7,59.83,418.81,0.15,54.31,Net Banking
ORD02463,2/16/2025,CUST0028,Manish Shah,Female,53,Mumbai,PROD012,Dettol Handwash,Personal Care,4,106.52,426.08,0.05,84.17,Credit Card
ORD02464,7/21/2025,CUST0901,Rahul Das,Male,60,Chennai,PROD019,Vim Dishwash,Home & Cleaning,1,91.5,91.5,0.05,18.06,Debit Card
ORD02465,9/12/2025,CUST0930,Kavya Iyer,Male,35,Kolkata,PROD020,Head & Shoulders,Personal Care,3,284.1,852.3,0,88.85,Cash
ORD02466,3/23/2025,CUST0203,Amit Gupta,Male,47,Pune,PROD003,Amul Milk,Dairy,8,61.14,489.12,0.15,59.53,UPI
ORD02467,10/17/2025,CUST0929,Meera Iyer,Female,50,Kolkata,PROD001,Parle-G Biscuits,Snacks,7,29.32,205.24,0.05,36.84,Credit Card
ORD02468,4/3/2025,CUST0924,Priya Reddy,Male,46,Ahmedabad,PROD015,Harpic Cleaner,Home & Cleaning,6,130.42,782.52,0,140.55,Cash
ORD02469,7/25/2025,CUST0458,Arjun Iyer,Female,30,Bengaluru,PROD003,Amul Milk,Dairy,4,57.9,231.6,0.05,26.28,Credit Card
ORD02470,9/18/2025,CUST0967,Amit Patel,Male,52,Jaipur,PROD014,Kellogg's Corn Flakes,Groceries,5,214.41,1072.05,0,207.47,Cash
ORD02471,11/14/2025,CUST0258,Simran Gupta,Female,46,Bengaluru,PROD013,Britannia Bread,Dairy,2,48.81,97.62,0,19.45,Cash
ORD02472,12/4/2025,CUST0124,Aditya Reddy,Male,54,Kolkata,PROD015,Harpic Cleaner,Home & Cleaning,4,119.25,477,0.15,73.32,Net Banking
ORD02473,3/27/2025,CUST0925,Sahil Shah,Male,49,Mumbai,PROD009,Aashirvaad Atta,Groceries,6,270.3,1621.8,0.05,139.26,UPI
ORD02474,2/18/2025,CUST0065,Kavya Nair,Female,34,Bengaluru,PROD012,Dettol Handwash,Personal Care,4,118.69,474.76,0.05,36.84,Debit Card
ORD02475,12/8/2025,CUST0215,Rohan Shah,Female,24,Ahmedabad,PROD005,Coca Cola,Beverages,2,46.68,93.36,0,12.22,UPI
ORD02476,5/14/2025,CUST0530,Pooja Reddy,Male,31,Bengaluru,PROD015,Harpic Cleaner,Home & Cleaning,8,135.95,1087.6,0.1,184.42,Cash
ORD02477,3/20/2025,CUST0620,Manish Patel,Female,60,Ahmedabad,PROD005,Coca Cola,Beverages,6,47.42,284.52,0.05,61.14,UPI
ORD02478,12/12/2025,CUST0514,Sneha Shah,Male,21,Delhi,PROD018,Nescafe Coffee,Beverages,4,200.68,802.72,0.05,142.46,Debit Card
ORD02479,10/5/2025,CUST0718,Nikhil Verma,Female,22,Lucknow,PROD018,Nescafe Coffee,Beverages,2,197.33,394.66,0,51.87,Cash
ORD02480,4/12/2025,CUST0505,Aditya Patel,Male,59,Chennai,PROD002,Tata Salt,Groceries,7,28.67,200.69,0.1,39.92,Credit Card
ORD02481,2/18/2025,CUST0902,Nikhil Shah,Male,45,Bengaluru,PROD008,Dove Soap,Personal Care,3,57.11,171.33,0.15,22.3,Debit Card
ORD02482,12/7/2025,CUST0894,Arjun Malhotra,Female,62,Ahmedabad,PROD020,Head & Shoulders,Personal Care,1,253.47,253.47,0.1,46.03,Debit Card
ORD02483,9/15/2025,CUST0984,Amit Singh,Male,65,Chennai,PROD014,Kellogg's Corn Flakes,Groceries,5,201.31,1006.55,0.15,116.96,Debit Card
ORD02484,6/14/2025,CUST0753,Simran Iyer,Male,54,Bengaluru,PROD017,Good Day Cookies,Snacks,4,53.72,214.88,0.15,19.95,Cash
ORD02485,9/18/2025,CUST0728,Amit Das,Male,40,Kolkata,PROD016,Thums Up,Beverages,3,40.43,121.29,0,10.07,Debit Card
ORD02486,4/21/2025,CUST0408,Kavya Malhotra,Male,26,Chennai,PROD016,Thums Up,Beverages,3,41.95,125.85,0,17.82,Debit Card
ORD02487,3/23/2025,CUST0755,Priya Patel,Male,32,Lucknow,PROD012,Dettol Handwash,Personal Care,2,117.46,234.92,0.1,22.98,Credit Card
ORD02488,12/6/2025,CUST0188,Sahil Iyer,Male,61,Hyderabad,PROD012,Dettol Handwash,Personal Care,1,116.96,116.96,0.15,11.05,Cash
ORD02489,5/9/2025,CUST0173,Meera Gupta,Female,46,Ahmedabad,PROD010,Maggi Noodles,Groceries,8,14.64,117.12,0.1,11.81,Credit Card
ORD02490,5/6/2025,CUST0662,Arjun Patel,Female,60,Delhi,PROD001,Parle-G Biscuits,Snacks,2,32.33,64.66,0,13.89,Debit Card
ORD02491,12/2/2025,CUST0090,Vikram Mehta,Female,35,Pune,PROD010,Maggi Noodles,Groceries,3,15.59,46.77,0,8.56,Cash
ORD02492,5/15/2025,CUST0404,Rohan Gupta,Female,19,Chennai,PROD006,Tata Tea,Beverages,8,114.72,917.76,0.1,122.04,Debit Card
ORD02493,5/26/2025,CUST0848,Anjali Singh,Male,48,Delhi,PROD002,Tata Salt,Groceries,6,28.41,170.46,0,15.57,UPI
ORD02494,5/6/2025,CUST0020,Priya Kapoor,Female,43,Hyderabad,PROD008,Dove Soap,Personal Care,2,52.66,105.32,0,18.72,Debit Card
ORD02495,2/17/2025,CUST0782,Kavya Nair,Male,56,Kolkata,PROD007,Surf Excel,Home & Cleaning,3,174.63,523.89,0.05,110.58,UPI
ORD02496,8/3/2025,CUST0973,Amit Iyer,Male,34,Kolkata,PROD019,Vim Dishwash,Home & Cleaning,4,90.66,362.64,0,71.85,UPI
ORD02497,5/24/2025,CUST0955,Pooja Joshi,Female,22,Chennai,PROD017,Good Day Cookies,Snacks,3,50.96,152.88,0,20.56,Cash
ORD02498,7/20/2025,CUST0114,Neha Joshi,Male,47,Jaipur,PROD014,Kellogg's Corn Flakes,Groceries,1,214.43,214.43,0.1,43.99,Debit Card
ORD02499,8/26/2025,CUST0224,Simran Khan,Female,27,Bengaluru,PROD017,Good Day Cookies,Snacks,6,47.58,285.48,0.15,32.84,Credit Card
ORD02500,4/25/2025,CUST0205,Kavya Malhotra,Female,48,Bengaluru,PROD009,Aashirvaad Atta,Groceries,7,240.88,1686.16,0.1,291.42,UPI
ORD02501,12/31/2025,CUST0211,Isha Mehta,Female,38,Bengaluru,PROD007,Surf Excel,Home & Cleaning,7,174.1,1218.7,0.15,128.48,UPI
ORD02502,7/19/2025,CUST0989,Arjun Patel,Male,64,Lucknow,PROD014,Kellogg's Corn Flakes,Groceries,5,203.82,1019.1,0,205.47,Debit Card
ORD02503,8/26/2025,CUST0283,Amit Patel,Female,24,Chennai,PROD010,Maggi Noodles,Groceries,2,16.31,32.62,0,5.16,Cash
ORD02504,1/17/2025,CUST0675,Simran Mehta,Female,26,Bengaluru,PROD013,Britannia Bread,Dairy,6,45.97,275.82,0.1,57.6,Cash
ORD02505,1/24/2025,CUST0880,Neha Singh,Male,24,Ahmedabad,PROD007,Surf Excel,Home & Cleaning,5,187.32,936.6,0,174.23,Debit Card
ORD02506,10/9/2025,CUST0902,Nikhil Shah,Male,45,Bengaluru,PROD014,Kellogg's Corn Flakes,Groceries,2,214.41,428.82,0.05,39.52,Cash
ORD02507,6/3/2025,CUST0021,Amit Gupta,Female,31,Ahmedabad,PROD003,Amul Milk,Dairy,8,62.58,500.64,0.15,47.7,Credit Card
ORD02508,5/17/2025,CUST0043,Isha Gupta,Male,18,Pune,PROD006,Tata Tea,Beverages,5,124.09,620.45,0.1,73.88,UPI
ORD02509,6/21/2025,CUST0788,Meera Joshi,Male,24,Mumbai,PROD016,Thums Up,Beverages,3,39.31,117.93,0.05,17.12,Credit Card
ORD02510,5/31/2025,CUST0514,Sneha Shah,Male,21,Delhi,PROD013,Britannia Bread,Dairy,5,45.78,228.9,0,24.75,Net Banking
ORD02511,10/18/2025,CUST0379,Arjun Sharma,Male,36,Chennai,PROD008,Dove Soap,Personal Care,7,59.2,414.4,0,62.6,UPI
ORD02512,5/17/2025,CUST0288,Vikram Verma,Female,32,Pune,PROD015,Harpic Cleaner,Home & Cleaning,3,122.46,367.38,0.1,67.71,UPI
ORD02513,6/22/2025,CUST0669,Neha Patel,Female,41,Hyderabad,PROD001,Parle-G Biscuits,Snacks,1,31.18,31.18,0,5.15,Debit Card
ORD02514,10/30/2025,CUST0494,Neha Sharma,Male,54,Jaipur,PROD009,Aashirvaad Atta,Groceries,3,240.93,722.79,0.05,82.3,Net Banking
ORD02515,8/7/2025,CUST0017,Meera Nair,Male,52,Bengaluru,PROD002,Tata Salt,Groceries,4,28.6,114.4,0,14.24,UPI
ORD02516,9/16/2025,CUST0313,Sahil Mehta,Male,43,Hyderabad,PROD016,Thums Up,Beverages,7,42.42,296.94,0.05,33.22,Net Banking
ORD02517,2/12/2025,CUST0269,Rohan Das,Female,51,Pune,PROD009,Aashirvaad Atta,Groceries,4,254.64,1018.56,0.1,186.75,Net Banking
ORD02518,8/28/2025,CUST0771,Arjun Gupta,Male,62,Pune,PROD015,Harpic Cleaner,Home & Cleaning,6,135.22,811.32,0.05,179.07,Credit Card
ORD02519,6/2/2025,CUST0696,Arjun Shah,Male,34,Lucknow,PROD013,Britannia Bread,Dairy,4,45.48,181.92,0,25.93,UPI
ORD02520,12/23/2025,CUST0532,Vikram Mehta,Male,53,Chennai,PROD012,Dettol Handwash,Personal Care,1,119.98,119.98,0,18.83,Credit Card
ORD02521,12/24/2025,CUST0591,Sahil Kapoor,Male,38,Kolkata,PROD004,Lay's Chips,Snacks,1,37.33,37.33,0.05,4.85,Cash
ORD02522,8/8/2025,CUST0666,Sahil Gupta,Female,18,Mumbai,PROD018,Nescafe Coffee,Beverages,7,181.08,1267.56,0,179.7,UPI
ORD02523,8/6/2025,CUST0346,Priya Mehta,Female,61,Bengaluru,PROD002,Tata Salt,Groceries,4,29.56,118.24,0.1,13.34,Net Banking
ORD02524,12/7/2025,CUST0522,Sneha Malhotra,Male,37,Delhi,PROD008,Dove Soap,Personal Care,4,52.47,209.88,0.1,35.81,Credit Card
ORD02525,3/11/2025,CUST0023,Rohan Gupta,Female,65,Lucknow,PROD013,Britannia Bread,Dairy,8,47.48,379.84,0,65.77,Credit Card
ORD02526,11/25/2025,CUST0753,Simran Iyer,Male,54,Bengaluru,PROD006,Tata Tea,Beverages,7,121.39,849.73,0.1,179.65,Debit Card
ORD02527,9/17/2025,CUST0795,Amit Nair,Female,52,Kolkata,PROD003,Amul Milk,Dairy,1,63.94,63.94,0.1,9.57,Cash
ORD02528,4/16/2025,CUST0337,Aditya Verma,Male,37,Jaipur,PROD007,Surf Excel,Home & Cleaning,6,189.26,1135.56,0,165.59,Net Banking
ORD02529,12/22/2025,CUST0425,Isha Patel,Female,33,Ahmedabad,PROD007,Surf Excel,Home & Cleaning,5,189.35,946.75,0,187.82,Net Banking
ORD02530,6/11/2025,CUST0890,Neha Malhotra,Male,18,Delhi,PROD017,Good Day Cookies,Snacks,8,54.91,439.28,0,90.55,Debit Card
ORD02531,12/22/2025,CUST0869,Karan Reddy,Female,40,Bengaluru,PROD001,Parle-G Biscuits,Snacks,5,31.07,155.35,0,34.31,Cash
ORD02532,7/25/2025,CUST0061,Sahil Joshi,Male,21,Jaipur,PROD009,Aashirvaad Atta,Groceries,7,266.19,1863.33,0,321.72,Cash
ORD02533,7/25/2025,CUST0031,Rahul Das,Female,50,Delhi,PROD014,Kellogg's Corn Flakes,Groceries,7,205.99,1441.93,0,302.27,Credit Card
ORD02534,9/18/2025,CUST0592,Arjun Malhotra,Female,41,Pune,PROD001,Parle-G Biscuits,Snacks,8,29.36,234.88,0.15,35.7,Net Banking
ORD02535,12/26/2025,CUST0083,Sneha Nair,Male,40,Jaipur,PROD019,Vim Dishwash,Home & Cleaning,3,92.12,276.36,0.15,24.94,Debit Card
ORD02536,1/4/2025,CUST0989,Arjun Patel,Male,64,Lucknow,PROD007,Surf Excel,Home & Cleaning,4,183.52,734.08,0.1,135.69,Net Banking
ORD02537,1/16/2025,CUST0434,Rahul Malhotra,Male,45,Delhi,PROD010,Maggi Noodles,Groceries,5,14.64,73.2,0.15,8.07,Credit Card
ORD02538,5/2/2025,CUST0736,Karan Patel,Male,47,Mumbai,PROD019,Vim Dishwash,Home & Cleaning,4,98.63,394.52,0,76.8,Debit Card
ORD02539,11/9/2025,CUST0310,Kavya Singh,Male,43,Mumbai,PROD020,Head & Shoulders,Personal Care,1,251.41,251.41,0.05,50.58,Cash
ORD02540,10/3/2025,CUST0461,Karan Joshi,Female,53,Hyderabad,PROD001,Parle-G Biscuits,Snacks,7,31.19,218.33,0,40.36,Cash
ORD02541,5/20/2025,CUST0195,Manish Patel,Female,34,Chennai,PROD001,Parle-G Biscuits,Snacks,6,29.66,177.96,0.15,25.74,Credit Card
ORD02542,12/24/2025,CUST0575,Neha Verma,Male,29,Kolkata,PROD017,Good Day Cookies,Snacks,5,52.44,262.2,0,57.16,Credit Card
ORD02543,9/15/2025,CUST0802,Vikram Malhotra,Male,56,Hyderabad,PROD003,Amul Milk,Dairy,8,63.52,508.16,0,76.44,UPI
ORD02544,11/27/2025,CUST0396,Riya Shah,Female,53,Pune,PROD013,Britannia Bread,Dairy,5,47.23,236.15,0,32.69,Net Banking
ORD02545,10/25/2025,CUST0594,Rahul Das,Female,63,Bengaluru,PROD002,Tata Salt,Groceries,2,28.19,56.38,0.05,12.32,Credit Card
ORD02546,1/24/2025,CUST0923,Vikram Das,Female,24,Kolkata,PROD017,Good Day Cookies,Snacks,2,49.96,99.92,0,23.95,UPI
ORD02547,1/25/2025,CUST0488,Anjali Mehta,Female,62,Pune,PROD002,Tata Salt,Groceries,3,28.33,84.99,0.05,7.04,Credit Card
ORD02548,7/25/2025,CUST0032,Nikhil Reddy,Male,58,Hyderabad,PROD017,Good Day Cookies,Snacks,1,51.38,51.38,0,8.08,Credit Card
ORD02549,9/27/2025,CUST0542,Anjali Verma,Female,29,Jaipur,PROD006,Tata Tea,Beverages,7,123.9,867.3,0.05,182.58,Debit Card
ORD02550,10/24/2025,CUST0771,Arjun Gupta,Male,62,Pune,PROD001,Parle-G Biscuits,Snacks,1,30.56,30.56,0.15,4.32,Debit Card
ORD02551,2/15/2025,CUST0975,Rahul Mehta,Male,52,Mumbai,PROD019,Vim Dishwash,Home & Cleaning,3,94.16,282.48,0.1,47.62,UPI
ORD02552,11/4/2025,CUST0430,Manish Joshi,Female,49,Mumbai,PROD018,Nescafe Coffee,Beverages,1,192.55,192.55,0.15,32.16,Cash
ORD02553,1/8/2025,CUST0880,Neha Singh,Male,24,Ahmedabad,PROD004,Lay's Chips,Snacks,3,37.45,112.35,0.1,14.83,Net Banking
ORD02554,8/22/2025,CUST0034,Anjali Shah,Male,56,Chennai,PROD017,Good Day Cookies,Snacks,3,53.81,161.43,0,30.06,UPI
ORD02555,4/22/2025,CUST0651,Aditya Joshi,Male,58,Pune,PROD006,Tata Tea,Beverages,7,117.5,822.5,0.05,99.78,Debit Card
ORD02556,6/21/2025,CUST0823,Manish Sharma,Female,63,Bengaluru,PROD020,Head & Shoulders,Personal Care,7,271.58,1901.06,0,359.54,Net Banking
ORD02557,6/1/2025,CUST0697,Amit Joshi,Female,50,Chennai,PROD016,Thums Up,Beverages,1,38.49,38.49,0,7.89,Credit Card
ORD02558,2/16/2025,CUST0306,Anjali Verma,Female,52,Bengaluru,PROD006,Tata Tea,Beverages,6,117.87,707.22,0.15,49.99,Credit Card
ORD02559,5/17/2025,CUST0980,Isha Gupta,Male,65,Kolkata,PROD008,Dove Soap,Personal Care,8,55.25,442,0,49.08,Net Banking
ORD02560,8/18/2025,CUST0463,Rohan Singh,Male,36,Pune,PROD013,Britannia Bread,Dairy,1,44.44,44.44,0.1,7.61,UPI
ORD02561,12/20/2025,CUST0136,Amit Kapoor,Male,19,Bengaluru,PROD010,Maggi Noodles,Groceries,4,15.09,60.36,0,13.49,Debit Card
ORD02562,2/10/2025,CUST0044,Priya Gupta,Male,20,Chennai,PROD012,Dettol Handwash,Personal Care,6,108.17,649.02,0.1,72.13,Net Banking
ORD02563,5/5/2025,CUST0835,Kavya Reddy,Female,40,Ahmedabad,PROD015,Harpic Cleaner,Home & Cleaning,6,133.35,800.1,0.05,148.63,Cash
ORD02564,9/13/2025,CUST0847,Nikhil Singh,Male,60,Jaipur,PROD009,Aashirvaad Atta,Groceries,3,241.96,725.88,0.15,96.75,Credit Card
ORD02565,4/12/2025,CUST0531,Neha Das,Female,33,Lucknow,PROD012,Dettol Handwash,Personal Care,5,119.99,599.95,0.1,80.93,Credit Card
ORD02566,11/16/2025,CUST0237,Pooja Kapoor,Male,56,Chennai,PROD014,Kellogg's Corn Flakes,Groceries,1,211.51,211.51,0.1,34.79,Net Banking
ORD02567,9/6/2025,CUST0418,Priya Nair,Female,59,Bengaluru,PROD010,Maggi Noodles,Groceries,2,14.54,29.08,0.15,3.28,Credit Card
ORD02568,3/26/2025,CUST0139,Sahil Gupta,Female,62,Hyderabad,PROD002,Tata Salt,Groceries,5,27.38,136.9,0.15,16.96,Cash
ORD02569,8/21/2025,CUST0578,Karan Malhotra,Female,18,Hyderabad,PROD020,Head & Shoulders,Personal Care,3,247.43,742.29,0.1,98.66,Net Banking
ORD02570,10/30/2025,CUST0598,Aditya Patel,Female,56,Ahmedabad,PROD014,Kellogg's Corn Flakes,Groceries,3,205.46,616.38,0.05,84.37,Net Banking
ORD02571,7/24/2025,CUST0674,Neha Verma,Male,55,Kolkata,PROD005,Coca Cola,Beverages,4,44.2,176.8,0.15,30.79,Net Banking
ORD02572,8/11/2025,CUST0528,Meera Sharma,Male,30,Lucknow,PROD015,Harpic Cleaner,Home & Cleaning,8,127.21,1017.68,0,145.8,UPI
ORD02573,5/9/2025,CUST0309,Karan Iyer,Female,54,Kolkata,PROD004,Lay's Chips,Snacks,4,34.59,138.36,0,12.22,Net Banking
ORD02574,4/8/2025,CUST0833,Meera Kapoor,Male,32,Hyderabad,PROD008,Dove Soap,Personal Care,2,54.95,109.9,0.15,15.86,Net Banking
ORD02575,2/4/2025,CUST0087,Arjun Verma,Male,42,Mumbai,PROD005,Coca Cola,Beverages,3,45.47,136.41,0,11.02,Debit Card
ORD02576,2/4/2025,CUST0305,Karan Patel,Male,49,Kolkata,PROD002,Tata Salt,Groceries,8,30.51,244.08,0,54.38,Debit Card
ORD02577,6/3/2025,CUST0759,Rohan Kapoor,Male,51,Chennai,PROD008,Dove Soap,Personal Care,1,59.43,59.43,0.15,4.65,UPI
ORD02578,1/17/2025,CUST0018,Anjali Joshi,Female,35,Jaipur,PROD007,Surf Excel,Home & Cleaning,8,179.68,1437.44,0.15,195.39,Net Banking
ORD02579,12/8/2025,CUST0628,Kavya Verma,Female,58,Jaipur,PROD018,Nescafe Coffee,Beverages,7,198.87,1392.09,0.1,163.51,Credit Card
ORD02580,4/4/2025,CUST0304,Pooja Gupta,Male,34,Hyderabad,PROD001,Parle-G Biscuits,Snacks,6,31.29,187.74,0,16.79,Credit Card
ORD02581,8/8/2025,CUST0345,Anjali Malhotra,Male,64,Ahmedabad,PROD008,Dove Soap,Personal Care,1,56.95,56.95,0.1,12.76,Net Banking
ORD02582,10/19/2025,CUST0966,Pooja Reddy,Male,38,Jaipur,PROD004,Lay's Chips,Snacks,5,36.18,180.9,0.15,22.77,Net Banking
ORD02583,2/13/2025,CUST0944,Aditya Gupta,Female,62,Mumbai,PROD002,Tata Salt,Groceries,6,28.29,169.74,0,38.95,Cash
ORD02584,7/29/2025,CUST0675,Simran Mehta,Female,26,Bengaluru,PROD012,Dettol Handwash,Personal Care,4,114.86,459.44,0,71.79,Cash
ORD02585,11/30/2025,CUST0103,Rahul Singh,Female,31,Kolkata,PROD017,Good Day Cookies,Snacks,7,51.79,362.53,0.1,34.59,Debit Card
ORD02586,3/3/2025,CUST0870,Anjali Reddy,Female,19,Bengaluru,PROD001,Parle-G Biscuits,Snacks,5,29.62,148.1,0.05,22.99,Credit Card
ORD02587,6/11/2025,CUST0326,Nikhil Mehta,Female,55,Jaipur,PROD008,Dove Soap,Personal Care,2,57.67,115.34,0.1,19.96,Cash
ORD02588,3/28/2025,CUST0100,Kavya Khan,Female,62,Hyderabad,PROD001,Parle-G Biscuits,Snacks,1,30.73,30.73,0.1,3.14,UPI
ORD02589,12/6/2025,CUST0509,Sneha Gupta,Female,40,Delhi,PROD012,Dettol Handwash,Personal Care,1,108.22,108.22,0,22.59,Credit Card
ORD02590,10/26/2025,CUST0990,Riya Khan,Female,26,Bengaluru,PROD002,Tata Salt,Groceries,3,29.52,88.56,0.15,15.55,Net Banking
ORD02591,1/21/2025,CUST0740,Arjun Joshi,Male,20,Lucknow,PROD003,Amul Milk,Dairy,4,61.64,246.56,0,28.53,Credit Card
ORD02592,8/18/2025,CUST0306,Anjali Verma,Female,52,Bengaluru,PROD006,Tata Tea,Beverages,5,129.33,646.65,0.05,77.87,Debit Card
ORD02593,8/16/2025,CUST0564,Isha Khan,Female,65,Delhi,PROD020,Head & Shoulders,Personal Care,1,277.41,277.41,0.1,38.28,Net Banking
ORD02594,1/3/2025,CUST0426,Neha Singh,Female,33,Delhi,PROD005,Coca Cola,Beverages,4,44.88,179.52,0,42.53,Cash
ORD02595,8/30/2025,CUST0424,Simran Mehta,Male,41,Jaipur,PROD011,Colgate Toothpaste,Personal Care,2,101.33,202.66,0.15,15.87,UPI
ORD02596,3/27/2025,CUST0941,Arjun Verma,Male,62,Hyderabad,PROD018,Nescafe Coffee,Beverages,6,183.06,1098.36,0,267.31,Net Banking
ORD02597,5/11/2025,CUST0608,Karan Joshi,Male,51,Ahmedabad,PROD012,Dettol Handwash,Personal Care,2,108.92,217.84,0.1,22.1,UPI
ORD02598,2/10/2025,CUST0620,Manish Patel,Female,60,Ahmedabad,PROD003,Amul Milk,Dairy,6,61.58,369.48,0.05,48.75,UPI
ORD02599,7/7/2025,CUST0329,Neha Kapoor,Female,63,Pune,PROD015,Harpic Cleaner,Home & Cleaning,5,123.84,619.2,0.15,77.22,Credit Card
ORD02600,1/2/2025,CUST0617,Kavya Mehta,Male,63,Bengaluru,PROD004,Lay's Chips,Snacks,7,33.5,234.5,0.1,46.35,UPI
ORD02601,6/13/2025,CUST0292,Rahul Verma,Female,62,Hyderabad,PROD001,Parle-G Biscuits,Snacks,4,32.52,130.08,0,26.26,Debit Card
ORD02602,12/31/2025,CUST0121,Sneha Mehta,Male,63,Bengaluru,PROD018,Nescafe Coffee,Beverages,5,208.56,1042.8,0,190.54,Net Banking
ORD02603,10/29/2025,CUST0154,Karan Singh,Female,53,Mumbai,PROD006,Tata Tea,Beverages,2,128.48,256.96,0,50.3,Cash
ORD02604,10/6/2025,CUST0404,Rohan Gupta,Female,19,Chennai,PROD006,Tata Tea,Beverages,1,118.29,118.29,0.05,26.48,Net Banking
ORD02605,3/19/2025,CUST0409,Amit Joshi,Female,61,Jaipur,PROD009,Aashirvaad Atta,Groceries,1,262.25,262.25,0.15,38.31,Cash
ORD02606,8/12/2025,CUST0330,Nikhil Nair,Male,20,Bengaluru,PROD006,Tata Tea,Beverages,6,115.63,693.78,0.1,79.94,Net Banking
ORD02607,1/29/2025,CUST0212,Sneha Iyer,Female,32,Kolkata,PROD007,Surf Excel,Home & Cleaning,4,180.25,721,0.1,66.49,Credit Card
ORD02608,9/17/2025,CUST0620,Manish Patel,Female,60,Ahmedabad,PROD015,Harpic Cleaner,Home & Cleaning,5,123.69,618.45,0,102.37,UPI
ORD02609,1/22/2025,CUST0781,Meera Reddy,Female,63,Mumbai,PROD014,Kellogg's Corn Flakes,Groceries,8,200.84,1606.72,0.15,238.9,Net Banking
ORD02610,12/21/2025,CUST0173,Meera Gupta,Female,46,Ahmedabad,PROD002,Tata Salt,Groceries,2,29.12,58.24,0.15,4.74,Debit Card
ORD02611,7/13/2025,CUST0887,Manish Singh,Female,47,Mumbai,PROD008,Dove Soap,Personal Care,2,53.01,106.02,0,23.09,UPI
ORD02612,3/25/2025,CUST0099,Neha Das,Female,50,Hyderabad,PROD011,Colgate Toothpaste,Personal Care,5,98.14,490.7,0.15,36.7,Cash
ORD02613,8/21/2025,CUST0247,Isha Khan,Male,43,Mumbai,PROD006,Tata Tea,Beverages,2,116.01,232.02,0.1,17.85,Credit Card
ORD02614,9/1/2025,CUST0151,Manish Gupta,Female,54,Lucknow,PROD001,Parle-G Biscuits,Snacks,6,29.52,177.12,0.1,31.13,Cash
ORD02615,12/24/2025,CUST0975,Rahul Mehta,Male,52,Mumbai,PROD009,Aashirvaad Atta,Groceries,6,264.17,1585.02,0.05,243.4,UPI
ORD02616,2/2/2025,CUST0885,Neha Malhotra,Female,27,Pune,PROD018,Nescafe Coffee,Beverages,3,206.68,620.04,0,58.03,Debit Card
ORD02617,9/6/2025,CUST0400,Anjali Reddy,Female,23,Chennai,PROD003,Amul Milk,Dairy,6,63.56,381.36,0.15,40.94,Cash
ORD02618,10/23/2025,CUST0418,Priya Nair,Female,59,Bengaluru,PROD005,Coca Cola,Beverages,7,43.96,307.72,0.05,58.33,Cash
ORD02619,7/16/2025,CUST0945,Aditya Mehta,Female,61,Chennai,PROD001,Parle-G Biscuits,Snacks,6,29.54,177.24,0,18.33,UPI
ORD02620,10/12/2025,CUST0758,Karan Sharma,Male,27,Lucknow,PROD018,Nescafe Coffee,Beverages,5,180.97,904.85,0.05,139.81,Cash
ORD02621,1/27/2025,CUST0007,Rahul Kapoor,Male,62,Kolkata,PROD007,Surf Excel,Home & Cleaning,7,184.96,1294.72,0,176.35,Cash
ORD02622,7/9/2025,CUST0243,Rohan Kapoor,Female,51,Jaipur,PROD002,Tata Salt,Groceries,7,28.26,197.82,0.1,39.34,UPI
ORD02623,1/5/2025,CUST0133,Vikram Joshi,Female,39,Kolkata,PROD017,Good Day Cookies,Snacks,2,52.35,104.7,0.1,11.8,Net Banking
ORD02624,10/31/2025,CUST0559,Sneha Gupta,Female,35,Mumbai,PROD019,Vim Dishwash,Home & Cleaning,2,85.65,171.3,0,30.79,UPI
ORD02625,1/12/2025,CUST0169,Priya Singh,Female,25,Pune,PROD002,Tata Salt,Groceries,4,29.28,117.12,0,16.63,Net Banking
ORD02626,10/19/2025,CUST0269,Rohan Das,Female,51,Pune,PROD011,Colgate Toothpaste,Personal Care,3,100.06,300.18,0.1,56.38,Cash
ORD02627,4/6/2025,CUST0713,Rahul Khan,Male,60,Kolkata,PROD020,Head & Shoulders,Personal Care,6,256.02,1536.12,0,272.91,Cash
ORD02628,9/10/2025,CUST0043,Isha Gupta,Male,18,Pune,PROD002,Tata Salt,Groceries,7,26.78,187.46,0.1,23.5,Debit Card
ORD02629,1/23/2025,CUST0678,Pooja Gupta,Male,65,Kolkata,PROD011,Colgate Toothpaste,Personal Care,5,101.81,509.05,0.15,104.63,Debit Card
ORD02630,2/16/2025,CUST0293,Karan Khan,Male,29,Delhi,PROD018,Nescafe Coffee,Beverages,5,200.26,1001.3,0.05,112.5,UPI
ORD02631,11/19/2025,CUST0571,Pooja Kapoor,Male,63,Pune,PROD001,Parle-G Biscuits,Snacks,2,31.73,63.46,0.15,7.89,Debit Card
ORD02632,7/23/2025,CUST0543,Priya Shah,Male,22,Mumbai,PROD007,Surf Excel,Home & Cleaning,5,194.93,974.65,0.05,194.03,Cash
ORD02633,1/27/2025,CUST0161,Arjun Gupta,Male,64,Bengaluru,PROD006,Tata Tea,Beverages,6,116.69,700.14,0.1,116.45,Debit Card
ORD02634,8/4/2025,CUST0717,Simran Joshi,Male,55,Pune,PROD014,Kellogg's Corn Flakes,Groceries,7,199.88,1399.16,0.1,122.69,Credit Card
ORD02635,11/24/2025,CUST0318,Anjali Iyer,Male,59,Pune,PROD018,Nescafe Coffee,Beverages,7,181.37,1269.59,0,165.52,Credit Card
ORD02636,2/2/2025,CUST0776,Sahil Nair,Male,28,Ahmedabad,PROD014,Kellogg's Corn Flakes,Groceries,7,200.01,1400.07,0,196.1,Debit Card
ORD02637,2/4/2025,CUST0517,Rohan Nair,Male,44,Hyderabad,PROD012,Dettol Handwash,Personal Care,1,105.67,105.67,0,20.69,Cash
ORD02638,1/28/2025,CUST0236,Sahil Malhotra,Male,56,Ahmedabad,PROD003,Amul Milk,Dairy,7,61.47,430.29,0,57.54,Debit Card
ORD02639,2/8/2025,CUST0540,Sneha Joshi,Female,34,Ahmedabad,PROD015,Harpic Cleaner,Home & Cleaning,1,125.75,125.75,0,15.53,Credit Card
ORD02640,12/30/2025,CUST0252,Amit Nair,Female,62,Hyderabad,PROD019,Vim Dishwash,Home & Cleaning,6,89.65,537.9,0.15,57.2,Cash
ORD02641,8/28/2025,CUST0992,Riya Joshi,Female,57,Hyderabad,PROD009,Aashirvaad Atta,Groceries,6,245.52,1473.12,0.05,277.16,Net Banking
ORD02642,9/26/2025,CUST0056,Aditya Reddy,Male,28,Kolkata,PROD011,Colgate Toothpaste,Personal Care,8,92,736,0,153.78,Net Banking
ORD02643,7/27/2025,CUST0545,Amit Das,Male,18,Bengaluru,PROD013,Britannia Bread,Dairy,7,49.26,344.82,0.05,73.41,Net Banking
ORD02644,4/10/2025,CUST0220,Isha Sharma,Male,33,Hyderabad,PROD014,Kellogg's Corn Flakes,Groceries,6,211.73,1270.38,0,221.22,Debit Card
ORD02645,10/8/2025,CUST0731,Sneha Patel,Female,24,Delhi,PROD020,Head & Shoulders,Personal Care,8,257.29,2058.32,0.15,276.78,UPI
ORD02646,12/22/2025,CUST0384,Amit Mehta,Male,52,Hyderabad,PROD015,Harpic Cleaner,Home & Cleaning,1,133.22,133.22,0,33.17,Cash
ORD02647,11/25/2025,CUST0868,Meera Shah,Female,45,Delhi,PROD016,Thums Up,Beverages,2,41.25,82.5,0,18.6,UPI
ORD02648,5/4/2025,CUST0578,Karan Malhotra,Female,18,Hyderabad,PROD006,Tata Tea,Beverages,3,114.46,343.38,0.05,50.08,Credit Card
ORD02649,7/27/2025,CUST0195,Manish Patel,Female,34,Chennai,PROD005,Coca Cola,Beverages,8,44.19,353.52,0,40.92,Debit Card
ORD02650,3/25/2025,CUST0266,Isha Singh,Male,25,Mumbai,PROD002,Tata Salt,Groceries,3,30.25,90.75,0,12.23,Cash
ORD02651,5/13/2025,CUST0958,Aditya Patel,Female,32,Bengaluru,PROD015,Harpic Cleaner,Home & Cleaning,7,130.32,912.24,0.15,148.08,Credit Card
ORD02652,10/1/2025,CUST0450,Sahil Gupta,Male,55,Ahmedabad,PROD016,Thums Up,Beverages,4,41.73,166.92,0,19.71,Debit Card
ORD02653,2/18/2025,CUST0668,Riya Patel,Male,42,Pune,PROD005,Coca Cola,Beverages,1,43.67,43.67,0,3.65,Debit Card
ORD02654,3/31/2025,CUST0706,Nikhil Sharma,Female,22,Ahmedabad,PROD001,Parle-G Biscuits,Snacks,2,30.4,60.8,0,7.22,Net Banking
ORD02655,2/6/2025,CUST0286,Kavya Malhotra,Male,36,Lucknow,PROD010,Maggi Noodles,Groceries,3,14.73,44.19,0.05,6.89,Net Banking
ORD02656,9/5/2025,CUST0606,Riya Patel,Female,44,Pune,PROD017,Good Day Cookies,Snacks,3,54.17,162.51,0,35.09,Debit Card
ORD02657,3/6/2025,CUST0840,Arjun Singh,Female,30,Delhi,PROD011,Colgate Toothpaste,Personal Care,2,94.93,189.86,0.05,35.59,Cash
ORD02658,4/14/2025,CUST0059,Pooja Gupta,Male,55,Jaipur,PROD015,Harpic Cleaner,Home & Cleaning,6,126.93,761.58,0.15,120.27,Net Banking
ORD02659,5/6/2025,CUST0983,Rahul Iyer,Female,52,Jaipur,PROD008,Dove Soap,Personal Care,2,52.49,104.98,0.1,20.23,Credit Card
ORD02660,3/19/2025,CUST0690,Sneha Sharma,Male,23,Kolkata,PROD005,Coca Cola,Beverages,3,47.97,143.91,0.1,32.22,Credit Card
ORD02661,8/1/2025,CUST0505,Aditya Patel,Male,59,Chennai,PROD015,Harpic Cleaner,Home & Cleaning,8,127.5,1020,0,244.46,Net Banking
ORD02662,1/15/2025,CUST0717,Simran Joshi,Male,55,Pune,PROD002,Tata Salt,Groceries,7,28.29,198.03,0.05,38.4,Cash
ORD02663,6/21/2025,CUST0004,Amit Gupta,Male,50,Lucknow,PROD007,Surf Excel,Home & Cleaning,6,172.41,1034.46,0.1,200.71,Net Banking
ORD02664,1/20/2025,CUST0321,Rohan Joshi,Male,48,Ahmedabad,PROD006,Tata Tea,Beverages,5,116.43,582.15,0.05,52.22,Cash
ORD02665,12/12/2025,CUST0811,Arjun Mehta,Male,57,Lucknow,PROD010,Maggi Noodles,Groceries,1,14.55,14.55,0.1,1.65,Cash
ORD02666,10/19/2025,CUST0485,Arjun Khan,Female,55,Lucknow,PROD012,Dettol Handwash,Personal Care,3,111.56,334.68,0.1,31.15,UPI
ORD02667,7/27/2025,CUST0863,Vikram Das,Female,18,Chennai,PROD014,Kellogg's Corn Flakes,Groceries,3,199.93,599.79,0,72.98,Credit Card
ORD02668,5/15/2025,CUST0825,Neha Nair,Male,33,Chennai,PROD017,Good Day Cookies,Snacks,6,52.26,313.56,0.1,64.94,Cash
ORD02669,9/6/2025,CUST0747,Rahul Khan,Male,19,Hyderabad,PROD003,Amul Milk,Dairy,5,62.16,310.8,0.05,39.44,Net Banking
ORD02670,10/22/2025,CUST0214,Aditya Nair,Male,49,Mumbai,PROD004,Lay's Chips,Snacks,4,38.4,153.6,0.15,25.52,Net Banking
ORD02671,10/29/2025,CUST0726,Neha Patel,Male,61,Hyderabad,PROD009,Aashirvaad Atta,Groceries,2,247.16,494.32,0.15,64.13,Net Banking
ORD02672,12/5/2025,CUST0911,Neha Joshi,Male,24,Kolkata,PROD011,Colgate Toothpaste,Personal Care,6,90.45,542.7,0.05,93.59,Credit Card
ORD02673,4/24/2025,CUST0147,Kavya Khan,Female,63,Delhi,PROD014,Kellogg's Corn Flakes,Groceries,7,208.84,1461.88,0,149.7,Net Banking
ORD02674,10/27/2025,CUST0264,Sahil Gupta,Male,39,Delhi,PROD013,Britannia Bread,Dairy,2,43.63,87.26,0,17.64,Net Banking
ORD02675,6/23/2025,CUST0825,Neha Nair,Male,33,Chennai,PROD003,Amul Milk,Dairy,2,59.97,119.94,0.05,20.01,Credit Card
ORD02676,8/12/2025,CUST0258,Simran Gupta,Female,46,Bengaluru,PROD001,Parle-G Biscuits,Snacks,1,31.65,31.65,0,6.22,Credit Card
ORD02677,11/23/2025,CUST0141,Neha Iyer,Male,37,Lucknow,PROD007,Surf Excel,Home & Cleaning,5,196.35,981.75,0.05,101.98,Credit Card
ORD02678,9/20/2025,CUST0350,Aditya Shah,Female,28,Bengaluru,PROD013,Britannia Bread,Dairy,8,47.79,382.32,0.1,31.28,Net Banking
ORD02679,11/29/2025,CUST0539,Vikram Khan,Male,42,Lucknow,PROD005,Coca Cola,Beverages,3,44.13,132.39,0.15,21.3,Cash
ORD02680,12/24/2025,CUST0060,Priya Das,Female,21,Mumbai,PROD011,Colgate Toothpaste,Personal Care,5,91.21,456.05,0.15,34.27,UPI
ORD02681,8/28/2025,CUST0749,Sahil Gupta,Male,24,Bengaluru,PROD007,Surf Excel,Home & Cleaning,5,186.54,932.7,0.05,131.26,Net Banking
ORD02682,12/18/2025,CUST0614,Manish Gupta,Female,58,Delhi,PROD018,Nescafe Coffee,Beverages,5,191.66,958.3,0.05,152.58,Cash
ORD02683,1/2/2025,CUST0639,Manish Shah,Male,45,Pune,PROD009,Aashirvaad Atta,Groceries,7,244.73,1713.11,0.15,176.26,Net Banking
ORD02684,10/6/2025,CUST0879,Rohan Mehta,Male,50,Lucknow,PROD015,Harpic Cleaner,Home & Cleaning,3,122.52,367.56,0,32.57,UPI
ORD02685,2/20/2025,CUST0588,Kavya Malhotra,Male,37,Chennai,PROD005,Coca Cola,Beverages,7,43.31,303.17,0.1,27.97,Cash
ORD02686,5/23/2025,CUST0331,Manish Joshi,Male,41,Chennai,PROD012,Dettol Handwash,Personal Care,6,116.59,699.54,0.15,88.64,Debit Card
ORD02687,6/30/2025,CUST0512,Amit Patel,Male,46,Lucknow,PROD017,Good Day Cookies,Snacks,7,49.92,349.44,0.05,76.7,UPI
ORD02688,1/27/2025,CUST0990,Riya Khan,Female,26,Bengaluru,PROD006,Tata Tea,Beverages,5,122.46,612.3,0.05,47.1,Cash
ORD02689,3/9/2025,CUST0537,Sneha Das,Male,19,Hyderabad,PROD015,Harpic Cleaner,Home & Cleaning,6,128.52,771.12,0.1,150.89,Debit Card
ORD02690,6/16/2025,CUST0700,Sneha Das,Male,20,Mumbai,PROD002,Tata Salt,Groceries,6,26.9,161.4,0.1,20.34,UPI
ORD02691,9/20/2025,CUST0158,Sneha Mehta,Male,37,Lucknow,PROD006,Tata Tea,Beverages,5,129.51,647.55,0.05,56.4,Net Banking
ORD02692,7/28/2025,CUST0627,Kavya Iyer,Male,54,Kolkata,PROD016,Thums Up,Beverages,5,38.03,190.15,0,21.73,Net Banking
ORD02693,2/2/2025,CUST0437,Vikram Khan,Female,22,Kolkata,PROD001,Parle-G Biscuits,Snacks,4,32.26,129.04,0.1,26.41,Cash
ORD02694,5/18/2025,CUST0021,Amit Gupta,Female,31,Ahmedabad,PROD008,Dove Soap,Personal Care,7,53.85,376.95,0.15,41.88,Credit Card
ORD02695,6/20/2025,CUST0939,Neha Sharma,Female,27,Mumbai,PROD007,Surf Excel,Home & Cleaning,7,172.64,1208.48,0,260.48,UPI
ORD02696,5/23/2025,CUST0554,Sahil Gupta,Male,37,Pune,PROD020,Head & Shoulders,Personal Care,4,248.19,992.76,0.15,178.95,UPI
ORD02697,11/7/2025,CUST0218,Arjun Khan,Female,59,Pune,PROD009,Aashirvaad Atta,Groceries,1,259.4,259.4,0.1,44,Cash
ORD02698,3/20/2025,CUST0611,Rahul Malhotra,Female,59,Pune,PROD016,Thums Up,Beverages,8,38.81,310.48,0.05,40.48,Net Banking
ORD02699,1/7/2025,CUST0276,Arjun Iyer,Female,42,Lucknow,PROD004,Lay's Chips,Snacks,4,35.15,140.6,0.15,15.05,Debit Card
ORD02700,9/9/2025,CUST0326,Nikhil Mehta,Female,55,Jaipur,PROD002,Tata Salt,Groceries,8,27.46,219.68,0.1,41.09,Debit Card
ORD02701,12/13/2025,CUST0522,Sneha Malhotra,Male,37,Delhi,PROD001,Parle-G Biscuits,Snacks,6,30.74,184.44,0,32.72,UPI
ORD02702,11/12/2025,CUST0910,Amit Malhotra,Female,46,Chennai,PROD011,Colgate Toothpaste,Personal Care,1,92.25,92.25,0.1,6.66,Debit Card
ORD02703,9/29/2025,CUST0277,Nikhil Singh,Female,50,Lucknow,PROD005,Coca Cola,Beverages,1,48.16,48.16,0,6.75,Net Banking
ORD02704,1/9/2025,CUST0999,Vikram Singh,Male,64,Pune,PROD005,Coca Cola,Beverages,6,46.26,277.56,0.15,52.63,Cash
ORD02705,8/14/2025,CUST0196,Neha Kapoor,Female,50,Mumbai,PROD010,Maggi Noodles,Groceries,3,14.34,43.02,0,7.56,Cash
ORD02706,2/28/2025,CUST0483,Anjali Verma,Female,38,Bengaluru,PROD010,Maggi Noodles,Groceries,7,15.29,107.03,0.15,12.93,Debit Card
ORD02707,4/14/2025,CUST0069,Vikram Shah,Female,26,Chennai,PROD017,Good Day Cookies,Snacks,7,53.03,371.21,0.15,63.95,UPI
ORD02708,9/24/2025,CUST0513,Priya Gupta,Male,43,Ahmedabad,PROD017,Good Day Cookies,Snacks,3,53.79,161.37,0.05,32.77,Cash
ORD02709,11/28/2025,CUST0714,Pooja Patel,Male,51,Bengaluru,PROD017,Good Day Cookies,Snacks,5,48.3,241.5,0.1,23.27,Credit Card
ORD02710,7/12/2025,CUST0173,Meera Gupta,Female,46,Ahmedabad,PROD014,Kellogg's Corn Flakes,Groceries,1,222.71,222.71,0.05,42.92,Net Banking
ORD02711,9/22/2025,CUST0775,Simran Shah,Female,24,Ahmedabad,PROD009,Aashirvaad Atta,Groceries,3,254.72,764.16,0.1,89.22,Credit Card
ORD02712,10/30/2025,CUST0102,Anjali Iyer,Female,43,Jaipur,PROD015,Harpic Cleaner,Home & Cleaning,4,131.87,527.48,0.1,70.49,Credit Card
ORD02713,2/16/2025,CUST0673,Kavya Iyer,Female,31,Pune,PROD003,Amul Milk,Dairy,6,57.83,346.98,0.15,69.89,Cash
ORD02714,7/5/2025,CUST0554,Sahil Gupta,Male,37,Pune,PROD017,Good Day Cookies,Snacks,3,49.71,149.13,0,34.4,Debit Card
ORD02715,8/4/2025,CUST0577,Amit Khan,Male,56,Lucknow,PROD010,Maggi Noodles,Groceries,7,15.65,109.55,0.15,20.68,Credit Card
ORD02716,3/2/2025,CUST0242,Karan Das,Female,29,Bengaluru,PROD005,Coca Cola,Beverages,8,47.64,381.12,0,72.85,Cash
ORD02717,12/14/2025,CUST0640,Sneha Singh,Male,46,Hyderabad,PROD017,Good Day Cookies,Snacks,1,54.86,54.86,0,6.52,Net Banking
ORD02718,10/5/2025,CUST0058,Kavya Das,Female,27,Bengaluru,PROD002,Tata Salt,Groceries,7,27.93,195.51,0.05,42.42,Cash
ORD02719,12/27/2025,CUST0057,Rahul Mehta,Female,47,Hyderabad,PROD018,Nescafe Coffee,Beverages,5,203.58,1017.9,0.1,163.76,Debit Card
ORD02720,9/26/2025,CUST0073,Rohan Singh,Male,24,Jaipur,PROD015,Harpic Cleaner,Home & Cleaning,7,128.06,896.42,0.05,97.45,UPI
ORD02721,2/3/2025,CUST0839,Riya Patel,Female,35,Chennai,PROD018,Nescafe Coffee,Beverages,1,204.53,204.53,0,32.45,Debit Card
ORD02722,6/4/2025,CUST0598,Aditya Patel,Female,56,Ahmedabad,PROD003,Amul Milk,Dairy,6,61.45,368.7,0,64.46,Debit Card
ORD02723,5/15/2025,CUST0523,Manish Reddy,Male,53,Kolkata,PROD020,Head & Shoulders,Personal Care,7,253.54,1774.78,0.15,174.57,Net Banking
ORD02724,1/9/2025,CUST0525,Arjun Gupta,Female,59,Pune,PROD015,Harpic Cleaner,Home & Cleaning,7,122.6,858.2,0,194.31,Cash
ORD02725,4/3/2025,CUST0409,Amit Joshi,Female,61,Jaipur,PROD003,Amul Milk,Dairy,3,59.14,177.42,0.1,31.27,UPI
ORD02726,10/8/2025,CUST0959,Karan Khan,Female,36,Bengaluru,PROD020,Head & Shoulders,Personal Care,1,271.65,271.65,0.05,53.03,Net Banking
ORD02727,3/10/2025,CUST0103,Rahul Singh,Female,31,Kolkata,PROD005,Coca Cola,Beverages,7,48.47,339.29,0,56.6,UPI
ORD02728,11/2/2025,CUST0665,Rahul Gupta,Female,22,Delhi,PROD016,Thums Up,Beverages,1,43.49,43.49,0.1,7.89,UPI
ORD02729,3/17/2025,CUST0895,Kavya Nair,Male,25,Delhi,PROD004,Lay's Chips,Snacks,1,35.64,35.64,0,4.18,Net Banking
ORD02730,12/28/2025,CUST0569,Simran Shah,Female,45,Delhi,PROD005,Coca Cola,Beverages,7,46.48,325.36,0,38.41,Net Banking
ORD02731,5/5/2025,CUST0679,Pooja Nair,Male,33,Ahmedabad,PROD014,Kellogg's Corn Flakes,Groceries,5,218.64,1093.2,0.1,232.81,Debit Card
ORD02732,9/23/2025,CUST0046,Vikram Shah,Male,64,Lucknow,PROD014,Kellogg's Corn Flakes,Groceries,8,209.83,1678.64,0.15,263.13,Credit Card
ORD02733,9/7/2025,CUST0998,Amit Malhotra,Female,26,Jaipur,PROD007,Surf Excel,Home & Cleaning,6,180.57,1083.42,0.1,80.21,Cash
ORD02734,6/18/2025,CUST0242,Karan Das,Female,29,Bengaluru,PROD004,Lay's Chips,Snacks,3,37.66,112.98,0,10.96,Debit Card
ORD02735,11/26/2025,CUST0648,Rohan Das,Male,33,Delhi,PROD002,Tata Salt,Groceries,6,28.45,170.7,0,24.03,UPI
ORD02736,6/9/2025,CUST0538,Isha Reddy,Female,36,Delhi,PROD016,Thums Up,Beverages,4,41.1,164.4,0.05,19.49,Debit Card
ORD02737,6/7/2025,CUST0522,Sneha Malhotra,Male,37,Delhi,PROD018,Nescafe Coffee,Beverages,4,183.48,733.92,0,97.56,Cash
ORD02738,6/15/2025,CUST0974,Aditya Joshi,Female,45,Chennai,PROD002,Tata Salt,Groceries,2,29.76,59.52,0,14.66,UPI
ORD02739,10/1/2025,CUST0204,Rohan Joshi,Female,50,Hyderabad,PROD013,Britannia Bread,Dairy,8,43.52,348.16,0.1,68.7,Net Banking
ORD02740,10/3/2025,CUST0077,Arjun Sharma,Male,39,Delhi,PROD002,Tata Salt,Groceries,8,30.29,242.32,0.1,40.36,UPI
ORD02741,11/18/2025,CUST0895,Kavya Nair,Male,25,Delhi,PROD005,Coca Cola,Beverages,4,47.06,188.24,0.05,38.76,Debit Card
ORD02742,5/31/2025,CUST0366,Meera Shah,Male,58,Jaipur,PROD014,Kellogg's Corn Flakes,Groceries,5,207.8,1039,0.1,166.14,UPI
ORD02743,1/12/2025,CUST0937,Riya Iyer,Female,61,Jaipur,PROD008,Dove Soap,Personal Care,7,58.24,407.68,0.1,88.84,UPI
ORD02744,9/13/2025,CUST0443,Riya Shah,Female,27,Lucknow,PROD007,Surf Excel,Home & Cleaning,3,187.56,562.68,0.1,59.33,Net Banking
ORD02745,12/28/2025,CUST0678,Pooja Gupta,Male,65,Kolkata,PROD007,Surf Excel,Home & Cleaning,2,180.59,361.18,0.1,46.23,Credit Card
ORD02746,10/14/2025,CUST0616,Meera Reddy,Male,46,Lucknow,PROD005,Coca Cola,Beverages,8,44.33,354.64,0.15,44.28,Credit Card
ORD02747,7/8/2025,CUST0728,Amit Das,Male,40,Kolkata,PROD002,Tata Salt,Groceries,3,28.97,86.91,0,11.85,Debit Card
ORD02748,7/10/2025,CUST0658,Karan Reddy,Male,20,Pune,PROD006,Tata Tea,Beverages,4,118.08,472.32,0.05,42.8,UPI
ORD02749,7/19/2025,CUST0564,Isha Khan,Female,65,Delhi,PROD012,Dettol Handwash,Personal Care,5,113.37,566.85,0.15,74,UPI
ORD02750,12/30/2025,CUST0970,Kavya Nair,Male,65,Delhi,PROD015,Harpic Cleaner,Home & Cleaning,4,124.37,497.48,0.1,100.25,Debit Card
ORD02751,5/26/2025,CUST0399,Vikram Patel,Male,22,Ahmedabad,PROD006,Tata Tea,Beverages,2,120.22,240.44,0.15,28.74,UPI
ORD02752,2/2/2025,CUST0944,Aditya Gupta,Female,62,Mumbai,PROD016,Thums Up,Beverages,5,42.44,212.2,0.15,17.95,Cash
ORD02753,12/7/2025,CUST0004,Amit Gupta,Male,50,Lucknow,PROD011,Colgate Toothpaste,Personal Care,1,103.76,103.76,0,9.66,UPI
ORD02754,2/20/2025,CUST0415,Meera Shah,Male,50,Delhi,PROD019,Vim Dishwash,Home & Cleaning,2,94.21,188.42,0.05,41.44,Credit Card
ORD02755,1/30/2025,CUST0807,Rohan Verma,Male,24,Lucknow,PROD010,Maggi Noodles,Groceries,5,15.75,78.75,0.1,14.09,Net Banking
ORD02756,3/7/2025,CUST0262,Rahul Sharma,Female,33,Delhi,PROD018,Nescafe Coffee,Beverages,4,200.28,801.12,0.1,92.96,Net Banking
ORD02757,1/15/2025,CUST0830,Sneha Nair,Male,61,Bengaluru,PROD005,Coca Cola,Beverages,7,44.7,312.9,0,76.69,Credit Card
ORD02758,4/6/2025,CUST0435,Arjun Das,Female,43,Chennai,PROD012,Dettol Handwash,Personal Care,1,113.99,113.99,0.15,14.08,UPI
ORD02759,7/13/2025,CUST0572,Amit Singh,Male,42,Delhi,PROD007,Surf Excel,Home & Cleaning,7,181.18,1268.26,0.1,115.2,Cash
ORD02760,5/4/2025,CUST0424,Simran Mehta,Male,41,Jaipur,PROD014,Kellogg's Corn Flakes,Groceries,2,199.55,399.1,0.05,78.45,Debit Card
ORD02761,12/24/2025,CUST0179,Sneha Singh,Female,62,Ahmedabad,PROD002,Tata Salt,Groceries,3,29.93,89.79,0,9.22,Credit Card
ORD02762,8/5/2025,CUST0276,Arjun Iyer,Female,42,Lucknow,PROD020,Head & Shoulders,Personal Care,1,249.82,249.82,0,50.78,Net Banking
ORD02763,8/20/2025,CUST0227,Riya Reddy,Male,32,Ahmedabad,PROD014,Kellogg's Corn Flakes,Groceries,8,210.78,1686.24,0,161.78,Net Banking
ORD02764,3/3/2025,CUST0074,Rohan Singh,Female,56,Bengaluru,PROD011,Colgate Toothpaste,Personal Care,3,99.31,297.93,0.05,61.82,Debit Card
ORD02765,6/5/2025,CUST0301,Neha Khan,Female,25,Hyderabad,PROD001,Parle-G Biscuits,Snacks,3,29.45,88.35,0.05,7.61,Cash
ORD02766,7/12/2025,CUST0930,Kavya Iyer,Male,35,Kolkata,PROD012,Dettol Handwash,Personal Care,7,119.05,833.35,0,189.72,UPI
ORD02767,2/4/2025,CUST0113,Nikhil Joshi,Male,53,Bengaluru,PROD018,Nescafe Coffee,Beverages,7,187.52,1312.64,0,189.72,Net Banking
ORD02768,3/22/2025,CUST0599,Sahil Mehta,Female,52,Mumbai,PROD012,Dettol Handwash,Personal Care,7,119.24,834.68,0.05,111.43,Credit Card
ORD02769,6/2/2025,CUST0498,Rohan Shah,Female,47,Lucknow,PROD015,Harpic Cleaner,Home & Cleaning,7,134.7,942.9,0.05,195.29,Net Banking
ORD02770,4/2/2025,CUST0047,Sahil Joshi,Male,48,Kolkata,PROD001,Parle-G Biscuits,Snacks,4,32.67,130.68,0.15,14.99,Debit Card
ORD02771,12/16/2025,CUST0352,Simran Shah,Male,63,Jaipur,PROD003,Amul Milk,Dairy,4,64.49,257.96,0.05,52.08,Debit Card
ORD02772,10/2/2025,CUST0897,Sahil Joshi,Female,29,Lucknow,PROD018,Nescafe Coffee,Beverages,7,194.21,1359.47,0,232.04,Credit Card
ORD02773,2/3/2025,CUST0587,Meera Mehta,Female,46,Chennai,PROD001,Parle-G Biscuits,Snacks,5,30.61,153.05,0,37.14,Debit Card
ORD02774,9/4/2025,CUST0948,Sahil Shah,Male,64,Bengaluru,PROD012,Dettol Handwash,Personal Care,5,110.74,553.7,0,79.48,Debit Card
ORD02775,10/29/2025,CUST0595,Manish Kapoor,Female,62,Pune,PROD007,Surf Excel,Home & Cleaning,3,180.66,541.98,0,67.38,Cash
ORD02776,3/10/2025,CUST0539,Vikram Khan,Male,42,Lucknow,PROD017,Good Day Cookies,Snacks,8,51.92,415.36,0.05,45.9,UPI
ORD02777,8/11/2025,CUST0297,Karan Kapoor,Male,21,Delhi,PROD001,Parle-G Biscuits,Snacks,6,29.78,178.68,0.1,26.41,Cash
ORD02778,9/15/2025,CUST0098,Amit Nair,Female,57,Chennai,PROD017,Good Day Cookies,Snacks,4,47.89,191.56,0.15,35.29,UPI
ORD02779,10/26/2025,CUST0062,Amit Malhotra,Male,22,Lucknow,PROD004,Lay's Chips,Snacks,8,38.32,306.56,0,40.79,UPI
ORD02780,7/31/2025,CUST0333,Priya Kapoor,Female,22,Chennai,PROD003,Amul Milk,Dairy,2,59.25,118.5,0.1,17.26,Credit Card
ORD02781,8/22/2025,CUST0647,Rohan Kapoor,Female,21,Hyderabad,PROD004,Lay's Chips,Snacks,1,35.8,35.8,0.15,2.84,UPI
ORD02782,3/7/2025,CUST0047,Sahil Joshi,Male,48,Kolkata,PROD020,Head & Shoulders,Personal Care,7,271.6,1901.2,0.05,274.45,Debit Card
ORD02783,1/2/2025,CUST0780,Isha Reddy,Male,39,Lucknow,PROD015,Harpic Cleaner,Home & Cleaning,1,126.37,126.37,0.15,20.49,Credit Card
ORD02784,5/15/2025,CUST0885,Neha Malhotra,Female,27,Pune,PROD014,Kellogg's Corn Flakes,Groceries,4,207.2,828.8,0,118.76,Credit Card
ORD02785,1/28/2025,CUST0724,Karan Mehta,Male,52,Chennai,PROD007,Surf Excel,Home & Cleaning,1,181.91,181.91,0,20.26,Credit Card
ORD02786,1/10/2025,CUST0982,Rahul Shah,Male,25,Mumbai,PROD017,Good Day Cookies,Snacks,7,54.06,378.42,0.05,84.37,Debit Card
ORD02787,3/20/2025,CUST0938,Pooja Reddy,Female,18,Jaipur,PROD005,Coca Cola,Beverages,3,44.7,134.1,0,12.91,UPI
ORD02788,6/13/2025,CUST0414,Vikram Nair,Female,26,Hyderabad,PROD014,Kellogg's Corn Flakes,Groceries,8,200.66,1605.28,0.05,141.55,Net Banking
ORD02789,5/8/2025,CUST0580,Sneha Iyer,Male,61,Kolkata,PROD005,Coca Cola,Beverages,1,43.39,43.39,0.1,5.94,Credit Card
ORD02790,1/17/2025,CUST0870,Anjali Reddy,Female,19,Bengaluru,PROD017,Good Day Cookies,Snacks,3,48.47,145.41,0,18.5,Debit Card
ORD02791,7/13/2025,CUST0238,Sneha Nair,Male,57,Hyderabad,PROD019,Vim Dishwash,Home & Cleaning,3,87.99,263.97,0,23.24,Credit Card
ORD02792,2/8/2025,CUST0671,Amit Shah,Male,57,Delhi,PROD001,Parle-G Biscuits,Snacks,2,32.82,65.64,0.15,11.65,UPI
ORD02793,2/21/2025,CUST0777,Amit Kapoor,Male,36,Mumbai,PROD007,Surf Excel,Home & Cleaning,5,185.42,927.1,0,109.41,Credit Card
ORD02794,3/1/2025,CUST0234,Simran Iyer,Female,62,Hyderabad,PROD006,Tata Tea,Beverages,6,117.27,703.62,0.1,153.51,Credit Card
ORD02795,6/20/2025,CUST0163,Riya Singh,Female,24,Bengaluru,PROD008,Dove Soap,Personal Care,5,55.02,275.1,0.1,48.4,Credit Card
ORD02796,6/2/2025,CUST0222,Neha Joshi,Male,62,Hyderabad,PROD010,Maggi Noodles,Groceries,3,15.38,46.14,0.05,9.26,Net Banking
ORD02797,8/8/2025,CUST0454,Vikram Mehta,Female,65,Mumbai,PROD014,Kellogg's Corn Flakes,Groceries,1,204.96,204.96,0.15,29.1,Credit Card
ORD02798,5/7/2025,CUST0275,Karan Iyer,Male,22,Delhi,PROD006,Tata Tea,Beverages,1,127.13,127.13,0.15,26.11,Cash
ORD02799,10/21/2025,CUST0769,Amit Gupta,Female,38,Delhi,PROD015,Harpic Cleaner,Home & Cleaning,8,130.47,1043.76,0,132.6,Net Banking
ORD02800,2/17/2025,CUST0653,Manish Joshi,Female,55,Mumbai,PROD012,Dettol Handwash,Personal Care,3,114.76,344.28,0,48.39,Debit Card
ORD02801,6/20/2025,CUST0705,Neha Shah,Male,29,Bengaluru,PROD006,Tata Tea,Beverages,7,131.67,921.69,0.1,118.67,Net Banking
ORD02802,7/9/2025,CUST0868,Meera Shah,Female,45,Delhi,PROD003,Amul Milk,Dairy,5,61.39,306.95,0.1,67.21,Credit Card
ORD02803,2/23/2025,CUST0894,Arjun Malhotra,Female,62,Ahmedabad,PROD017,Good Day Cookies,Snacks,1,52.15,52.15,0.1,7.08,Debit Card
ORD02804,3/23/2025,CUST0485,Arjun Khan,Female,55,Lucknow,PROD012,Dettol Handwash,Personal Care,4,108.61,434.44,0.15,73.36,Debit Card
ORD02805,6/12/2025,CUST0900,Manish Sharma,Male,34,Chennai,PROD015,Harpic Cleaner,Home & Cleaning,5,136.07,680.35,0.1,94.19,Credit Card
ORD02806,6/23/2025,CUST0347,Manish Iyer,Female,65,Ahmedabad,PROD007,Surf Excel,Home & Cleaning,7,174.44,1221.08,0.15,180.33,Credit Card
ORD02807,10/31/2025,CUST0158,Sneha Mehta,Male,37,Lucknow,PROD010,Maggi Noodles,Groceries,4,16.22,64.88,0.1,9.57,Credit Card
ORD02808,11/27/2025,CUST0305,Karan Patel,Male,49,Kolkata,PROD004,Lay's Chips,Snacks,6,35.74,214.44,0,40.52,Cash
ORD02809,5/27/2025,CUST0974,Aditya Joshi,Female,45,Chennai,PROD007,Surf Excel,Home & Cleaning,4,179.75,719,0,172.44,Cash
ORD02810,2/21/2025,CUST0562,Sahil Verma,Female,22,Hyderabad,PROD011,Colgate Toothpaste,Personal Care,7,93.76,656.32,0.15,47.11,Cash
ORD02811,5/2/2025,CUST0749,Sahil Gupta,Male,24,Bengaluru,PROD018,Nescafe Coffee,Beverages,3,188.94,566.82,0.1,92,Net Banking
ORD02812,12/11/2025,CUST0624,Meera Iyer,Male,61,Delhi,PROD018,Nescafe Coffee,Beverages,2,192.34,384.68,0.05,82.69,Net Banking
ORD02813,12/22/2025,CUST0086,Karan Kapoor,Female,60,Bengaluru,PROD004,Lay's Chips,Snacks,7,37.96,265.72,0.15,43.25,Cash
ORD02814,7/14/2025,CUST0091,Arjun Khan,Female,61,Jaipur,PROD001,Parle-G Biscuits,Snacks,4,28.6,114.4,0,18.37,UPI
ORD02815,8/5/2025,CUST0483,Anjali Verma,Female,38,Bengaluru,PROD006,Tata Tea,Beverages,1,130.97,130.97,0.05,21.3,Cash
ORD02816,5/21/2025,CUST0982,Rahul Shah,Male,25,Mumbai,PROD018,Nescafe Coffee,Beverages,1,196.34,196.34,0,28.61,Net Banking
ORD02817,4/11/2025,CUST0213,Priya Khan,Female,63,Kolkata,PROD004,Lay's Chips,Snacks,3,38.39,115.17,0.05,16.16,Net Banking
ORD02818,3/15/2025,CUST0787,Simran Sharma,Female,23,Hyderabad,PROD010,Maggi Noodles,Groceries,8,15.14,121.12,0.05,21.77,Net Banking
ORD02819,7/27/2025,CUST0852,Sahil Singh,Female,25,Ahmedabad,PROD006,Tata Tea,Beverages,7,129.16,904.12,0.05,119.01,Credit Card
ORD02820,10/29/2025,CUST0940,Priya Gupta,Female,28,Hyderabad,PROD007,Surf Excel,Home & Cleaning,2,183.42,366.84,0.15,70.56,Debit Card
ORD02821,12/7/2025,CUST0012,Pooja Malhotra,Female,54,Bengaluru,PROD007,Surf Excel,Home & Cleaning,7,193.16,1352.12,0.05,213.17,UPI
ORD02822,10/18/2025,CUST0684,Sahil Patel,Male,34,Bengaluru,PROD004,Lay's Chips,Snacks,3,36.62,109.86,0.1,19.99,Cash
ORD02823,10/9/2025,CUST0091,Arjun Khan,Female,61,Jaipur,PROD020,Head & Shoulders,Personal Care,7,264.61,1852.27,0,277.82,Credit Card
ORD02824,7/19/2025,CUST0224,Simran Khan,Female,27,Bengaluru,PROD011,Colgate Toothpaste,Personal Care,4,98.8,395.2,0,38.66,UPI
ORD02825,5/20/2025,CUST0174,Pooja Malhotra,Female,37,Lucknow,PROD012,Dettol Handwash,Personal Care,1,106.37,106.37,0,18.78,Net Banking
ORD02826,4/21/2025,CUST0035,Riya Sharma,Male,41,Hyderabad,PROD003,Amul Milk,Dairy,4,59.04,236.16,0.05,55.02,Cash
ORD02827,5/21/2025,CUST0940,Priya Gupta,Female,28,Hyderabad,PROD014,Kellogg's Corn Flakes,Groceries,8,220.19,1761.52,0,427.5,Net Banking
ORD02828,12/20/2025,CUST0814,Rahul Khan,Female,37,Hyderabad,PROD004,Lay's Chips,Snacks,5,33.49,167.45,0.15,24.59,Debit Card
ORD02829,1/20/2025,CUST0091,Arjun Khan,Female,61,Jaipur,PROD002,Tata Salt,Groceries,2,30.23,60.46,0.1,9.91,UPI
ORD02830,10/24/2025,CUST0258,Simran Gupta,Female,46,Bengaluru,PROD018,Nescafe Coffee,Beverages,2,183.46,366.92,0,90.19,Net Banking
ORD02831,3/24/2025,CUST0679,Pooja Nair,Male,33,Ahmedabad,PROD003,Amul Milk,Dairy,1,57.43,57.43,0.05,10.45,UPI
ORD02832,10/6/2025,CUST0155,Nikhil Gupta,Male,33,Kolkata,PROD017,Good Day Cookies,Snacks,7,53.9,377.3,0,56.11,UPI
ORD02833,4/13/2025,CUST0766,Aditya Malhotra,Male,29,Lucknow,PROD003,Amul Milk,Dairy,1,59.22,59.22,0,5.97,Debit Card
ORD02834,4/18/2025,CUST0514,Sneha Shah,Male,21,Delhi,PROD011,Colgate Toothpaste,Personal Care,5,98.14,490.7,0,122.38,Debit Card
ORD02835,12/10/2025,CUST0203,Amit Gupta,Male,47,Pune,PROD003,Amul Milk,Dairy,7,57.55,402.85,0.1,63.86,UPI
ORD02836,2/10/2025,CUST0498,Rohan Shah,Female,47,Lucknow,PROD019,Vim Dishwash,Home & Cleaning,2,88.27,176.54,0.15,21.75,Debit Card
ORD02837,3/1/2025,CUST0807,Rohan Verma,Male,24,Lucknow,PROD016,Thums Up,Beverages,2,43.13,86.26,0,18.5,Credit Card
ORD02838,1/9/2025,CUST0898,Aditya Kapoor,Female,57,Mumbai,PROD005,Coca Cola,Beverages,2,46.69,93.38,0.05,21.07,Credit Card
ORD02839,12/2/2025,CUST0311,Karan Verma,Female,62,Chennai,PROD015,Harpic Cleaner,Home & Cleaning,1,121.78,121.78,0.15,18.06,UPI
ORD02840,11/20/2025,CUST0297,Karan Kapoor,Male,21,Delhi,PROD003,Amul Milk,Dairy,2,58.19,116.38,0.15,15.64,Debit Card
ORD02841,11/8/2025,CUST0325,Amit Nair,Male,57,Lucknow,PROD005,Coca Cola,Beverages,8,49.05,392.4,0,82.93,Credit Card
ORD02842,5/31/2025,CUST0994,Anjali Sharma,Female,33,Bengaluru,PROD014,Kellogg's Corn Flakes,Groceries,8,226.25,1810,0.05,281.05,Cash
ORD02843,11/23/2025,CUST0193,Anjali Khan,Female,62,Ahmedabad,PROD020,Head & Shoulders,Personal Care,2,256.31,512.62,0,44.28,Cash
ORD02844,10/23/2025,CUST0309,Karan Iyer,Female,54,Kolkata,PROD020,Head & Shoulders,Personal Care,2,272.65,545.3,0.1,49.45,Debit Card
ORD02845,2/8/2025,CUST0174,Pooja Malhotra,Female,37,Lucknow,PROD008,Dove Soap,Personal Care,3,53.23,159.69,0.05,34.75,Credit Card
ORD02846,8/10/2025,CUST0085,Anjali Reddy,Female,19,Delhi,PROD011,Colgate Toothpaste,Personal Care,4,94.97,379.88,0.1,62.04,Credit Card
ORD02847,6/15/2025,CUST0398,Vikram Iyer,Female,62,Ahmedabad,PROD003,Amul Milk,Dairy,7,61.93,433.51,0.05,56.55,Credit Card
ORD02848,7/6/2025,CUST0776,Sahil Nair,Male,28,Ahmedabad,PROD016,Thums Up,Beverages,5,43.36,216.8,0,22.46,Debit Card
ORD02849,5/22/2025,CUST0499,Priya Shah,Female,61,Hyderabad,PROD003,Amul Milk,Dairy,8,62.25,498,0.15,84.58,Net Banking
ORD02850,11/3/2025,CUST0539,Vikram Khan,Male,42,Lucknow,PROD012,Dettol Handwash,Personal Care,7,110.94,776.58,0.05,122.57,Credit Card
ORD02851,6/28/2025,CUST0060,Priya Das,Female,21,Mumbai,PROD001,Parle-G Biscuits,Snacks,6,28.98,173.88,0.05,25.37,Cash
ORD02852,4/5/2025,CUST0214,Aditya Nair,Male,49,Mumbai,PROD012,Dettol Handwash,Personal Care,6,117.34,704.04,0.05,154.31,Cash
ORD02853,12/1/2025,CUST0654,Amit Das,Female,58,Chennai,PROD003,Amul Milk,Dairy,8,58.4,467.2,0.1,43.16,Debit Card
ORD02854,12/6/2025,CUST0415,Meera Shah,Male,50,Delhi,PROD012,Dettol Handwash,Personal Care,1,108.77,108.77,0,17.51,UPI
ORD02855,7/13/2025,CUST0085,Anjali Reddy,Female,19,Delhi,PROD010,Maggi Noodles,Groceries,5,14.5,72.5,0,5.86,Net Banking
ORD02856,2/22/2025,CUST0664,Kavya Nair,Male,63,Pune,PROD014,Kellogg's Corn Flakes,Groceries,3,207.71,623.13,0.15,82.45,UPI
ORD02857,2/21/2025,CUST0004,Amit Gupta,Male,50,Lucknow,PROD014,Kellogg's Corn Flakes,Groceries,7,216.56,1515.92,0,294.53,Cash
ORD02858,9/14/2025,CUST0139,Sahil Gupta,Female,62,Hyderabad,PROD018,Nescafe Coffee,Beverages,3,180.72,542.16,0.1,53.01,UPI
ORD02859,4/3/2025,CUST0125,Riya Sharma,Female,37,Kolkata,PROD012,Dettol Handwash,Personal Care,3,106.81,320.43,0,55.72,Credit Card
ORD02860,3/21/2025,CUST0570,Sahil Nair,Female,23,Lucknow,PROD005,Coca Cola,Beverages,5,42.84,214.2,0.05,32.57,Net Banking
ORD02861,10/11/2025,CUST0198,Nikhil Khan,Female,58,Ahmedabad,PROD012,Dettol Handwash,Personal Care,5,105.03,525.15,0.05,47.74,Debit Card
ORD02862,5/7/2025,CUST0464,Simran Reddy,Female,59,Hyderabad,PROD020,Head & Shoulders,Personal Care,2,255.9,511.8,0,102.24,Debit Card
ORD02863,3/26/2025,CUST0684,Sahil Patel,Male,34,Bengaluru,PROD001,Parle-G Biscuits,Snacks,6,29.37,176.22,0.1,37.7,Net Banking
ORD02864,11/24/2025,CUST0607,Neha Malhotra,Male,40,Hyderabad,PROD005,Coca Cola,Beverages,1,48.09,48.09,0.1,5.59,Debit Card
ORD02865,1/15/2025,CUST0980,Isha Gupta,Male,65,Kolkata,PROD016,Thums Up,Beverages,1,41.59,41.59,0.1,6.33,Credit Card
ORD02866,2/22/2025,CUST0949,Pooja Joshi,Male,61,Pune,PROD018,Nescafe Coffee,Beverages,1,204.77,204.77,0,47.54,Net Banking
ORD02867,3/6/2025,CUST0295,Rahul Patel,Male,42,Kolkata,PROD011,Colgate Toothpaste,Personal Care,4,94.54,378.16,0.15,43.91,Net Banking
ORD02868,8/21/2025,CUST0780,Isha Reddy,Male,39,Lucknow,PROD004,Lay's Chips,Snacks,5,34.76,173.8,0.15,22.11,Debit Card
ORD02869,11/9/2025,CUST0751,Aditya Khan,Male,29,Bengaluru,PROD005,Coca Cola,Beverages,1,43.93,43.93,0.15,7.27,Credit Card
ORD02870,10/14/2025,CUST0024,Kavya Reddy,Female,41,Bengaluru,PROD013,Britannia Bread,Dairy,4,47.85,191.4,0.1,42.52,UPI
ORD02871,2/19/2025,CUST0690,Sneha Sharma,Male,23,Kolkata,PROD008,Dove Soap,Personal Care,8,56.86,454.88,0,88.02,Credit Card
ORD02872,7/26/2025,CUST0844,Kavya Mehta,Female,65,Mumbai,PROD020,Head & Shoulders,Personal Care,8,256.77,2054.16,0,451.39,Net Banking
ORD02873,6/26/2025,CUST0590,Anjali Mehta,Female,36,Ahmedabad,PROD001,Parle-G Biscuits,Snacks,6,32.16,192.96,0.15,22.13,Cash
ORD02874,5/23/2025,CUST0804,Isha Mehta,Female,35,Jaipur,PROD012,Dettol Handwash,Personal Care,5,116.01,580.05,0,100.12,Credit Card
ORD02875,1/26/2025,CUST0590,Anjali Mehta,Female,36,Ahmedabad,PROD001,Parle-G Biscuits,Snacks,7,31.21,218.47,0.1,34.66,Debit Card
ORD02876,7/18/2025,CUST0368,Rahul Iyer,Female,33,Lucknow,PROD005,Coca Cola,Beverages,7,42.85,299.95,0,61.11,Debit Card
ORD02877,1/23/2025,CUST0431,Amit Mehta,Female,33,Bengaluru,PROD015,Harpic Cleaner,Home & Cleaning,4,123.13,492.52,0.05,66.96,UPI
ORD02878,8/3/2025,CUST0409,Amit Joshi,Female,61,Jaipur,PROD011,Colgate Toothpaste,Personal Care,3,96.58,289.74,0,68.81,Net Banking
ORD02879,9/20/2025,CUST0071,Anjali Joshi,Female,57,Jaipur,PROD010,Maggi Noodles,Groceries,1,14.57,14.57,0,2.74,Debit Card
ORD02880,7/23/2025,CUST0200,Pooja Joshi,Female,25,Mumbai,PROD016,Thums Up,Beverages,7,41.7,291.9,0,55.12,Debit Card
ORD02881,4/3/2025,CUST0276,Arjun Iyer,Female,42,Lucknow,PROD010,Maggi Noodles,Groceries,8,15.99,127.92,0.1,26.04,Debit Card
ORD02882,5/9/2025,CUST0822,Vikram Malhotra,Male,33,Mumbai,PROD001,Parle-G Biscuits,Snacks,5,31.54,157.7,0,32.56,Credit Card
ORD02883,12/30/2025,CUST0218,Arjun Khan,Female,59,Pune,PROD010,Maggi Noodles,Groceries,1,15.98,15.98,0.05,1.42,Credit Card
ORD02884,6/17/2025,CUST0316,Vikram Reddy,Female,40,Delhi,PROD004,Lay's Chips,Snacks,6,35.05,210.3,0.1,34.46,Net Banking
ORD02885,7/16/2025,CUST0347,Manish Iyer,Female,65,Ahmedabad,PROD011,Colgate Toothpaste,Personal Care,8,94.27,754.16,0.15,152.43,Credit Card
ORD02886,8/20/2025,CUST0855,Kavya Sharma,Male,26,Bengaluru,PROD016,Thums Up,Beverages,7,38.09,266.63,0.05,27.35,UPI
ORD02887,12/12/2025,CUST0245,Pooja Das,Female,25,Ahmedabad,PROD007,Surf Excel,Home & Cleaning,4,188.74,754.96,0.15,138.05,Net Banking
ORD02888,10/3/2025,CUST0299,Arjun Joshi,Female,49,Lucknow,PROD012,Dettol Handwash,Personal Care,3,119.86,359.58,0,48.46,Credit Card
ORD02889,3/13/2025,CUST0538,Isha Reddy,Female,36,Delhi,PROD013,Britannia Bread,Dairy,4,43.06,172.24,0,40.47,Net Banking
ORD02890,8/15/2025,CUST0446,Nikhil Malhotra,Female,63,Lucknow,PROD013,Britannia Bread,Dairy,3,48.86,146.58,0.15,22.68,Credit Card
ORD02891,3/9/2025,CUST0102,Anjali Iyer,Female,43,Jaipur,PROD016,Thums Up,Beverages,5,43.71,218.55,0.15,19.25,UPI
ORD02892,7/3/2025,CUST0310,Kavya Singh,Male,43,Mumbai,PROD003,Amul Milk,Dairy,7,61.18,428.26,0,100.16,Credit Card
ORD02893,1/3/2025,CUST0605,Aditya Joshi,Male,40,Mumbai,PROD006,Tata Tea,Beverages,7,120.88,846.16,0,136,Cash
ORD02894,4/29/2025,CUST0227,Riya Reddy,Male,32,Ahmedabad,PROD005,Coca Cola,Beverages,6,47.82,286.92,0,28.86,Net Banking
ORD02895,3/19/2025,CUST0161,Arjun Gupta,Male,64,Bengaluru,PROD017,Good Day Cookies,Snacks,1,49.77,49.77,0.05,3.84,UPI
ORD02896,4/19/2025,CUST0429,Karan Gupta,Male,49,Jaipur,PROD004,Lay's Chips,Snacks,1,33.81,33.81,0,6.4,Debit Card
ORD02897,1/2/2025,CUST0634,Riya Verma,Male,54,Mumbai,PROD008,Dove Soap,Personal Care,8,57.23,457.84,0,83.62,UPI
ORD02898,7/12/2025,CUST0662,Arjun Patel,Female,60,Delhi,PROD001,Parle-G Biscuits,Snacks,3,31.69,95.07,0.05,13.83,Credit Card
ORD02899,2/2/2025,CUST0189,Sahil Sharma,Male,48,Jaipur,PROD011,Colgate Toothpaste,Personal Care,7,100.45,703.15,0.05,132.93,Net Banking
ORD02900,8/19/2025,CUST0758,Karan Sharma,Male,27,Lucknow,PROD012,Dettol Handwash,Personal Care,6,120.5,723,0.05,55.23,Net Banking
ORD02901,4/22/2025,CUST0637,Riya Shah,Male,54,Pune,PROD005,Coca Cola,Beverages,4,42.75,171,0.05,33.07,Credit Card
ORD02902,10/1/2025,CUST0761,Karan Singh,Female,26,Delhi,PROD008,Dove Soap,Personal Care,2,60.19,120.38,0.1,17.24,UPI
ORD02903,8/16/2025,CUST0292,Rahul Verma,Female,62,Hyderabad,PROD011,Colgate Toothpaste,Personal Care,7,94.38,660.66,0.05,139.61,UPI
ORD02904,11/11/2025,CUST0802,Vikram Malhotra,Male,56,Hyderabad,PROD004,Lay's Chips,Snacks,5,38.21,191.05,0.05,20.56,UPI
ORD02905,12/31/2025,CUST0943,Neha Iyer,Male,65,Jaipur,PROD003,Amul Milk,Dairy,8,65.77,526.16,0.1,115.91,Cash
ORD02906,8/3/2025,CUST0349,Vikram Khan,Female,47,Hyderabad,PROD002,Tata Salt,Groceries,6,27.34,164.04,0.1,28.08,UPI
ORD02907,1/29/2025,CUST0129,Manish Reddy,Male,57,Jaipur,PROD001,Parle-G Biscuits,Snacks,3,30.99,92.97,0.05,14.22,Cash
ORD02908,2/28/2025,CUST0679,Pooja Nair,Male,33,Ahmedabad,PROD003,Amul Milk,Dairy,1,58.4,58.4,0,5.36,Cash
ORD02909,4/15/2025,CUST0490,Riya Verma,Female,65,Lucknow,PROD018,Nescafe Coffee,Beverages,8,181.19,1449.52,0.1,244.66,Debit Card
ORD02910,7/2/2025,CUST0252,Amit Nair,Female,62,Hyderabad,PROD005,Coca Cola,Beverages,3,44.09,132.27,0.1,12.01,Net Banking
ORD02911,11/28/2025,CUST0160,Karan Khan,Female,35,Hyderabad,PROD003,Amul Milk,Dairy,3,60.41,181.23,0.15,31.19,Net Banking
ORD02912,3/19/2025,CUST0377,Vikram Sharma,Male,20,Chennai,PROD014,Kellogg's Corn Flakes,Groceries,4,228.22,912.88,0,85.93,Net Banking
ORD02913,6/22/2025,CUST0320,Sahil Joshi,Female,58,Chennai,PROD007,Surf Excel,Home & Cleaning,1,172.08,172.08,0,27.03,Credit Card
ORD02914,5/13/2025,CUST0584,Simran Singh,Male,64,Ahmedabad,PROD018,Nescafe Coffee,Beverages,3,205.4,616.2,0,71,Cash
ORD02915,9/3/2025,CUST0353,Neha Singh,Male,28,Hyderabad,PROD020,Head & Shoulders,Personal Care,7,261.82,1832.74,0,186.13,Net Banking
ORD02916,12/16/2025,CUST0731,Sneha Patel,Female,24,Delhi,PROD009,Aashirvaad Atta,Groceries,2,255.91,511.82,0.15,49.72,Cash
ORD02917,9/26/2025,CUST0423,Vikram Khan,Male,38,Chennai,PROD011,Colgate Toothpaste,Personal Care,2,102.82,205.64,0.05,45.37,Credit Card
ORD02918,6/30/2025,CUST0043,Isha Gupta,Male,18,Pune,PROD004,Lay's Chips,Snacks,2,37.34,74.68,0,16.32,Credit Card
ORD02919,4/23/2025,CUST0718,Nikhil Verma,Female,22,Lucknow,PROD014,Kellogg's Corn Flakes,Groceries,7,208.72,1461.04,0.1,204.7,Debit Card
ORD02920,6/26/2025,CUST0066,Karan Gupta,Female,43,Delhi,PROD005,Coca Cola,Beverages,8,43.99,351.92,0.05,44.7,Credit Card
ORD02921,6/10/2025,CUST0986,Sneha Iyer,Female,30,Pune,PROD008,Dove Soap,Personal Care,8,60.09,480.72,0.05,88.76,Cash
ORD02922,10/29/2025,CUST0629,Anjali Shah,Male,49,Hyderabad,PROD016,Thums Up,Beverages,7,39.56,276.92,0.1,41.6,Cash
ORD02923,7/8/2025,CUST0164,Pooja Gupta,Female,29,Hyderabad,PROD006,Tata Tea,Beverages,5,128.65,643.25,0.15,70.51,UPI
ORD02924,7/31/2025,CUST0023,Rohan Gupta,Female,65,Lucknow,PROD010,Maggi Noodles,Groceries,7,15.66,109.62,0.05,8.43,Net Banking
ORD02925,2/26/2025,CUST0133,Vikram Joshi,Female,39,Kolkata,PROD019,Vim Dishwash,Home & Cleaning,7,89.91,629.37,0.15,127.27,Credit Card
ORD02926,12/31/2025,CUST0839,Riya Patel,Female,35,Chennai,PROD002,Tata Salt,Groceries,7,29.82,208.74,0.1,43,Cash
ORD02927,10/27/2025,CUST0184,Pooja Joshi,Male,47,Hyderabad,PROD020,Head & Shoulders,Personal Care,4,275.85,1103.4,0,203.42,Credit Card
ORD02928,8/12/2025,CUST0264,Sahil Gupta,Male,39,Delhi,PROD009,Aashirvaad Atta,Groceries,3,240.24,720.72,0.15,60.49,Debit Card
ORD02929,9/10/2025,CUST0923,Vikram Das,Female,24,Kolkata,PROD001,Parle-G Biscuits,Snacks,3,29.16,87.48,0,11.35,Cash
ORD02930,8/26/2025,CUST0564,Isha Khan,Female,65,Delhi,PROD001,Parle-G Biscuits,Snacks,5,32.6,163,0.1,29.77,Credit Card
ORD02931,4/15/2025,CUST0383,Simran Reddy,Female,23,Kolkata,PROD004,Lay's Chips,Snacks,5,36.92,184.6,0,29.17,Credit Card
ORD02932,3/15/2025,CUST0666,Sahil Gupta,Female,18,Mumbai,PROD020,Head & Shoulders,Personal Care,3,250.65,751.95,0.1,118.05,Credit Card
ORD02933,5/19/2025,CUST0198,Nikhil Khan,Female,58,Ahmedabad,PROD015,Harpic Cleaner,Home & Cleaning,3,131.75,395.25,0.15,66.78,Debit Card
ORD02934,4/11/2025,CUST0066,Karan Gupta,Female,43,Delhi,PROD013,Britannia Bread,Dairy,8,45.45,363.6,0.1,26.83,Cash
ORD02935,1/3/2025,CUST0646,Pooja Iyer,Female,50,Pune,PROD008,Dove Soap,Personal Care,3,59.25,177.75,0.15,23.04,UPI
ORD02936,12/13/2025,CUST0069,Vikram Shah,Female,26,Chennai,PROD005,Coca Cola,Beverages,3,42.93,128.79,0,29.82,Net Banking
ORD02937,10/6/2025,CUST0300,Manish Mehta,Female,31,Jaipur,PROD017,Good Day Cookies,Snacks,5,48.45,242.25,0.05,48.66,Credit Card
ORD02938,9/18/2025,CUST0210,Isha Joshi,Female,39,Jaipur,PROD007,Surf Excel,Home & Cleaning,7,193.93,1357.51,0.15,167.05,Credit Card
ORD02939,7/15/2025,CUST0962,Meera Reddy,Male,20,Chennai,PROD018,Nescafe Coffee,Beverages,7,194.71,1362.97,0,270.61,UPI
ORD02940,11/3/2025,CUST0873,Priya Mehta,Female,52,Lucknow,PROD011,Colgate Toothpaste,Personal Care,5,98.89,494.45,0.05,108.7,Credit Card
ORD02941,1/27/2025,CUST0025,Rohan Shah,Female,23,Mumbai,PROD018,Nescafe Coffee,Beverages,6,206.64,1239.84,0.05,208.01,UPI
ORD02942,2/17/2025,CUST0888,Neha Malhotra,Male,20,Hyderabad,PROD007,Surf Excel,Home & Cleaning,3,178.06,534.18,0.05,106.47,Net Banking
ORD02943,6/19/2025,CUST0953,Manish Das,Male,20,Delhi,PROD007,Surf Excel,Home & Cleaning,6,172.35,1034.1,0,96.34,Debit Card
ORD02944,12/29/2025,CUST0401,Simran Das,Male,53,Jaipur,PROD004,Lay's Chips,Snacks,8,35.06,280.48,0.15,48.07,UPI
ORD02945,1/19/2025,CUST0554,Sahil Gupta,Male,37,Pune,PROD002,Tata Salt,Groceries,4,30.6,122.4,0.15,18.53,Debit Card
ORD02946,6/28/2025,CUST0262,Rahul Sharma,Female,33,Delhi,PROD003,Amul Milk,Dairy,1,59.54,59.54,0.05,6.85,Cash
ORD02947,4/8/2025,CUST0395,Arjun Gupta,Male,19,Delhi,PROD017,Good Day Cookies,Snacks,6,48.07,288.42,0,63.95,Net Banking
ORD02948,8/23/2025,CUST0650,Riya Verma,Female,58,Kolkata,PROD004,Lay's Chips,Snacks,5,35.95,179.75,0,28.97,Debit Card
ORD02949,2/22/2025,CUST0361,Rahul Reddy,Male,19,Hyderabad,PROD017,Good Day Cookies,Snacks,1,48.98,48.98,0.15,7.85,Cash
ORD02950,8/19/2025,CUST0529,Isha Gupta,Female,31,Chennai,PROD011,Colgate Toothpaste,Personal Care,7,94.27,659.89,0,107.43,Net Banking
ORD02951,8/25/2025,CUST0269,Rohan Das,Female,51,Pune,PROD002,Tata Salt,Groceries,2,30.64,61.28,0.15,4.5,UPI
ORD02952,2/24/2025,CUST0415,Meera Shah,Male,50,Delhi,PROD020,Head & Shoulders,Personal Care,4,265.87,1063.48,0,163.89,Debit Card
ORD02953,2/27/2025,CUST0529,Isha Gupta,Female,31,Chennai,PROD013,Britannia Bread,Dairy,7,49.37,345.59,0.15,72.33,UPI
ORD02954,10/24/2025,CUST0583,Arjun Mehta,Female,48,Pune,PROD019,Vim Dishwash,Home & Cleaning,8,96.66,773.28,0.1,107.56,Net Banking
ORD02955,6/14/2025,CUST0207,Meera Shah,Male,22,Hyderabad,PROD007,Surf Excel,Home & Cleaning,3,182.17,546.51,0.1,112.08,UPI
ORD02956,10/4/2025,CUST0341,Karan Kapoor,Female,30,Bengaluru,PROD018,Nescafe Coffee,Beverages,4,191.19,764.76,0.05,102.16,UPI
ORD02957,5/7/2025,CUST0603,Neha Singh,Male,50,Jaipur,PROD012,Dettol Handwash,Personal Care,7,109.9,769.3,0,132.88,Debit Card
ORD02958,9/18/2025,CUST0975,Rahul Mehta,Male,52,Mumbai,PROD008,Dove Soap,Personal Care,4,57.02,228.08,0.15,40.9,Credit Card
ORD02959,12/25/2025,CUST0290,Sahil Gupta,Female,53,Lucknow,PROD006,Tata Tea,Beverages,7,121.2,848.4,0,81.47,Cash
ORD02960,5/18/2025,CUST0344,Meera Verma,Female,27,Delhi,PROD018,Nescafe Coffee,Beverages,1,182.4,182.4,0.05,29.75,Cash
ORD02961,4/14/2025,CUST0439,Neha Verma,Male,43,Chennai,PROD018,Nescafe Coffee,Beverages,8,197.74,1581.92,0,127.71,UPI
ORD02962,7/16/2025,CUST0156,Riya Shah,Male,62,Ahmedabad,PROD017,Good Day Cookies,Snacks,6,49.03,294.18,0.1,29.23,Cash
ORD02963,12/30/2025,CUST0607,Neha Malhotra,Male,40,Hyderabad,PROD018,Nescafe Coffee,Beverages,4,187.77,751.08,0,141.54,UPI
ORD02964,8/7/2025,CUST0169,Priya Singh,Female,25,Pune,PROD011,Colgate Toothpaste,Personal Care,3,102.72,308.16,0.05,70.37,UPI
ORD02965,1/4/2025,CUST0992,Riya Joshi,Female,57,Hyderabad,PROD008,Dove Soap,Personal Care,1,58.88,58.88,0.1,11.61,Net Banking
ORD02966,4/25/2025,CUST0939,Neha Sharma,Female,27,Mumbai,PROD019,Vim Dishwash,Home & Cleaning,8,87.19,697.52,0,131.56,Net Banking
ORD02967,3/1/2025,CUST0886,Nikhil Patel,Male,34,Bengaluru,PROD006,Tata Tea,Beverages,8,128.28,1026.24,0.1,145.47,UPI
ORD02968,9/4/2025,CUST0900,Manish Sharma,Male,34,Chennai,PROD017,Good Day Cookies,Snacks,5,48.55,242.75,0,48.03,Net Banking
ORD02969,8/15/2025,CUST0944,Aditya Gupta,Female,62,Mumbai,PROD013,Britannia Bread,Dairy,4,42.76,171.04,0.15,13.15,UPI
ORD02970,6/1/2025,CUST0150,Arjun Khan,Male,23,Hyderabad,PROD003,Amul Milk,Dairy,1,64.45,64.45,0.05,6.36,Debit Card
ORD02971,12/21/2025,CUST0501,Sahil Patel,Male,45,Chennai,PROD007,Surf Excel,Home & Cleaning,1,180.42,180.42,0.1,36.42,Cash
ORD02972,9/1/2025,CUST0481,Vikram Verma,Female,45,Jaipur,PROD004,Lay's Chips,Snacks,7,38.16,267.12,0.15,40.65,UPI
ORD02973,8/22/2025,CUST0386,Pooja Joshi,Female,28,Ahmedabad,PROD012,Dettol Handwash,Personal Care,7,110.27,771.89,0.1,103.13,Cash
ORD02974,5/17/2025,CUST0304,Pooja Gupta,Male,34,Hyderabad,PROD002,Tata Salt,Groceries,7,28.8,201.6,0,22.8,UPI
ORD02975,12/12/2025,CUST0018,Anjali Joshi,Female,35,Jaipur,PROD020,Head & Shoulders,Personal Care,6,252.94,1517.64,0.05,346.95,Cash
ORD02976,12/22/2025,CUST0699,Arjun Kapoor,Male,54,Pune,PROD012,Dettol Handwash,Personal Care,4,117.38,469.52,0.15,45.52,Credit Card
ORD02977,12/27/2025,CUST0131,Rahul Patel,Female,26,Ahmedabad,PROD003,Amul Milk,Dairy,2,63.84,127.68,0,31.57,UPI
ORD02978,8/4/2025,CUST0470,Rahul Shah,Male,44,Ahmedabad,PROD001,Parle-G Biscuits,Snacks,6,31.62,189.72,0.1,33.16,UPI
ORD02979,6/18/2025,CUST0781,Meera Reddy,Female,63,Mumbai,PROD004,Lay's Chips,Snacks,6,35.84,215.04,0.15,18.17,UPI
ORD02980,1/16/2025,CUST0764,Anjali Mehta,Female,64,Hyderabad,PROD004,Lay's Chips,Snacks,1,33.61,33.61,0,5.08,Net Banking
ORD02981,12/9/2025,CUST0034,Anjali Shah,Male,56,Chennai,PROD005,Coca Cola,Beverages,7,45.1,315.7,0.15,54.21,Debit Card
ORD02982,4/15/2025,CUST0865,Sneha Gupta,Female,37,Delhi,PROD015,Harpic Cleaner,Home & Cleaning,6,129.96,779.76,0.15,156.52,Credit Card
ORD02983,2/25/2025,CUST0327,Priya Joshi,Male,38,Lucknow,PROD010,Maggi Noodles,Groceries,4,15.06,60.24,0,10.96,Debit Card
ORD02984,12/30/2025,CUST0585,Meera Iyer,Male,47,Pune,PROD013,Britannia Bread,Dairy,8,46.6,372.8,0.05,51.48,Net Banking
ORD02985,1/12/2025,CUST0947,Vikram Iyer,Female,32,Chennai,PROD014,Kellogg's Corn Flakes,Groceries,7,226.37,1584.59,0,345.59,Credit Card
ORD02986,3/16/2025,CUST0094,Kavya Khan,Female,45,Lucknow,PROD016,Thums Up,Beverages,3,42.9,128.7,0.1,17.6,Net Banking
ORD02987,10/31/2025,CUST0146,Karan Sharma,Female,49,Pune,PROD010,Maggi Noodles,Groceries,7,15.46,108.22,0.05,23.23,Credit Card
ORD02988,12/19/2025,CUST0738,Riya Sharma,Female,61,Kolkata,PROD016,Thums Up,Beverages,3,39.74,119.22,0,25.97,Credit Card
ORD02989,7/13/2025,CUST0022,Aditya Reddy,Female,27,Hyderabad,PROD018,Nescafe Coffee,Beverages,7,199.43,1396.01,0,183.87,UPI
ORD02990,3/15/2025,CUST0328,Riya Shah,Male,21,Ahmedabad,PROD003,Amul Milk,Dairy,1,62.04,62.04,0.05,7.52,Cash
ORD02991,11/27/2025,CUST0899,Rohan Joshi,Female,25,Kolkata,PROD004,Lay's Chips,Snacks,7,38.26,267.82,0,54.65,Credit Card
ORD02992,12/31/2025,CUST0241,Simran Das,Male,23,Hyderabad,PROD011,Colgate Toothpaste,Personal Care,7,102.29,716.03,0,103.71,Credit Card
ORD02993,10/29/2025,CUST0832,Rahul Joshi,Male,59,Delhi,PROD001,Parle-G Biscuits,Snacks,2,32.58,65.16,0,13.21,UPI
ORD02994,1/2/2025,CUST0539,Vikram Khan,Male,42,Lucknow,PROD020,Head & Shoulders,Personal Care,4,249.57,998.28,0.1,151.46,Debit Card
ORD02995,5/23/2025,CUST0875,Rahul Sharma,Male,44,Ahmedabad,PROD018,Nescafe Coffee,Beverages,1,185.44,185.44,0,25.43,UPI
ORD02996,4/28/2025,CUST0344,Meera Verma,Female,27,Delhi,PROD018,Nescafe Coffee,Beverages,3,198.31,594.93,0,110.47,UPI
ORD02997,5/5/2025,CUST0946,Isha Sharma,Male,65,Hyderabad,PROD009,Aashirvaad Atta,Groceries,4,261.25,1045,0.1,143.14,Cash
ORD02998,3/12/2025,CUST0404,Rohan Gupta,Female,19,Chennai,PROD006,Tata Tea,Beverages,1,123.21,123.21,0,12.8,Cash
ORD02999,8/23/2025,CUST0533,Pooja Mehta,Female,52,Chennai,PROD003,Amul Milk,Dairy,6,64.68,388.08,0.15,43.39,Debit Card
ORD03000,2/15/2025,CUST0788,Meera Joshi,Male,24,Mumbai,PROD015,Harpic Cleaner,Home & Cleaning,1,135.1,135.1,0,12.5,UPI
ORD03001,11/10/2025,CUST0358,Rahul Khan,Male,63,Chennai,PROD018,Nescafe Coffee,Beverages,4,199.72,798.88,0,65.05,Cash
ORD03002,2/18/2025,CUST0510,Arjun Gupta,Male,20,Kolkata,PROD007,Surf Excel,Home & Cleaning,8,187.71,1501.68,0.05,351.49,Net Banking
ORD03003,8/31/2025,CUST0599,Sahil Mehta,Female,52,Mumbai,PROD004,Lay's Chips,Snacks,5,33.98,169.9,0.1,28,Cash
ORD03004,9/6/2025,CUST0752,Sahil Khan,Female,55,Mumbai,PROD012,Dettol Handwash,Personal Care,1,117,117,0,17.43,Cash
ORD03005,10/5/2025,CUST0491,Simran Mehta,Female,52,Bengaluru,PROD004,Lay's Chips,Snacks,8,35.76,286.08,0,54.9,Credit Card
ORD03006,12/2/2025,CUST0419,Sahil Mehta,Male,49,Jaipur,PROD008,Dove Soap,Personal Care,7,56.74,397.18,0.05,31.76,Cash
ORD03007,4/5/2025,CUST0901,Rahul Das,Male,60,Chennai,PROD006,Tata Tea,Beverages,8,130.64,1045.12,0,188.81,Cash
ORD03008,12/25/2025,CUST0443,Riya Shah,Female,27,Lucknow,PROD014,Kellogg's Corn Flakes,Groceries,8,215.71,1725.68,0.15,120.14,Credit Card
ORD03009,10/9/2025,CUST0459,Arjun Shah,Female,32,Hyderabad,PROD013,Britannia Bread,Dairy,2,49.16,98.32,0.05,10.16,Net Banking
ORD03010,6/12/2025,CUST0693,Anjali Joshi,Female,51,Jaipur,PROD018,Nescafe Coffee,Beverages,1,193.72,193.72,0.15,29.51,Net Banking
ORD03011,8/27/2025,CUST0549,Nikhil Das,Female,52,Hyderabad,PROD004,Lay's Chips,Snacks,3,34.95,104.85,0.15,14.35,Credit Card
ORD03012,4/7/2025,CUST0445,Anjali Mehta,Female,55,Chennai,PROD011,Colgate Toothpaste,Personal Care,8,95.67,765.36,0,132.67,Net Banking
ORD03013,5/29/2025,CUST0379,Arjun Sharma,Male,36,Chennai,PROD018,Nescafe Coffee,Beverages,1,189.54,189.54,0,44.76,UPI
ORD03014,10/10/2025,CUST0792,Aditya Khan,Male,46,Mumbai,PROD015,Harpic Cleaner,Home & Cleaning,2,135.47,270.94,0.1,33.17,Net Banking
ORD03015,6/30/2025,CUST0193,Anjali Khan,Female,62,Ahmedabad,PROD019,Vim Dishwash,Home & Cleaning,2,98.37,196.74,0,35.48,Cash
ORD03016,6/7/2025,CUST0360,Rohan Kapoor,Female,46,Lucknow,PROD003,Amul Milk,Dairy,8,57.72,461.76,0,103,Net Banking
ORD03017,1/3/2025,CUST0439,Neha Verma,Male,43,Chennai,PROD002,Tata Salt,Groceries,1,30.27,30.27,0.05,6.08,Net Banking
ORD03018,8/17/2025,CUST0189,Sahil Sharma,Male,48,Jaipur,PROD009,Aashirvaad Atta,Groceries,5,259.79,1298.95,0,219.37,Net Banking
ORD03019,11/25/2025,CUST0856,Karan Mehta,Female,27,Chennai,PROD016,Thums Up,Beverages,6,41.84,251.04,0,46.82,UPI
ORD03020,3/18/2025,CUST0793,Arjun Joshi,Female,34,Bengaluru,PROD005,Coca Cola,Beverages,4,42.87,171.48,0,35.03,Debit Card
ORD03021,1/19/2025,CUST0649,Karan Malhotra,Male,61,Kolkata,PROD001,Parle-G Biscuits,Snacks,2,31.4,62.8,0.1,12.55,Cash
ORD03022,4/3/2025,CUST0282,Simran Verma,Female,22,Pune,PROD006,Tata Tea,Beverages,1,121.23,121.23,0.15,14.28,Credit Card
ORD03023,1/9/2025,CUST0233,Riya Patel,Male,42,Lucknow,PROD007,Surf Excel,Home & Cleaning,7,187.33,1311.31,0,246.24,Cash
ORD03024,1/11/2025,CUST0173,Meera Gupta,Female,46,Ahmedabad,PROD002,Tata Salt,Groceries,1,29.89,29.89,0.1,5.07,Credit Card
ORD03025,12/26/2025,CUST0832,Rahul Joshi,Male,59,Delhi,PROD009,Aashirvaad Atta,Groceries,3,271.43,814.29,0.1,75.93,Net Banking
ORD03026,12/24/2025,CUST0463,Rohan Singh,Male,36,Pune,PROD012,Dettol Handwash,Personal Care,4,112.25,449,0.05,106.21,Debit Card
ORD03027,7/28/2025,CUST0507,Sneha Malhotra,Male,19,Hyderabad,PROD003,Amul Milk,Dairy,5,59.75,298.75,0.15,36.18,Cash
ORD03028,7/5/2025,CUST0262,Rahul Sharma,Female,33,Delhi,PROD002,Tata Salt,Groceries,7,28.88,202.16,0.1,38.96,Debit Card
ORD03029,12/2/2025,CUST0260,Priya Mehta,Female,30,Pune,PROD012,Dettol Handwash,Personal Care,4,108.7,434.8,0,55.53,Cash
ORD03030,5/18/2025,CUST0918,Rahul Khan,Female,58,Hyderabad,PROD018,Nescafe Coffee,Beverages,7,190.59,1334.13,0.15,129.01,Net Banking
ORD03031,8/8/2025,CUST0204,Rohan Joshi,Female,50,Hyderabad,PROD010,Maggi Noodles,Groceries,4,15.74,62.96,0.05,11.44,Credit Card
ORD03032,9/23/2025,CUST0876,Aditya Patel,Female,48,Delhi,PROD014,Kellogg's Corn Flakes,Groceries,8,206.3,1650.4,0.1,328.38,Debit Card
ORD03033,9/26/2025,CUST0247,Isha Khan,Male,43,Mumbai,PROD005,Coca Cola,Beverages,1,48.56,48.56,0.1,7.01,Cash
ORD03034,11/9/2025,CUST0005,Rahul Shah,Male,63,Jaipur,PROD017,Good Day Cookies,Snacks,5,49.33,246.65,0.1,46.87,Net Banking
ORD03035,12/20/2025,CUST0224,Simran Khan,Female,27,Bengaluru,PROD009,Aashirvaad Atta,Groceries,5,246.64,1233.2,0.1,276.87,Debit Card
ORD03036,1/31/2025,CUST0888,Neha Malhotra,Male,20,Hyderabad,PROD018,Nescafe Coffee,Beverages,1,190.65,190.65,0.05,24.32,Debit Card
ORD03037,1/5/2025,CUST0739,Anjali Khan,Male,29,Hyderabad,PROD002,Tata Salt,Groceries,3,28.83,86.49,0.1,12.36,UPI
ORD03038,10/18/2025,CUST0469,Kavya Khan,Female,24,Delhi,PROD007,Surf Excel,Home & Cleaning,5,175.65,878.25,0.15,155.98,UPI
ORD03039,10/30/2025,CUST0714,Pooja Patel,Male,51,Bengaluru,PROD015,Harpic Cleaner,Home & Cleaning,8,123.01,984.08,0.1,207.41,Debit Card
ORD03040,3/12/2025,CUST0277,Nikhil Singh,Female,50,Lucknow,PROD012,Dettol Handwash,Personal Care,1,108.49,108.49,0,9.85,Debit Card
ORD03041,11/22/2025,CUST0573,Aditya Khan,Female,24,Pune,PROD012,Dettol Handwash,Personal Care,2,110.35,220.7,0,43.51,UPI
ORD03042,4/18/2025,CUST0308,Priya Mehta,Male,47,Pune,PROD011,Colgate Toothpaste,Personal Care,1,99.63,99.63,0.15,8.13,Debit Card
ORD03043,12/17/2025,CUST0233,Riya Patel,Male,42,Lucknow,PROD003,Amul Milk,Dairy,3,65.18,195.54,0.15,20.78,Credit Card
ORD03044,2/21/2025,CUST0845,Sahil Das,Male,39,Bengaluru,PROD008,Dove Soap,Personal Care,8,57.37,458.96,0.05,48.82,UPI
ORD03045,3/27/2025,CUST0146,Karan Sharma,Female,49,Pune,PROD008,Dove Soap,Personal Care,6,57,342,0.05,80.88,Cash
ORD03046,12/12/2025,CUST0367,Sahil Gupta,Male,36,Kolkata,PROD006,Tata Tea,Beverages,8,128.71,1029.68,0,178.89,Cash
ORD03047,9/11/2025,CUST0928,Anjali Das,Male,24,Kolkata,PROD006,Tata Tea,Beverages,6,116,696,0,117.63,Credit Card
ORD03048,5/13/2025,CUST0542,Anjali Verma,Female,29,Jaipur,PROD007,Surf Excel,Home & Cleaning,6,180.41,1082.46,0.05,249.14,Cash
ORD03049,9/2/2025,CUST0042,Sneha Patel,Female,19,Lucknow,PROD020,Head & Shoulders,Personal Care,2,269.8,539.6,0.05,49.18,Debit Card
ORD03050,12/24/2025,CUST0353,Neha Singh,Male,28,Hyderabad,PROD012,Dettol Handwash,Personal Care,6,116.97,701.82,0,138.31,UPI
ORD03051,8/1/2025,CUST0946,Isha Sharma,Male,65,Hyderabad,PROD014,Kellogg's Corn Flakes,Groceries,3,214.43,643.29,0.15,122.31,Cash
ORD03052,3/13/2025,CUST0205,Kavya Malhotra,Female,48,Bengaluru,PROD008,Dove Soap,Personal Care,8,54.31,434.48,0,108.45,UPI
ORD03053,3/27/2025,CUST0684,Sahil Patel,Male,34,Bengaluru,PROD011,Colgate Toothpaste,Personal Care,8,95.59,764.72,0.1,139.2,Cash
ORD03054,9/27/2025,CUST0264,Sahil Gupta,Male,39,Delhi,PROD004,Lay's Chips,Snacks,3,37.2,111.6,0,18.67,UPI
ORD03055,1/31/2025,CUST0524,Kavya Shah,Male,42,Bengaluru,PROD015,Harpic Cleaner,Home & Cleaning,7,121.75,852.25,0.15,134.48,Cash
ORD03056,5/1/2025,CUST0585,Meera Iyer,Male,47,Pune,PROD008,Dove Soap,Personal Care,2,57.23,114.46,0.1,12.45,Net Banking
ORD03057,6/9/2025,CUST0613,Isha Verma,Female,53,Kolkata,PROD011,Colgate Toothpaste,Personal Care,2,96.46,192.92,0.1,41.67,Debit Card
ORD03058,12/27/2025,CUST0034,Anjali Shah,Male,56,Chennai,PROD011,Colgate Toothpaste,Personal Care,3,103.33,309.99,0,72.99,Cash
ORD03059,4/28/2025,CUST0452,Priya Iyer,Male,30,Mumbai,PROD008,Dove Soap,Personal Care,2,60.07,120.14,0,15.34,Net Banking
ORD03060,2/16/2025,CUST0942,Vikram Kapoor,Male,40,Ahmedabad,PROD018,Nescafe Coffee,Beverages,1,189.29,189.29,0.05,40.38,Debit Card
ORD03061,7/25/2025,CUST0666,Sahil Gupta,Female,18,Mumbai,PROD005,Coca Cola,Beverages,1,43.73,43.73,0.15,8.13,Debit Card
ORD03062,5/11/2025,CUST0376,Rohan Patel,Female,20,Hyderabad,PROD002,Tata Salt,Groceries,3,28.92,86.76,0,8.52,Credit Card
ORD03063,11/9/2025,CUST0483,Anjali Verma,Female,38,Bengaluru,PROD012,Dettol Handwash,Personal Care,6,111.79,670.74,0.1,67.26,UPI
ORD03064,4/10/2025,CUST0113,Nikhil Joshi,Male,53,Bengaluru,PROD011,Colgate Toothpaste,Personal Care,5,98.66,493.3,0.05,87.58,UPI
ORD03065,2/13/2025,CUST0534,Pooja Singh,Female,50,Ahmedabad,PROD007,Surf Excel,Home & Cleaning,5,177.72,888.6,0.15,108.26,UPI
ORD03066,7/28/2025,CUST0703,Sneha Khan,Male,44,Chennai,PROD006,Tata Tea,Beverages,8,122.71,981.68,0,132.05,Credit Card
ORD03067,7/19/2025,CUST0700,Sneha Das,Male,20,Mumbai,PROD019,Vim Dishwash,Home & Cleaning,2,98.31,196.62,0.1,32.36,Debit Card
ORD03068,8/7/2025,CUST0829,Aditya Sharma,Male,54,Bengaluru,PROD003,Amul Milk,Dairy,8,58.92,471.36,0,78.51,Credit Card
ORD03069,11/13/2025,CUST0702,Rohan Verma,Male,53,Kolkata,PROD020,Head & Shoulders,Personal Care,2,276,552,0.15,76.55,Credit Card
ORD03070,8/15/2025,CUST0161,Arjun Gupta,Male,64,Bengaluru,PROD004,Lay's Chips,Snacks,4,35.33,141.32,0,30.21,Credit Card
ORD03071,7/3/2025,CUST0696,Arjun Shah,Male,34,Lucknow,PROD015,Harpic Cleaner,Home & Cleaning,7,133.34,933.38,0,197.31,Credit Card
ORD03072,6/27/2025,CUST0579,Kavya Mehta,Male,64,Jaipur,PROD017,Good Day Cookies,Snacks,8,51.15,409.2,0.1,69.75,Net Banking
ORD03073,5/21/2025,CUST0759,Rohan Kapoor,Male,51,Chennai,PROD020,Head & Shoulders,Personal Care,2,261.55,523.1,0,46.87,Debit Card
ORD03074,9/24/2025,CUST0053,Manish Gupta,Male,46,Jaipur,PROD001,Parle-G Biscuits,Snacks,3,28.53,85.59,0.1,15.88,Credit Card
ORD03075,1/29/2025,CUST0574,Rahul Singh,Female,41,Hyderabad,PROD016,Thums Up,Beverages,1,43.32,43.32,0.05,7.76,Credit Card
ORD03076,11/29/2025,CUST0609,Simran Joshi,Male,46,Ahmedabad,PROD011,Colgate Toothpaste,Personal Care,7,96.7,676.9,0.1,53.63,UPI
ORD03077,6/2/2025,CUST0279,Vikram Mehta,Female,32,Kolkata,PROD001,Parle-G Biscuits,Snacks,4,29.73,118.92,0.1,20.92,UPI
ORD03078,1/23/2025,CUST0550,Rahul Shah,Female,29,Pune,PROD005,Coca Cola,Beverages,4,48.07,192.28,0.15,27.11,UPI
ORD03079,6/10/2025,CUST0910,Amit Malhotra,Female,46,Chennai,PROD008,Dove Soap,Personal Care,3,55.93,167.79,0,14.81,UPI
ORD03080,3/23/2025,CUST0250,Neha Nair,Male,48,Mumbai,PROD008,Dove Soap,Personal Care,5,55.35,276.75,0,47.8,Credit Card
ORD03081,5/1/2025,CUST0003,Amit Iyer,Female,20,Mumbai,PROD004,Lay's Chips,Snacks,4,36.06,144.24,0.15,13.33,Credit Card
ORD03082,12/11/2025,CUST0033,Nikhil Iyer,Male,27,Chennai,PROD018,Nescafe Coffee,Beverages,4,200.03,800.12,0,183.91,Cash
ORD03083,10/17/2025,CUST0536,Simran Khan,Female,20,Lucknow,PROD004,Lay's Chips,Snacks,7,34.42,240.94,0,29.01,UPI
ORD03084,9/19/2025,CUST0665,Rahul Gupta,Female,22,Delhi,PROD016,Thums Up,Beverages,4,42.43,169.72,0.15,11.85,Net Banking
ORD03085,1/12/2025,CUST0724,Karan Mehta,Male,52,Chennai,PROD010,Maggi Noodles,Groceries,8,15.21,121.68,0,10.69,Debit Card
ORD03086,8/31/2025,CUST0133,Vikram Joshi,Female,39,Kolkata,PROD003,Amul Milk,Dairy,5,63.29,316.45,0,67.31,UPI
ORD03087,1/15/2025,CUST0468,Nikhil Gupta,Male,21,Pune,PROD004,Lay's Chips,Snacks,7,34.52,241.64,0.15,29.18,Net Banking
ORD03088,9/28/2025,CUST0859,Arjun Gupta,Male,54,Delhi,PROD020,Head & Shoulders,Personal Care,6,251.06,1506.36,0,237.99,Debit Card
ORD03089,7/6/2025,CUST0083,Sneha Nair,Male,40,Jaipur,PROD004,Lay's Chips,Snacks,2,36.52,73.04,0.05,9.82,Cash
ORD03090,2/28/2025,CUST0621,Nikhil Nair,Female,56,Kolkata,PROD016,Thums Up,Beverages,3,41.7,125.1,0.05,16.35,Net Banking
ORD03091,12/17/2025,CUST0191,Kavya Nair,Female,23,Ahmedabad,PROD015,Harpic Cleaner,Home & Cleaning,7,128.1,896.7,0,138.69,UPI
ORD03092,7/1/2025,CUST0705,Neha Shah,Male,29,Bengaluru,PROD017,Good Day Cookies,Snacks,7,53.13,371.91,0.1,40.46,Cash
ORD03093,8/14/2025,CUST0110,Manish Mehta,Male,63,Kolkata,PROD005,Coca Cola,Beverages,7,47.91,335.37,0.1,71.54,Net Banking
ORD03094,4/11/2025,CUST0225,Nikhil Mehta,Male,28,Delhi,PROD001,Parle-G Biscuits,Snacks,6,30.14,180.84,0,28.57,Net Banking
ORD03095,3/13/2025,CUST0867,Priya Singh,Female,47,Jaipur,PROD017,Good Day Cookies,Snacks,8,53.11,424.88,0,45.97,Credit Card
ORD03096,7/20/2025,CUST0704,Arjun Malhotra,Male,54,Chennai,PROD010,Maggi Noodles,Groceries,7,16.41,114.87,0.05,14.24,Cash
ORD03097,12/15/2025,CUST0181,Vikram Mehta,Male,52,Bengaluru,PROD016,Thums Up,Beverages,7,39.23,274.61,0,22.01,UPI
ORD03098,12/10/2025,CUST0074,Rohan Singh,Female,56,Bengaluru,PROD015,Harpic Cleaner,Home & Cleaning,7,133.36,933.52,0.05,97.2,UPI
ORD03099,9/30/2025,CUST0384,Amit Mehta,Male,52,Hyderabad,PROD006,Tata Tea,Beverages,5,123.2,616,0,112.21,Cash
ORD03100,7/13/2025,CUST0213,Priya Khan,Female,63,Kolkata,PROD014,Kellogg's Corn Flakes,Groceries,5,214.59,1072.95,0.05,148.83,Net Banking
ORD03101,10/14/2025,CUST0579,Kavya Mehta,Male,64,Jaipur,PROD013,Britannia Bread,Dairy,8,49.01,392.08,0,56.52,Credit Card
ORD03102,11/25/2025,CUST0004,Amit Gupta,Male,50,Lucknow,PROD001,Parle-G Biscuits,Snacks,5,30.94,154.7,0.1,27.3,Credit Card
ORD03103,3/16/2025,CUST0412,Rohan Singh,Male,28,Chennai,PROD008,Dove Soap,Personal Care,2,58.57,117.14,0.15,24.48,Net Banking
ORD03104,4/25/2025,CUST0117,Manish Singh,Male,58,Hyderabad,PROD006,Tata Tea,Beverages,8,130.83,1046.64,0.1,128.18,Debit Card
ORD03105,2/11/2025,CUST0066,Karan Gupta,Female,43,Delhi,PROD002,Tata Salt,Groceries,5,26.81,134.05,0,23.92,Net Banking
ORD03106,9/23/2025,CUST0463,Rohan Singh,Male,36,Pune,PROD006,Tata Tea,Beverages,3,123.24,369.72,0.05,56.75,Credit Card
ORD03107,7/25/2025,CUST0021,Amit Gupta,Female,31,Ahmedabad,PROD003,Amul Milk,Dairy,2,61.02,122.04,0.15,21.92,UPI
ORD03108,9/24/2025,CUST0869,Karan Reddy,Female,40,Bengaluru,PROD016,Thums Up,Beverages,6,42.06,252.36,0.15,39.51,Debit Card
ORD03109,11/16/2025,CUST0853,Priya Malhotra,Male,48,Bengaluru,PROD019,Vim Dishwash,Home & Cleaning,8,97.57,780.56,0.15,122.37,Net Banking
ORD03110,3/5/2025,CUST0059,Pooja Gupta,Male,55,Jaipur,PROD011,Colgate Toothpaste,Personal Care,3,103.5,310.5,0,30.46,UPI
ORD03111,2/18/2025,CUST0286,Kavya Malhotra,Male,36,Lucknow,PROD018,Nescafe Coffee,Beverages,7,203.03,1421.21,0.1,179.73,Net Banking
ORD03112,9/10/2025,CUST0635,Sneha Singh,Male,35,Bengaluru,PROD018,Nescafe Coffee,Beverages,2,208.85,417.7,0,64.14,Credit Card
ORD03113,4/13/2025,CUST0648,Rohan Das,Male,33,Delhi,PROD011,Colgate Toothpaste,Personal Care,7,102.53,717.71,0,178.59,UPI
ORD03114,8/18/2025,CUST0173,Meera Gupta,Female,46,Ahmedabad,PROD020,Head & Shoulders,Personal Care,8,285.26,2282.08,0.05,480.37,Credit Card
ORD03115,4/22/2025,CUST0763,Anjali Das,Female,32,Lucknow,PROD014,Kellogg's Corn Flakes,Groceries,2,212.68,425.36,0.05,74.15,Cash
ORD03116,12/20/2025,CUST0936,Karan Das,Male,40,Jaipur,PROD018,Nescafe Coffee,Beverages,2,183.03,366.06,0,61.99,Net Banking
ORD03117,2/28/2025,CUST0664,Kavya Nair,Male,63,Pune,PROD019,Vim Dishwash,Home & Cleaning,1,90.79,90.79,0,18.03,Credit Card
ORD03118,12/16/2025,CUST0659,Manish Sharma,Male,28,Ahmedabad,PROD001,Parle-G Biscuits,Snacks,8,28.85,230.8,0.1,28.91,Credit Card
ORD03119,3/3/2025,CUST0118,Nikhil Joshi,Male,35,Ahmedabad,PROD013,Britannia Bread,Dairy,4,48.17,192.68,0,29.22,Credit Card
ORD03120,1/24/2025,CUST0079,Isha Sharma,Male,22,Delhi,PROD016,Thums Up,Beverages,6,39.61,237.66,0,49.49,Debit Card
ORD03121,6/1/2025,CUST0706,Nikhil Sharma,Female,22,Ahmedabad,PROD020,Head & Shoulders,Personal Care,1,256.46,256.46,0,46.74,Debit Card
ORD03122,5/1/2025,CUST0529,Isha Gupta,Female,31,Chennai,PROD011,Colgate Toothpaste,Personal Care,4,95.12,380.48,0.1,80.01,Net Banking
ORD03123,4/22/2025,CUST0940,Priya Gupta,Female,28,Hyderabad,PROD019,Vim Dishwash,Home & Cleaning,2,87.57,175.14,0.05,41.57,Net Banking
ORD03124,5/20/2025,CUST0648,Rohan Das,Male,33,Delhi,PROD005,Coca Cola,Beverages,3,48.9,146.7,0.05,13.66,UPI
ORD03125,5/11/2025,CUST0854,Nikhil Patel,Female,51,Hyderabad,PROD020,Head & Shoulders,Personal Care,3,259.58,778.74,0,145.62,Cash
ORD03126,4/4/2025,CUST0889,Simran Kapoor,Female,45,Pune,PROD014,Kellogg's Corn Flakes,Groceries,3,228,684,0,149.94,Credit Card
ORD03127,11/3/2025,CUST0416,Sahil Iyer,Male,28,Lucknow,PROD002,Tata Salt,Groceries,2,29.52,59.04,0.1,6.36,Debit Card
ORD03128,4/30/2025,CUST0367,Sahil Gupta,Male,36,Kolkata,PROD009,Aashirvaad Atta,Groceries,2,268.43,536.86,0.15,56.03,UPI
ORD03129,8/29/2025,CUST0322,Pooja Kapoor,Female,55,Mumbai,PROD013,Britannia Bread,Dairy,4,47.99,191.96,0.15,19.78,Net Banking
ORD03130,10/28/2025,CUST0410,Simran Verma,Male,26,Kolkata,PROD017,Good Day Cookies,Snacks,6,53.31,319.86,0.15,23.88,Cash
ORD03131,3/11/2025,CUST0713,Rahul Khan,Male,60,Kolkata,PROD010,Maggi Noodles,Groceries,6,16.23,97.38,0.15,14.2,Debit Card
ORD03132,4/7/2025,CUST0937,Riya Iyer,Female,61,Jaipur,PROD002,Tata Salt,Groceries,3,29.55,88.65,0.1,12.94,Debit Card
ORD03133,4/16/2025,CUST0667,Karan Malhotra,Male,45,Delhi,PROD003,Amul Milk,Dairy,7,60.6,424.2,0,38.73,Credit Card
ORD03134,9/2/2025,CUST0987,Anjali Nair,Male,53,Ahmedabad,PROD020,Head & Shoulders,Personal Care,8,254.49,2035.92,0.1,287.64,Credit Card
ORD03135,4/3/2025,CUST0124,Aditya Reddy,Male,54,Kolkata,PROD016,Thums Up,Beverages,4,42.24,168.96,0,33.81,Debit Card
ORD03136,11/12/2025,CUST0136,Amit Kapoor,Male,19,Bengaluru,PROD006,Tata Tea,Beverages,3,127.23,381.69,0.05,34.81,Net Banking
ORD03137,5/1/2025,CUST0901,Rahul Das,Male,60,Chennai,PROD008,Dove Soap,Personal Care,1,55.65,55.65,0,6.2,Cash
ORD03138,6/8/2025,CUST0321,Rohan Joshi,Male,48,Ahmedabad,PROD010,Maggi Noodles,Groceries,1,14.46,14.46,0.15,1.19,Debit Card
ORD03139,5/19/2025,CUST0275,Karan Iyer,Male,22,Delhi,PROD006,Tata Tea,Beverages,5,127.69,638.45,0.15,123.92,Credit Card
ORD03140,7/8/2025,CUST0686,Pooja Nair,Female,45,Kolkata,PROD001,Parle-G Biscuits,Snacks,3,31.62,94.86,0,20.63,UPI
ORD03141,2/16/2025,CUST0715,Kavya Joshi,Male,27,Hyderabad,PROD020,Head & Shoulders,Personal Care,5,264.13,1320.65,0.05,250,UPI
ORD03142,5/21/2025,CUST0685,Priya Reddy,Male,43,Jaipur,PROD017,Good Day Cookies,Snacks,7,52.43,367.01,0.05,52.58,UPI
ORD03143,11/14/2025,CUST0628,Kavya Verma,Female,58,Jaipur,PROD019,Vim Dishwash,Home & Cleaning,5,86.89,434.45,0.1,54.65,Net Banking
ORD03144,11/22/2025,CUST0635,Sneha Singh,Male,35,Bengaluru,PROD003,Amul Milk,Dairy,4,61.21,244.84,0.05,30.91,Credit Card
ORD03145,4/2/2025,CUST0308,Priya Mehta,Male,47,Pune,PROD011,Colgate Toothpaste,Personal Care,2,100,200,0.15,15.21,Cash
ORD03146,6/13/2025,CUST0881,Vikram Iyer,Male,34,Jaipur,PROD003,Amul Milk,Dairy,2,57.24,114.48,0,15.35,Net Banking
ORD03147,7/15/2025,CUST0274,Riya Das,Female,22,Pune,PROD006,Tata Tea,Beverages,3,114.63,343.89,0,41.65,Cash
ORD03148,4/30/2025,CUST0444,Nikhil Verma,Female,57,Chennai,PROD019,Vim Dishwash,Home & Cleaning,7,93.6,655.2,0,115.89,Credit Card
ORD03149,11/17/2025,CUST0551,Neha Shah,Male,33,Bengaluru,PROD013,Britannia Bread,Dairy,2,46.59,93.18,0,20.68,Net Banking
ORD03150,6/6/2025,CUST0802,Vikram Malhotra,Male,56,Hyderabad,PROD007,Surf Excel,Home & Cleaning,1,193.57,193.57,0,41.27,Credit Card
ORD03151,9/20/2025,CUST0288,Vikram Verma,Female,32,Pune,PROD005,Coca Cola,Beverages,5,42.76,213.8,0.1,37.42,Credit Card
ORD03152,10/3/2025,CUST0277,Nikhil Singh,Female,50,Lucknow,PROD014,Kellogg's Corn Flakes,Groceries,4,205.85,823.4,0.05,152.28,Net Banking
ORD03153,9/27/2025,CUST0236,Sahil Malhotra,Male,56,Ahmedabad,PROD008,Dove Soap,Personal Care,5,53.97,269.85,0.05,24.98,Cash
ORD03154,7/5/2025,CUST0447,Pooja Joshi,Male,41,Chennai,PROD020,Head & Shoulders,Personal Care,5,275.53,1377.65,0.15,180.21,Debit Card
ORD03155,11/14/2025,CUST0180,Amit Nair,Male,34,Lucknow,PROD010,Maggi Noodles,Groceries,4,15.89,63.56,0,9.23,Credit Card
ORD03156,1/12/2025,CUST0568,Arjun Kapoor,Female,49,Bengaluru,PROD011,Colgate Toothpaste,Personal Care,6,90.55,543.3,0.05,59.21,Net Banking
ORD03157,9/25/2025,CUST0883,Priya Shah,Female,31,Ahmedabad,PROD012,Dettol Handwash,Personal Care,3,120.57,361.71,0.15,57.71,Net Banking
ORD03158,1/5/2025,CUST0383,Simran Reddy,Female,23,Kolkata,PROD020,Head & Shoulders,Personal Care,5,281.29,1406.45,0.1,282.78,Credit Card
ORD03159,2/19/2025,CUST0583,Arjun Mehta,Female,48,Pune,PROD014,Kellogg's Corn Flakes,Groceries,7,208.43,1459.01,0,196.76,Cash
ORD03160,9/25/2025,CUST0415,Meera Shah,Male,50,Delhi,PROD011,Colgate Toothpaste,Personal Care,1,93.94,93.94,0,20.33,Credit Card
ORD03161,8/22/2025,CUST0005,Rahul Shah,Male,63,Jaipur,PROD002,Tata Salt,Groceries,6,27.75,166.5,0.15,23.56,Credit Card
ORD03162,12/8/2025,CUST0957,Nikhil Verma,Female,52,Jaipur,PROD009,Aashirvaad Atta,Groceries,5,265.23,1326.15,0.15,213.79,Cash
ORD03163,5/13/2025,CUST0529,Isha Gupta,Female,31,Chennai,PROD014,Kellogg's Corn Flakes,Groceries,7,213.67,1495.69,0.15,233.82,Cash
ORD03164,8/10/2025,CUST0017,Meera Nair,Male,52,Bengaluru,PROD014,Kellogg's Corn Flakes,Groceries,2,213.91,427.82,0,97.66,Net Banking
ORD03165,4/21/2025,CUST0053,Manish Gupta,Male,46,Jaipur,PROD003,Amul Milk,Dairy,5,62.59,312.95,0,29.33,Net Banking
ORD03166,8/3/2025,CUST0267,Rohan Sharma,Female,33,Lucknow,PROD015,Harpic Cleaner,Home & Cleaning,2,125.06,250.12,0.1,49.74,Cash
ORD03167,9/16/2025,CUST0746,Nikhil Khan,Female,35,Delhi,PROD011,Colgate Toothpaste,Personal Care,1,99.55,99.55,0,17.15,Cash
ORD03168,12/16/2025,CUST0967,Amit Patel,Male,52,Jaipur,PROD001,Parle-G Biscuits,Snacks,2,30.23,60.46,0.05,7.14,Credit Card
ORD03169,11/24/2025,CUST0210,Isha Joshi,Female,39,Jaipur,PROD010,Maggi Noodles,Groceries,4,16.43,65.72,0.05,11.48,Cash
ORD03170,1/9/2025,CUST0590,Anjali Mehta,Female,36,Ahmedabad,PROD017,Good Day Cookies,Snacks,6,47.64,285.84,0.05,36.69,Debit Card
ORD03171,4/28/2025,CUST0801,Priya Mehta,Male,61,Kolkata,PROD014,Kellogg's Corn Flakes,Groceries,7,226.49,1585.43,0.15,289.02,Cash
ORD03172,10/15/2025,CUST0352,Simran Shah,Male,63,Jaipur,PROD010,Maggi Noodles,Groceries,1,14.56,14.56,0.05,3.23,Cash
ORD03173,1/18/2025,CUST0074,Rohan Singh,Female,56,Bengaluru,PROD016,Thums Up,Beverages,3,43.4,130.2,0.1,11.85,Credit Card
ORD03174,3/30/2025,CUST0339,Amit Nair,Female,50,Chennai,PROD002,Tata Salt,Groceries,4,28.86,115.44,0.1,15.87,Cash
ORD03175,5/28/2025,CUST0896,Priya Malhotra,Male,24,Kolkata,PROD010,Maggi Noodles,Groceries,2,15.67,31.34,0,5.26,Net Banking
ORD03176,6/29/2025,CUST0251,Meera Reddy,Female,57,Bengaluru,PROD014,Kellogg's Corn Flakes,Groceries,1,220.64,220.64,0,29.77,Credit Card
ORD03177,10/23/2025,CUST0020,Priya Kapoor,Female,43,Hyderabad,PROD003,Amul Milk,Dairy,1,63.93,63.93,0,9.89,Cash
ORD03178,1/1/2025,CUST0616,Meera Reddy,Male,46,Lucknow,PROD011,Colgate Toothpaste,Personal Care,2,104.03,208.06,0.15,33.65,Debit Card
ORD03179,9/26/2025,CUST0659,Manish Sharma,Male,28,Ahmedabad,PROD017,Good Day Cookies,Snacks,6,48.61,291.66,0.1,41.51,Cash
ORD03180,3/17/2025,CUST0778,Karan Singh,Male,22,Chennai,PROD016,Thums Up,Beverages,1,43.35,43.35,0.1,5.29,UPI
ORD03181,4/19/2025,CUST0969,Kavya Malhotra,Male,31,Jaipur,PROD007,Surf Excel,Home & Cleaning,7,176.82,1237.74,0.05,230,Net Banking
ORD03182,10/3/2025,CUST0265,Meera Sharma,Female,27,Delhi,PROD013,Britannia Bread,Dairy,7,47.79,334.53,0,39.99,UPI
ORD03183,2/15/2025,CUST0691,Neha Joshi,Male,37,Delhi,PROD005,Coca Cola,Beverages,4,44.25,177,0.1,31.15,Cash
ORD03184,6/4/2025,CUST0732,Neha Sharma,Male,32,Delhi,PROD002,Tata Salt,Groceries,8,30.31,242.48,0,55.92,Debit Card
ORD03185,7/31/2025,CUST0888,Neha Malhotra,Male,20,Hyderabad,PROD012,Dettol Handwash,Personal Care,8,112.12,896.96,0.1,88.33,Credit Card
ORD03186,9/18/2025,CUST0398,Vikram Iyer,Female,62,Ahmedabad,PROD008,Dove Soap,Personal Care,7,55.92,391.44,0.05,73.79,Net Banking
ORD03187,7/11/2025,CUST0924,Priya Reddy,Male,46,Ahmedabad,PROD018,Nescafe Coffee,Beverages,8,203.69,1629.52,0.05,330.05,Net Banking
ORD03188,3/12/2025,CUST0280,Karan Malhotra,Female,43,Kolkata,PROD010,Maggi Noodles,Groceries,4,16.37,65.48,0.15,11.2,Net Banking
ORD03189,1/15/2025,CUST0363,Nikhil Mehta,Male,36,Bengaluru,PROD007,Surf Excel,Home & Cleaning,8,191.25,1530,0.05,333.27,Credit Card
ORD03190,5/16/2025,CUST0488,Anjali Mehta,Female,62,Pune,PROD013,Britannia Bread,Dairy,8,45.58,364.64,0.1,41.95,Credit Card
ORD03191,8/16/2025,CUST0024,Kavya Reddy,Female,41,Bengaluru,PROD016,Thums Up,Beverages,7,40.8,285.6,0,37.81,Debit Card
ORD03192,11/30/2025,CUST0205,Kavya Malhotra,Female,48,Bengaluru,PROD010,Maggi Noodles,Groceries,2,14.42,28.84,0.1,5.46,Credit Card
ORD03193,5/23/2025,CUST0061,Sahil Joshi,Male,21,Jaipur,PROD020,Head & Shoulders,Personal Care,1,277.76,277.76,0,49.18,UPI
ORD03194,5/29/2025,CUST0816,Pooja Das,Female,38,Hyderabad,PROD014,Kellogg's Corn Flakes,Groceries,6,212.05,1272.3,0.15,114.1,Debit Card
ORD03195,6/25/2025,CUST0352,Simran Shah,Male,63,Jaipur,PROD008,Dove Soap,Personal Care,6,57.65,345.9,0.1,44.25,Credit Card
ORD03196,11/20/2025,CUST0936,Karan Das,Male,40,Jaipur,PROD007,Surf Excel,Home & Cleaning,3,196.42,589.26,0.1,131.13,UPI
ORD03197,2/5/2025,CUST0883,Priya Shah,Female,31,Ahmedabad,PROD002,Tata Salt,Groceries,5,28.56,142.8,0.15,24.92,UPI
ORD03198,2/9/2025,CUST0754,Riya Shah,Female,29,Ahmedabad,PROD008,Dove Soap,Personal Care,5,57.08,285.4,0.05,59.69,UPI
ORD03199,2/22/2025,CUST0615,Anjali Nair,Female,43,Mumbai,PROD020,Head & Shoulders,Personal Care,7,279.51,1956.57,0,185.38,Debit Card
ORD03200,2/9/2025,CUST0515,Nikhil Singh,Male,64,Lucknow,PROD007,Surf Excel,Home & Cleaning,8,192.26,1538.08,0.05,216.7,Debit Card
ORD03201,11/28/2025,CUST0748,Priya Kapoor,Female,51,Chennai,PROD010,Maggi Noodles,Groceries,8,15.26,122.08,0,20.37,Cash
ORD03202,7/30/2025,CUST0524,Kavya Shah,Male,42,Bengaluru,PROD016,Thums Up,Beverages,1,39.68,39.68,0.1,7.31,Cash
ORD03203,12/31/2025,CUST0688,Pooja Patel,Male,27,Jaipur,PROD013,Britannia Bread,Dairy,3,47.53,142.59,0,29.35,Credit Card
ORD03204,9/27/2025,CUST0378,Pooja Shah,Female,52,Ahmedabad,PROD013,Britannia Bread,Dairy,6,49.35,296.1,0.15,36.18,Net Banking
ORD03205,4/3/2025,CUST0070,Amit Reddy,Male,41,Hyderabad,PROD009,Aashirvaad Atta,Groceries,3,263.8,791.4,0,63.8,Net Banking
ORD03206,6/11/2025,CUST0722,Amit Gupta,Male,55,Pune,PROD006,Tata Tea,Beverages,8,121.61,972.88,0.05,208.33,Debit Card
ORD03207,3/21/2025,CUST0859,Arjun Gupta,Male,54,Delhi,PROD016,Thums Up,Beverages,4,41.74,166.96,0.1,16.48,UPI
ORD03208,7/12/2025,CUST0260,Priya Mehta,Female,30,Pune,PROD002,Tata Salt,Groceries,6,26.88,161.28,0,27.49,UPI
ORD03209,10/30/2025,CUST0316,Vikram Reddy,Female,40,Delhi,PROD016,Thums Up,Beverages,5,40.71,203.55,0,23.66,UPI
ORD03210,6/4/2025,CUST0260,Priya Mehta,Female,30,Pune,PROD015,Harpic Cleaner,Home & Cleaning,6,121.89,731.34,0.1,86.14,Credit Card
ORD03211,12/11/2025,CUST0003,Amit Iyer,Female,20,Mumbai,PROD007,Surf Excel,Home & Cleaning,6,187.35,1124.1,0.05,104.15,Credit Card
ORD03212,10/3/2025,CUST0939,Neha Sharma,Female,27,Mumbai,PROD008,Dove Soap,Personal Care,8,57.57,460.56,0.05,108.8,Cash
ORD03213,4/15/2025,CUST0424,Simran Mehta,Male,41,Jaipur,PROD010,Maggi Noodles,Groceries,8,15.33,122.64,0,14.06,Debit Card
ORD03214,4/11/2025,CUST0079,Isha Sharma,Male,22,Delhi,PROD017,Good Day Cookies,Snacks,4,47.56,190.24,0.05,30.25,Debit Card
ORD03215,11/15/2025,CUST0923,Vikram Das,Female,24,Kolkata,PROD014,Kellogg's Corn Flakes,Groceries,6,216.34,1298.04,0,180.91,Net Banking
ORD03216,11/5/2025,CUST0795,Amit Nair,Female,52,Kolkata,PROD018,Nescafe Coffee,Beverages,6,198.67,1192.02,0,194.45,Debit Card
ORD03217,12/13/2025,CUST0352,Simran Shah,Male,63,Jaipur,PROD020,Head & Shoulders,Personal Care,1,278.54,278.54,0.15,31.16,UPI
ORD03218,2/26/2025,CUST0939,Neha Sharma,Female,27,Mumbai,PROD006,Tata Tea,Beverages,7,119.95,839.65,0.15,158.95,Cash
ORD03219,2/19/2025,CUST0472,Pooja Nair,Male,23,Lucknow,PROD012,Dettol Handwash,Personal Care,3,108.05,324.15,0,77.87,Net Banking
ORD03220,4/11/2025,CUST0226,Amit Iyer,Female,57,Bengaluru,PROD010,Maggi Noodles,Groceries,2,15.48,30.96,0,6.33,Net Banking
ORD03221,3/30/2025,CUST0067,Pooja Joshi,Female,22,Mumbai,PROD009,Aashirvaad Atta,Groceries,7,244.59,1712.13,0,341.76,Debit Card
ORD03222,5/4/2025,CUST0937,Riya Iyer,Female,61,Jaipur,PROD006,Tata Tea,Beverages,2,126.4,252.8,0.05,42.66,UPI
ORD03223,8/30/2025,CUST0861,Kavya Nair,Female,43,Kolkata,PROD019,Vim Dishwash,Home & Cleaning,2,87.84,175.68,0.15,19.93,Credit Card
ORD03224,5/8/2025,CUST0303,Aditya Iyer,Male,18,Bengaluru,PROD003,Amul Milk,Dairy,2,59.66,119.32,0.1,10.2,UPI
ORD03225,6/14/2025,CUST0341,Karan Kapoor,Female,30,Bengaluru,PROD012,Dettol Handwash,Personal Care,6,107.73,646.38,0,156.35,Credit Card
ORD03226,8/14/2025,CUST0040,Vikram Das,Female,43,Chennai,PROD007,Surf Excel,Home & Cleaning,1,192.83,192.83,0.05,14.97,Net Banking
ORD03227,10/9/2025,CUST0091,Arjun Khan,Female,61,Jaipur,PROD004,Lay's Chips,Snacks,1,36.49,36.49,0.1,4.64,Debit Card
ORD03228,6/6/2025,CUST0680,Aditya Patel,Male,49,Lucknow,PROD011,Colgate Toothpaste,Personal Care,6,96.76,580.56,0.1,62.89,Debit Card
ORD03229,2/20/2025,CUST0908,Isha Nair,Female,43,Bengaluru,PROD010,Maggi Noodles,Groceries,2,16.01,32.02,0,5.81,Credit Card
ORD03230,12/17/2025,CUST0417,Meera Khan,Male,19,Pune,PROD020,Head & Shoulders,Personal Care,5,260.31,1301.55,0,196.39,UPI
ORD03231,7/15/2025,CUST0958,Aditya Patel,Female,32,Bengaluru,PROD020,Head & Shoulders,Personal Care,2,247.89,495.78,0,117.01,Cash
ORD03232,3/23/2025,CUST0707,Pooja Kapoor,Female,38,Pune,PROD020,Head & Shoulders,Personal Care,2,247.67,495.34,0.15,79.24,Debit Card
ORD03233,3/6/2025,CUST0138,Sneha Verma,Female,60,Pune,PROD004,Lay's Chips,Snacks,7,36.06,252.42,0.1,50.01,Credit Card
ORD03234,7/15/2025,CUST0704,Arjun Malhotra,Male,54,Chennai,PROD003,Amul Milk,Dairy,8,60.2,481.6,0.1,47.24,Net Banking
ORD03235,9/12/2025,CUST0583,Arjun Mehta,Female,48,Pune,PROD013,Britannia Bread,Dairy,3,42.96,128.88,0,24.14,Net Banking
ORD03236,12/5/2025,CUST0819,Nikhil Malhotra,Female,21,Jaipur,PROD003,Amul Milk,Dairy,1,57.1,57.1,0.15,5.78,Debit Card
ORD03237,4/14/2025,CUST0505,Aditya Patel,Male,59,Chennai,PROD005,Coca Cola,Beverages,3,46.47,139.41,0.1,11.09,Credit Card
ORD03238,5/17/2025,CUST0150,Arjun Khan,Male,23,Hyderabad,PROD001,Parle-G Biscuits,Snacks,1,32.82,32.82,0.1,6.95,Net Banking
ORD03239,10/12/2025,CUST0348,Sneha Shah,Male,37,Ahmedabad,PROD020,Head & Shoulders,Personal Care,8,275.67,2205.36,0.05,454.34,Cash
ORD03240,4/6/2025,CUST0962,Meera Reddy,Male,20,Chennai,PROD004,Lay's Chips,Snacks,3,36.45,109.35,0,14.24,UPI
ORD03241,9/22/2025,CUST0340,Rahul Khan,Female,29,Bengaluru,PROD017,Good Day Cookies,Snacks,1,52.8,52.8,0,12.42,Cash
ORD03242,4/4/2025,CUST0017,Meera Nair,Male,52,Bengaluru,PROD013,Britannia Bread,Dairy,1,44.69,44.69,0,4.89,Debit Card
ORD03243,7/24/2025,CUST0014,Sneha Malhotra,Male,42,Hyderabad,PROD014,Kellogg's Corn Flakes,Groceries,6,226.19,1357.14,0.1,152.43,Net Banking
ORD03244,2/12/2025,CUST0990,Riya Khan,Female,26,Bengaluru,PROD011,Colgate Toothpaste,Personal Care,1,100.48,100.48,0,12.43,Net Banking
ORD03245,2/18/2025,CUST0996,Riya Joshi,Female,40,Hyderabad,PROD019,Vim Dishwash,Home & Cleaning,6,91.38,548.28,0.05,59.75,Cash
ORD03246,9/9/2025,CUST0338,Aditya Nair,Female,26,Jaipur,PROD012,Dettol Handwash,Personal Care,7,117.79,824.53,0,138.13,Net Banking
ORD03247,12/23/2025,CUST0521,Pooja Mehta,Male,52,Ahmedabad,PROD017,Good Day Cookies,Snacks,8,52.96,423.68,0.1,53.04,Net Banking
ORD03248,3/7/2025,CUST0639,Manish Shah,Male,45,Pune,PROD008,Dove Soap,Personal Care,2,53.95,107.9,0,16.28,Credit Card
ORD03249,4/10/2025,CUST0864,Nikhil Gupta,Male,61,Mumbai,PROD019,Vim Dishwash,Home & Cleaning,1,97.44,97.44,0,21.04,Net Banking
ORD03250,8/17/2025,CUST0392,Simran Mehta,Male,56,Delhi,PROD001,Parle-G Biscuits,Snacks,5,30.67,153.35,0.15,16.57,UPI
ORD03251,3/4/2025,CUST0772,Simran Singh,Male,64,Mumbai,PROD019,Vim Dishwash,Home & Cleaning,1,88.39,88.39,0,10.19,Debit Card
ORD03252,10/19/2025,CUST0878,Neha Nair,Female,57,Lucknow,PROD017,Good Day Cookies,Snacks,6,52.97,317.82,0.15,29.35,Debit Card
ORD03253,7/5/2025,CUST0316,Vikram Reddy,Female,40,Delhi,PROD003,Amul Milk,Dairy,2,59.34,118.68,0.15,20.61,Credit Card
ORD03254,2/17/2025,CUST0316,Vikram Reddy,Female,40,Delhi,PROD015,Harpic Cleaner,Home & Cleaning,3,129.26,387.78,0.15,46.45,Cash
ORD03255,3/6/2025,CUST0486,Rahul Singh,Female,62,Bengaluru,PROD007,Surf Excel,Home & Cleaning,1,193.14,193.14,0.05,37.41,Cash
ORD03256,11/17/2025,CUST0506,Neha Verma,Female,51,Delhi,PROD001,Parle-G Biscuits,Snacks,5,32.39,161.95,0.15,20.47,Net Banking
ORD03257,3/27/2025,CUST0767,Karan Reddy,Male,58,Lucknow,PROD014,Kellogg's Corn Flakes,Groceries,6,211.47,1268.82,0,229.42,Debit Card
ORD03258,3/26/2025,CUST0793,Arjun Joshi,Female,34,Bengaluru,PROD018,Nescafe Coffee,Beverages,3,205.37,616.11,0,104.33,Net Banking
ORD03259,4/18/2025,CUST0923,Vikram Das,Female,24,Kolkata,PROD001,Parle-G Biscuits,Snacks,2,30.87,61.74,0,7.52,UPI
ORD03260,8/5/2025,CUST0448,Neha Mehta,Female,64,Mumbai,PROD017,Good Day Cookies,Snacks,6,50.7,304.2,0.05,56.6,Cash
ORD03261,5/23/2025,CUST0929,Meera Iyer,Female,50,Kolkata,PROD014,Kellogg's Corn Flakes,Groceries,8,215.33,1722.64,0.15,353.39,Debit Card
ORD03262,10/22/2025,CUST0821,Aditya Verma,Male,29,Bengaluru,PROD018,Nescafe Coffee,Beverages,4,194.17,776.68,0.05,151.1,Debit Card
ORD03263,11/22/2025,CUST0851,Kavya Kapoor,Female,41,Hyderabad,PROD019,Vim Dishwash,Home & Cleaning,8,90.02,720.16,0,85.9,Credit Card
ORD03264,3/23/2025,CUST0084,Kavya Iyer,Male,33,Delhi,PROD016,Thums Up,Beverages,6,43.38,260.28,0.05,44.99,Net Banking
ORD03265,2/14/2025,CUST0717,Simran Joshi,Male,55,Pune,PROD020,Head & Shoulders,Personal Care,8,257.71,2061.68,0.1,452.95,UPI
ORD03266,6/15/2025,CUST0723,Rohan Patel,Male,46,Ahmedabad,PROD010,Maggi Noodles,Groceries,7,15.79,110.53,0,16.89,UPI
ORD03267,11/10/2025,CUST0860,Riya Kapoor,Male,26,Lucknow,PROD004,Lay's Chips,Snacks,8,35.48,283.84,0.05,31.84,Cash
ORD03268,2/27/2025,CUST0365,Meera Joshi,Male,25,Ahmedabad,PROD011,Colgate Toothpaste,Personal Care,2,101.19,202.38,0.1,24.19,Net Banking
ORD03269,1/26/2025,CUST0413,Sneha Khan,Female,23,Hyderabad,PROD015,Harpic Cleaner,Home & Cleaning,7,123.2,862.4,0,202.92,Net Banking
ORD03270,2/26/2025,CUST0979,Aditya Malhotra,Male,48,Delhi,PROD007,Surf Excel,Home & Cleaning,6,190.88,1145.28,0,103.5,Cash
ORD03271,11/30/2025,CUST0804,Isha Mehta,Female,35,Jaipur,PROD007,Surf Excel,Home & Cleaning,1,173.32,173.32,0.05,29.28,Credit Card
ORD03272,4/21/2025,CUST0177,Anjali Shah,Male,28,Mumbai,PROD009,Aashirvaad Atta,Groceries,3,242.23,726.69,0.05,144.34,Debit Card
ORD03273,10/18/2025,CUST0791,Arjun Patel,Female,29,Chennai,PROD020,Head & Shoulders,Personal Care,3,265.7,797.1,0.1,124.87,Net Banking
ORD03274,11/21/2025,CUST0785,Pooja Gupta,Male,21,Kolkata,PROD009,Aashirvaad Atta,Groceries,7,262.06,1834.42,0,444.55,Net Banking
ORD03275,6/3/2025,CUST0995,Kavya Singh,Female,26,Chennai,PROD002,Tata Salt,Groceries,5,26.63,133.15,0,15.1,Net Banking
ORD03276,7/11/2025,CUST0006,Kavya Gupta,Female,55,Hyderabad,PROD003,Amul Milk,Dairy,6,64.83,388.98,0.1,72.51,Net Banking
ORD03277,5/20/2025,CUST0409,Amit Joshi,Female,61,Jaipur,PROD013,Britannia Bread,Dairy,8,43.45,347.6,0.05,44.74,Cash
ORD03278,1/21/2025,CUST0902,Nikhil Shah,Male,45,Bengaluru,PROD001,Parle-G Biscuits,Snacks,6,29.6,177.6,0,41.15,Net Banking
ORD03279,3/12/2025,CUST0912,Kavya Sharma,Male,23,Lucknow,PROD014,Kellogg's Corn Flakes,Groceries,8,226.46,1811.68,0.1,305.9,Cash
ORD03280,6/3/2025,CUST0140,Simran Verma,Male,28,Hyderabad,PROD002,Tata Salt,Groceries,6,29.75,178.5,0.1,38.12,Net Banking
ORD03281,6/28/2025,CUST0588,Kavya Malhotra,Male,37,Chennai,PROD003,Amul Milk,Dairy,2,62.39,124.78,0,25.06,Cash
ORD03282,7/2/2025,CUST0456,Riya Shah,Female,38,Delhi,PROD005,Coca Cola,Beverages,6,47.73,286.38,0,70.68,Debit Card
ORD03283,6/13/2025,CUST0740,Arjun Joshi,Male,20,Lucknow,PROD007,Surf Excel,Home & Cleaning,4,194.24,776.96,0.1,109.91,Net Banking
ORD03284,11/7/2025,CUST0143,Sneha Patel,Female,61,Lucknow,PROD003,Amul Milk,Dairy,3,60.48,181.44,0.1,20.28,Debit Card
ORD03285,10/15/2025,CUST0408,Kavya Malhotra,Male,26,Chennai,PROD016,Thums Up,Beverages,5,39.73,198.65,0.1,14.38,Net Banking
ORD03286,10/16/2025,CUST0796,Sahil Gupta,Male,42,Jaipur,PROD001,Parle-G Biscuits,Snacks,8,32.24,257.92,0,49.85,Net Banking
ORD03287,3/20/2025,CUST0961,Neha Nair,Female,46,Bengaluru,PROD004,Lay's Chips,Snacks,2,35.64,71.28,0.05,9.68,Net Banking
ORD03288,3/26/2025,CUST0694,Arjun Verma,Female,26,Hyderabad,PROD009,Aashirvaad Atta,Groceries,5,241.1,1205.5,0.05,209.21,Debit Card
ORD03289,9/24/2025,CUST0211,Isha Mehta,Female,38,Bengaluru,PROD004,Lay's Chips,Snacks,7,38.07,266.49,0.15,38.97,Credit Card
ORD03290,7/14/2025,CUST0530,Pooja Reddy,Male,31,Bengaluru,PROD011,Colgate Toothpaste,Personal Care,8,94.13,753.04,0.1,104.27,Debit Card
ORD03291,11/10/2025,CUST0597,Sneha Singh,Male,63,Kolkata,PROD002,Tata Salt,Groceries,8,26.68,213.44,0.05,26.67,Debit Card
ORD03292,12/3/2025,CUST0665,Rahul Gupta,Female,22,Delhi,PROD007,Surf Excel,Home & Cleaning,5,177.01,885.05,0.1,136.45,Cash
ORD03293,1/2/2025,CUST0105,Manish Nair,Male,50,Ahmedabad,PROD011,Colgate Toothpaste,Personal Care,7,101.66,711.62,0,171.95,Net Banking
ORD03294,2/27/2025,CUST0273,Priya Joshi,Female,45,Pune,PROD020,Head & Shoulders,Personal Care,1,265.99,265.99,0,34.77,Debit Card
ORD03295,2/26/2025,CUST0216,Neha Shah,Female,18,Delhi,PROD012,Dettol Handwash,Personal Care,8,112.2,897.6,0,173.13,UPI
ORD03296,11/11/2025,CUST0973,Amit Iyer,Male,34,Kolkata,PROD011,Colgate Toothpaste,Personal Care,5,96.84,484.2,0,101.83,Debit Card
ORD03297,6/30/2025,CUST0247,Isha Khan,Male,43,Mumbai,PROD003,Amul Milk,Dairy,5,63.25,316.25,0.1,29.23,Debit Card
ORD03298,5/19/2025,CUST0480,Anjali Sharma,Female,36,Lucknow,PROD017,Good Day Cookies,Snacks,6,50.51,303.06,0,35.75,Cash
ORD03299,11/14/2025,CUST0317,Sneha Patel,Male,34,Bengaluru,PROD004,Lay's Chips,Snacks,7,36.05,252.35,0.05,38.24,Debit Card
ORD03300,1/10/2025,CUST0156,Riya Shah,Male,62,Ahmedabad,PROD008,Dove Soap,Personal Care,3,56.68,170.04,0.05,22.52,Net Banking
ORD03301,7/5/2025,CUST0805,Manish Reddy,Male,62,Lucknow,PROD012,Dettol Handwash,Personal Care,8,116.82,934.56,0.05,196.73,Net Banking
ORD03302,5/15/2025,CUST0101,Isha Verma,Male,44,Kolkata,PROD014,Kellogg's Corn Flakes,Groceries,7,200.9,1406.3,0.15,252.79,UPI
ORD03303,12/2/2025,CUST0796,Sahil Gupta,Male,42,Jaipur,PROD007,Surf Excel,Home & Cleaning,7,175.53,1228.71,0,253.22,Debit Card
ORD03304,10/31/2025,CUST0455,Rohan Shah,Male,53,Chennai,PROD001,Parle-G Biscuits,Snacks,5,28.58,142.9,0,17.54,Cash
ORD03305,9/8/2025,CUST0649,Karan Malhotra,Male,61,Kolkata,PROD004,Lay's Chips,Snacks,5,37.08,185.4,0.1,32.34,Credit Card
ORD03306,1/22/2025,CUST0998,Amit Malhotra,Female,26,Jaipur,PROD010,Maggi Noodles,Groceries,2,15.5,31,0.05,5.22,Net Banking
ORD03307,7/26/2025,CUST0730,Rahul Mehta,Female,53,Jaipur,PROD007,Surf Excel,Home & Cleaning,8,196.35,1570.8,0.05,300.48,UPI
ORD03308,2/9/2025,CUST0126,Kavya Shah,Male,49,Bengaluru,PROD015,Harpic Cleaner,Home & Cleaning,1,122.33,122.33,0.1,10.69,Cash
ORD03309,8/13/2025,CUST0357,Sneha Mehta,Male,41,Bengaluru,PROD020,Head & Shoulders,Personal Care,1,272.7,272.7,0,56.96,UPI
ORD03310,9/8/2025,CUST0963,Aditya Reddy,Male,42,Hyderabad,PROD013,Britannia Bread,Dairy,8,46.62,372.96,0.05,62.96,Net Banking
ORD03311,2/20/2025,CUST0443,Riya Shah,Female,27,Lucknow,PROD020,Head & Shoulders,Personal Care,3,283.82,851.46,0.05,107.86,Cash
ORD03312,5/2/2025,CUST0926,Nikhil Das,Male,53,Kolkata,PROD005,Coca Cola,Beverages,2,47.81,95.62,0.05,16.2,Net Banking
ORD03313,4/12/2025,CUST0790,Neha Singh,Female,48,Ahmedabad,PROD019,Vim Dishwash,Home & Cleaning,7,91.51,640.57,0,89.68,Cash
ORD03314,11/1/2025,CUST0499,Priya Shah,Female,61,Hyderabad,PROD008,Dove Soap,Personal Care,6,59.5,357,0.05,67.68,Cash
ORD03315,4/20/2025,CUST0047,Sahil Joshi,Male,48,Kolkata,PROD016,Thums Up,Beverages,1,40.73,40.73,0,6.96,Debit Card
ORD03316,4/10/2025,CUST0798,Riya Singh,Male,43,Mumbai,PROD003,Amul Milk,Dairy,4,59.07,236.28,0.05,49.26,Net Banking
ORD03317,6/8/2025,CUST0008,Karan Singh,Male,31,Chennai,PROD003,Amul Milk,Dairy,5,58.71,293.55,0.15,39.82,Credit Card
ORD03318,12/31/2025,CUST0505,Aditya Patel,Male,59,Chennai,PROD010,Maggi Noodles,Groceries,4,15.22,60.88,0,8.12,Net Banking
ORD03319,1/12/2025,CUST0424,Simran Mehta,Male,41,Jaipur,PROD015,Harpic Cleaner,Home & Cleaning,2,136.58,273.16,0.05,43.71,Credit Card
ORD03320,11/18/2025,CUST0721,Karan Khan,Female,35,Bengaluru,PROD001,Parle-G Biscuits,Snacks,1,32.61,32.61,0,7.07,Cash
ORD03321,6/25/2025,CUST0864,Nikhil Gupta,Male,61,Mumbai,PROD012,Dettol Handwash,Personal Care,3,110.93,332.79,0,55.68,Credit Card
ORD03322,5/16/2025,CUST0972,Amit Sharma,Male,34,Jaipur,PROD014,Kellogg's Corn Flakes,Groceries,4,227.75,911,0.1,178.46,UPI
ORD03323,3/6/2025,CUST0145,Kavya Nair,Female,22,Jaipur,PROD017,Good Day Cookies,Snacks,7,50.72,355.04,0.15,29.46,Credit Card
ORD03324,3/23/2025,CUST0980,Isha Gupta,Male,65,Kolkata,PROD007,Surf Excel,Home & Cleaning,3,173.04,519.12,0,69.97,Cash
ORD03325,3/17/2025,CUST0085,Anjali Reddy,Female,19,Delhi,PROD004,Lay's Chips,Snacks,8,37.4,299.2,0.15,44.89,Debit Card
ORD03326,5/16/2025,CUST0830,Sneha Nair,Male,61,Bengaluru,PROD020,Head & Shoulders,Personal Care,5,262.38,1311.9,0.05,195.37,Debit Card
ORD03327,2/9/2025,CUST0387,Simran Joshi,Male,64,Chennai,PROD012,Dettol Handwash,Personal Care,4,107.48,429.92,0.05,52.13,UPI
ORD03328,4/7/2025,CUST0534,Pooja Singh,Female,50,Ahmedabad,PROD004,Lay's Chips,Snacks,6,33.7,202.2,0.1,43.06,Net Banking
ORD03329,11/28/2025,CUST0990,Riya Khan,Female,26,Bengaluru,PROD001,Parle-G Biscuits,Snacks,6,29.15,174.9,0,30.42,Net Banking
ORD03330,2/21/2025,CUST0103,Rahul Singh,Female,31,Kolkata,PROD019,Vim Dishwash,Home & Cleaning,4,91.5,366,0.1,55.08,Net Banking
ORD03331,3/10/2025,CUST0798,Riya Singh,Male,43,Mumbai,PROD009,Aashirvaad Atta,Groceries,8,272.72,2181.76,0.05,300.41,Credit Card
ORD03332,6/15/2025,CUST0029,Neha Nair,Female,59,Chennai,PROD003,Amul Milk,Dairy,5,62.96,314.8,0,35.8,Debit Card
ORD03333,4/17/2025,CUST0999,Vikram Singh,Male,64,Pune,PROD002,Tata Salt,Groceries,2,27.07,54.14,0.1,5.3,Cash
ORD03334,8/28/2025,CUST0012,Pooja Malhotra,Female,54,Bengaluru,PROD007,Surf Excel,Home & Cleaning,1,184.72,184.72,0.1,39.3,Cash
ORD03335,10/6/2025,CUST0048,Vikram Patel,Male,60,Kolkata,PROD019,Vim Dishwash,Home & Cleaning,1,98.88,98.88,0.1,13.71,Credit Card
ORD03336,9/5/2025,CUST0795,Amit Nair,Female,52,Kolkata,PROD015,Harpic Cleaner,Home & Cleaning,7,121.46,850.22,0.15,103.66,Cash
ORD03337,9/13/2025,CUST0670,Rohan Mehta,Male,59,Delhi,PROD016,Thums Up,Beverages,2,41.82,83.64,0,20.32,Credit Card
ORD03338,7/19/2025,CUST0043,Isha Gupta,Male,18,Pune,PROD010,Maggi Noodles,Groceries,7,15.51,108.57,0.05,10.06,Net Banking
ORD03339,6/2/2025,CUST0228,Arjun Joshi,Female,60,Mumbai,PROD002,Tata Salt,Groceries,4,30.32,121.28,0,17.68,Debit Card
ORD03340,10/29/2025,CUST0815,Riya Malhotra,Male,32,Delhi,PROD013,Britannia Bread,Dairy,5,46.9,234.5,0.1,27.59,Net Banking
ORD03341,1/11/2025,CUST0086,Karan Kapoor,Female,60,Bengaluru,PROD013,Britannia Bread,Dairy,1,44.93,44.93,0,8.25,Cash
ORD03342,4/28/2025,CUST0804,Isha Mehta,Female,35,Jaipur,PROD009,Aashirvaad Atta,Groceries,1,273.7,273.7,0.1,46.72,Debit Card
ORD03343,1/28/2025,CUST0134,Arjun Kapoor,Female,34,Pune,PROD011,Colgate Toothpaste,Personal Care,2,100.3,200.6,0.15,26.7,UPI
ORD03344,10/6/2025,CUST0566,Kavya Gupta,Male,39,Lucknow,PROD003,Amul Milk,Dairy,6,62.03,372.18,0,41.66,Credit Card
ORD03345,3/2/2025,CUST0594,Rahul Das,Female,63,Bengaluru,PROD013,Britannia Bread,Dairy,8,49.19,393.52,0.1,45.03,Debit Card
ORD03346,6/24/2025,CUST0945,Aditya Mehta,Female,61,Chennai,PROD008,Dove Soap,Personal Care,2,57.19,114.38,0.1,20.99,Credit Card
ORD03347,1/13/2025,CUST0412,Rohan Singh,Male,28,Chennai,PROD001,Parle-G Biscuits,Snacks,3,29.28,87.84,0.1,14,Net Banking
ORD03348,3/14/2025,CUST0725,Vikram Joshi,Female,47,Hyderabad,PROD017,Good Day Cookies,Snacks,8,50.25,402,0.05,63.95,Net Banking
ORD03349,4/9/2025,CUST0238,Sneha Nair,Male,57,Hyderabad,PROD007,Surf Excel,Home & Cleaning,6,185.72,1114.32,0.15,209.03,Net Banking
ORD03350,6/17/2025,CUST0655,Amit Kapoor,Female,31,Kolkata,PROD003,Amul Milk,Dairy,1,60.67,60.67,0.1,6.59,UPI
ORD03351,12/20/2025,CUST0492,Sneha Nair,Male,51,Ahmedabad,PROD010,Maggi Noodles,Groceries,6,16.32,97.92,0.1,15.65,Debit Card
ORD03352,2/15/2025,CUST0126,Kavya Shah,Male,49,Bengaluru,PROD001,Parle-G Biscuits,Snacks,3,31.8,95.4,0.05,7.98,Credit Card
ORD03353,9/20/2025,CUST0933,Karan Das,Male,30,Bengaluru,PROD018,Nescafe Coffee,Beverages,4,185.9,743.6,0.15,86.07,Net Banking
ORD03354,11/5/2025,CUST0724,Karan Mehta,Male,52,Chennai,PROD016,Thums Up,Beverages,1,43.59,43.59,0.05,9,Cash
ORD03355,4/9/2025,CUST0103,Rahul Singh,Female,31,Kolkata,PROD016,Thums Up,Beverages,8,38.49,307.92,0.1,55.11,UPI
ORD03356,3/8/2025,CUST0354,Manish Reddy,Male,45,Pune,PROD014,Kellogg's Corn Flakes,Groceries,8,228.09,1824.72,0.15,204.1,Debit Card
ORD03357,4/29/2025,CUST0932,Kavya Iyer,Female,62,Jaipur,PROD013,Britannia Bread,Dairy,1,44.98,44.98,0.1,4.98,Net Banking
ORD03358,3/1/2025,CUST0605,Aditya Joshi,Male,40,Mumbai,PROD011,Colgate Toothpaste,Personal Care,4,93.66,374.64,0.1,58.99,Net Banking
ORD03359,1/5/2025,CUST0465,Riya Gupta,Male,52,Hyderabad,PROD013,Britannia Bread,Dairy,8,45.89,367.12,0.1,74.61,Cash
ORD03360,8/21/2025,CUST0287,Pooja Khan,Male,54,Jaipur,PROD008,Dove Soap,Personal Care,5,54.93,274.65,0.15,50.39,Credit Card
ORD03361,4/1/2025,CUST0863,Vikram Das,Female,18,Chennai,PROD003,Amul Milk,Dairy,8,63.84,510.72,0,60.62,Debit Card
ORD03362,5/16/2025,CUST0595,Manish Kapoor,Female,62,Pune,PROD014,Kellogg's Corn Flakes,Groceries,8,210,1680,0.1,351.3,Debit Card
ORD03363,10/28/2025,CUST0120,Karan Khan,Male,26,Delhi,PROD001,Parle-G Biscuits,Snacks,5,30.94,154.7,0.15,29.72,Debit Card
ORD03364,6/26/2025,CUST0718,Nikhil Verma,Female,22,Lucknow,PROD015,Harpic Cleaner,Home & Cleaning,4,134.57,538.28,0.15,43.82,Cash
ORD03365,10/26/2025,CUST0021,Amit Gupta,Female,31,Ahmedabad,PROD011,Colgate Toothpaste,Personal Care,5,92.56,462.8,0,72.82,Debit Card
ORD03366,2/23/2025,CUST0838,Simran Shah,Female,37,Pune,PROD019,Vim Dishwash,Home & Cleaning,5,96.34,481.7,0.1,96,UPI
ORD03367,12/11/2025,CUST0053,Manish Gupta,Male,46,Jaipur,PROD016,Thums Up,Beverages,8,40.35,322.8,0.1,41.12,Debit Card
ORD03368,3/19/2025,CUST0429,Karan Gupta,Male,49,Jaipur,PROD011,Colgate Toothpaste,Personal Care,8,92.39,739.12,0.15,134.66,Credit Card
ORD03369,12/15/2025,CUST0397,Arjun Kapoor,Female,63,Ahmedabad,PROD019,Vim Dishwash,Home & Cleaning,4,89.5,358,0.05,42.72,UPI
ORD03370,7/14/2025,CUST0777,Amit Kapoor,Male,36,Mumbai,PROD007,Surf Excel,Home & Cleaning,1,187.44,187.44,0.05,43.2,Net Banking
ORD03371,10/30/2025,CUST0879,Rohan Mehta,Male,50,Lucknow,PROD012,Dettol Handwash,Personal Care,7,104.69,732.83,0.1,95.25,Net Banking
ORD03372,10/8/2025,CUST0187,Meera Singh,Male,23,Bengaluru,PROD014,Kellogg's Corn Flakes,Groceries,2,206.38,412.76,0,98.38,Cash
ORD03373,7/11/2025,CUST0035,Riya Sharma,Male,41,Hyderabad,PROD020,Head & Shoulders,Personal Care,8,281.44,2251.52,0.1,313.35,Cash
ORD03374,10/29/2025,CUST0042,Sneha Patel,Female,19,Lucknow,PROD007,Surf Excel,Home & Cleaning,7,174.9,1224.3,0,201.39,Credit Card
ORD03375,8/13/2025,CUST0901,Rahul Das,Male,60,Chennai,PROD015,Harpic Cleaner,Home & Cleaning,2,131.31,262.62,0,23.47,Credit Card
ORD03376,12/5/2025,CUST0367,Sahil Gupta,Male,36,Kolkata,PROD004,Lay's Chips,Snacks,3,36.16,108.48,0.1,10.67,UPI
ORD03377,12/17/2025,CUST0417,Meera Khan,Male,19,Pune,PROD018,Nescafe Coffee,Beverages,3,188.69,566.07,0,67.59,Credit Card
ORD03378,7/14/2025,CUST0054,Neha Sharma,Male,23,Bengaluru,PROD005,Coca Cola,Beverages,4,46.91,187.64,0,23.06,UPI
ORD03379,5/13/2025,CUST0807,Rohan Verma,Male,24,Lucknow,PROD013,Britannia Bread,Dairy,1,48.38,48.38,0.1,7.67,Credit Card
ORD03380,8/13/2025,CUST0697,Amit Joshi,Female,50,Chennai,PROD001,Parle-G Biscuits,Snacks,7,31.25,218.75,0,24.59,Net Banking
ORD03381,3/11/2025,CUST0902,Nikhil Shah,Male,45,Bengaluru,PROD013,Britannia Bread,Dairy,6,48.01,288.06,0.15,32.31,Net Banking
ORD03382,7/15/2025,CUST0352,Simran Shah,Male,63,Jaipur,PROD008,Dove Soap,Personal Care,8,58.15,465.2,0,39.83,Debit Card
ORD03383,6/24/2025,CUST0260,Priya Mehta,Female,30,Pune,PROD017,Good Day Cookies,Snacks,6,49.65,297.9,0.1,56.99,Credit Card
ORD03384,6/9/2025,CUST0110,Manish Mehta,Male,63,Kolkata,PROD004,Lay's Chips,Snacks,1,34.59,34.59,0.05,4.58,Credit Card
ORD03385,6/4/2025,CUST0543,Priya Shah,Male,22,Mumbai,PROD001,Parle-G Biscuits,Snacks,6,29.61,177.66,0.1,23.94,Credit Card
ORD03386,11/23/2025,CUST0374,Simran Shah,Female,59,Delhi,PROD011,Colgate Toothpaste,Personal Care,1,97.09,97.09,0.1,15.17,Cash
ORD03387,10/30/2025,CUST0558,Sahil Malhotra,Male,51,Mumbai,PROD013,Britannia Bread,Dairy,1,47.33,47.33,0,5.63,Credit Card
ORD03388,2/17/2025,CUST0173,Meera Gupta,Female,46,Ahmedabad,PROD004,Lay's Chips,Snacks,4,37.91,151.64,0.1,11.71,Net Banking
ORD03389,10/23/2025,CUST0993,Sahil Verma,Female,38,Kolkata,PROD011,Colgate Toothpaste,Personal Care,7,103.99,727.93,0,175.97,Credit Card
ORD03390,12/25/2025,CUST0553,Aditya Patel,Female,43,Ahmedabad,PROD016,Thums Up,Beverages,8,38.96,311.68,0.15,43.58,UPI
ORD03391,2/27/2025,CUST0258,Simran Gupta,Female,46,Bengaluru,PROD006,Tata Tea,Beverages,5,124.21,621.05,0.1,61.22,Cash
ORD03392,5/1/2025,CUST0938,Pooja Reddy,Female,18,Jaipur,PROD019,Vim Dishwash,Home & Cleaning,7,89.68,627.76,0,95.8,Credit Card
ORD03393,12/26/2025,CUST0779,Anjali Reddy,Female,28,Pune,PROD006,Tata Tea,Beverages,1,122.48,122.48,0,16.55,UPI
ORD03394,1/11/2025,CUST0184,Pooja Joshi,Male,47,Hyderabad,PROD017,Good Day Cookies,Snacks,8,49.84,398.72,0,42.07,Credit Card
ORD03395,7/7/2025,CUST0698,Priya Joshi,Male,41,Delhi,PROD006,Tata Tea,Beverages,1,115.48,115.48,0.1,14.69,Debit Card
ORD03396,12/23/2025,CUST0069,Vikram Shah,Female,26,Chennai,PROD013,Britannia Bread,Dairy,5,46.33,231.65,0.15,20.35,UPI
ORD03397,1/10/2025,CUST0057,Rahul Mehta,Female,47,Hyderabad,PROD009,Aashirvaad Atta,Groceries,7,253.06,1771.42,0.1,214.15,UPI
ORD03398,5/22/2025,CUST0365,Meera Joshi,Male,25,Ahmedabad,PROD006,Tata Tea,Beverages,7,126.26,883.82,0.15,117.23,Credit Card
ORD03399,10/1/2025,CUST0846,Isha Nair,Female,60,Chennai,PROD002,Tata Salt,Groceries,4,30.24,120.96,0.1,9.73,Debit Card
ORD03400,9/17/2025,CUST0300,Manish Mehta,Female,31,Jaipur,PROD018,Nescafe Coffee,Beverages,4,186.25,745,0.15,154.82,Cash
ORD03401,2/15/2025,CUST0146,Karan Sharma,Female,49,Pune,PROD008,Dove Soap,Personal Care,4,55.53,222.12,0,33.86,Debit Card
ORD03402,5/18/2025,CUST0344,Meera Verma,Female,27,Delhi,PROD015,Harpic Cleaner,Home & Cleaning,3,123.05,369.15,0.1,54,Net Banking
ORD03403,7/6/2025,CUST0351,Meera Verma,Female,21,Ahmedabad,PROD017,Good Day Cookies,Snacks,2,52.16,104.32,0.1,7.62,UPI
ORD03404,1/15/2025,CUST0740,Arjun Joshi,Male,20,Lucknow,PROD004,Lay's Chips,Snacks,7,35.86,251.02,0.1,43.78,Net Banking
ORD03405,10/15/2025,CUST0133,Vikram Joshi,Female,39,Kolkata,PROD012,Dettol Handwash,Personal Care,2,113.93,227.86,0,22.84,Credit Card
ORD03406,8/19/2025,CUST0563,Anjali Iyer,Male,54,Kolkata,PROD012,Dettol Handwash,Personal Care,3,108.43,325.29,0,79.64,UPI
ORD03407,3/24/2025,CUST0852,Sahil Singh,Female,25,Ahmedabad,PROD009,Aashirvaad Atta,Groceries,4,265.77,1063.08,0.15,124.59,Net Banking
ORD03408,3/5/2025,CUST0932,Kavya Iyer,Female,62,Jaipur,PROD004,Lay's Chips,Snacks,6,36.06,216.36,0.05,48.4,UPI
ORD03409,1/10/2025,CUST0440,Karan Shah,Female,27,Bengaluru,PROD007,Surf Excel,Home & Cleaning,8,173.25,1386,0.15,127.27,Cash
ORD03410,6/8/2025,CUST0343,Nikhil Kapoor,Male,60,Chennai,PROD015,Harpic Cleaner,Home & Cleaning,5,131.8,659,0,164.18,Credit Card
ORD03411,7/17/2025,CUST0307,Nikhil Shah,Female,22,Kolkata,PROD018,Nescafe Coffee,Beverages,8,204.06,1632.48,0.15,208.21,Credit Card
ORD03412,2/5/2025,CUST0355,Sneha Malhotra,Female,40,Mumbai,PROD020,Head & Shoulders,Personal Care,2,267.17,534.34,0.15,54.69,Credit Card
ORD03413,11/27/2025,CUST0308,Priya Mehta,Male,47,Pune,PROD019,Vim Dishwash,Home & Cleaning,8,95.32,762.56,0,159.49,Cash
ORD03414,11/22/2025,CUST0726,Neha Patel,Male,61,Hyderabad,PROD015,Harpic Cleaner,Home & Cleaning,8,121.97,975.76,0.05,120.97,Debit Card
ORD03415,3/26/2025,CUST0203,Amit Gupta,Male,47,Pune,PROD011,Colgate Toothpaste,Personal Care,5,99.12,495.6,0.1,75.03,Net Banking
ORD03416,12/31/2025,CUST0998,Amit Malhotra,Female,26,Jaipur,PROD013,Britannia Bread,Dairy,6,45.97,275.82,0.05,61.23,Debit Card
ORD03417,1/25/2025,CUST0229,Manish Reddy,Female,61,Jaipur,PROD017,Good Day Cookies,Snacks,1,53.76,53.76,0.15,10.77,Credit Card
ORD03418,10/25/2025,CUST0277,Nikhil Singh,Female,50,Lucknow,PROD018,Nescafe Coffee,Beverages,1,198.76,198.76,0,25.8,Cash
ORD03419,11/4/2025,CUST0985,Vikram Mehta,Male,28,Delhi,PROD002,Tata Salt,Groceries,1,29.63,29.63,0.15,3.24,UPI
ORD03420,3/27/2025,CUST0430,Manish Joshi,Female,49,Mumbai,PROD012,Dettol Handwash,Personal Care,8,108.26,866.08,0.1,79.25,Cash
ORD03421,1/17/2025,CUST0392,Simran Mehta,Male,56,Delhi,PROD005,Coca Cola,Beverages,3,45.22,135.66,0.15,12.24,Credit Card
ORD03422,5/18/2025,CUST0423,Vikram Khan,Male,38,Chennai,PROD020,Head & Shoulders,Personal Care,4,249.07,996.28,0,201.28,UPI
ORD03423,12/30/2025,CUST0935,Rohan Das,Male,50,Jaipur,PROD004,Lay's Chips,Snacks,6,34.03,204.18,0,20.11,UPI
ORD03424,2/3/2025,CUST0771,Arjun Gupta,Male,62,Pune,PROD015,Harpic Cleaner,Home & Cleaning,3,134.12,402.36,0.1,48.1,Debit Card
ORD03425,11/21/2025,CUST0504,Kavya Khan,Female,46,Kolkata,PROD011,Colgate Toothpaste,Personal Care,7,98.39,688.73,0,157.99,UPI
ORD03426,6/18/2025,CUST0535,Manish Patel,Female,38,Bengaluru,PROD009,Aashirvaad Atta,Groceries,3,271.94,815.82,0,95.42,Net Banking
ORD03427,10/3/2025,CUST0541,Riya Joshi,Male,64,Chennai,PROD009,Aashirvaad Atta,Groceries,8,267.54,2140.32,0,228.68,Credit Card
ORD03428,2/12/2025,CUST0855,Kavya Sharma,Male,26,Bengaluru,PROD011,Colgate Toothpaste,Personal Care,7,100,700,0.1,134.74,Debit Card
ORD03429,3/25/2025,CUST0256,Isha Mehta,Male,44,Pune,PROD020,Head & Shoulders,Personal Care,1,277.8,277.8,0,42.59,Debit Card
ORD03430,3/15/2025,CUST0477,Manish Nair,Female,26,Jaipur,PROD008,Dove Soap,Personal Care,7,54.93,384.51,0,77.81,Net Banking
ORD03431,8/21/2025,CUST0577,Amit Khan,Male,56,Lucknow,PROD001,Parle-G Biscuits,Snacks,1,31.66,31.66,0,4.86,Cash
ORD03432,12/28/2025,CUST0070,Amit Reddy,Male,41,Hyderabad,PROD010,Maggi Noodles,Groceries,5,14.58,72.9,0.15,10.11,Debit Card
ORD03433,5/8/2025,CUST0326,Nikhil Mehta,Female,55,Jaipur,PROD009,Aashirvaad Atta,Groceries,1,264.29,264.29,0.05,27.6,UPI
ORD03434,8/15/2025,CUST0411,Nikhil Reddy,Male,25,Jaipur,PROD020,Head & Shoulders,Personal Care,8,270.35,2162.8,0,443.16,Debit Card
ORD03435,12/17/2025,CUST0831,Arjun Nair,Female,50,Mumbai,PROD009,Aashirvaad Atta,Groceries,4,260.82,1043.28,0.05,240.36,Net Banking
ORD03436,12/10/2025,CUST0410,Simran Verma,Male,26,Kolkata,PROD019,Vim Dishwash,Home & Cleaning,1,89.24,89.24,0,18.36,Net Banking
ORD03437,4/24/2025,CUST0886,Nikhil Patel,Male,34,Bengaluru,PROD006,Tata Tea,Beverages,6,117.14,702.84,0.1,110.6,Debit Card
ORD03438,4/24/2025,CUST0468,Nikhil Gupta,Male,21,Pune,PROD007,Surf Excel,Home & Cleaning,4,193.34,773.36,0.15,63.61,Credit Card
ORD03439,12/14/2025,CUST0021,Amit Gupta,Female,31,Ahmedabad,PROD016,Thums Up,Beverages,4,39.66,158.64,0,29.66,Credit Card
ORD03440,3/20/2025,CUST0052,Manish Verma,Female,29,Hyderabad,PROD006,Tata Tea,Beverages,4,121.62,486.48,0,108.81,Debit Card
ORD03441,4/8/2025,CUST0777,Amit Kapoor,Male,36,Mumbai,PROD016,Thums Up,Beverages,5,38.13,190.65,0.15,27.81,Cash
ORD03442,2/7/2025,CUST0162,Karan Patel,Male,30,Bengaluru,PROD002,Tata Salt,Groceries,4,27.57,110.28,0,14.9,Cash
ORD03443,1/15/2025,CUST0050,Neha Sharma,Female,64,Chennai,PROD005,Coca Cola,Beverages,4,48.3,193.2,0.05,17.67,Cash
ORD03444,9/13/2025,CUST0726,Neha Patel,Male,61,Hyderabad,PROD003,Amul Milk,Dairy,6,65.52,393.12,0.05,63.8,UPI
ORD03445,3/19/2025,CUST0824,Arjun Khan,Female,50,Kolkata,PROD019,Vim Dishwash,Home & Cleaning,5,94.06,470.3,0,59.48,Debit Card
ORD03446,3/22/2025,CUST0970,Kavya Nair,Male,65,Delhi,PROD011,Colgate Toothpaste,Personal Care,7,94.6,662.2,0,119.81,Debit Card
ORD03447,1/19/2025,CUST0833,Meera Kapoor,Male,32,Hyderabad,PROD012,Dettol Handwash,Personal Care,2,106.67,213.34,0,35.59,Cash
ORD03448,6/26/2025,CUST0790,Neha Singh,Female,48,Ahmedabad,PROD017,Good Day Cookies,Snacks,2,51.9,103.8,0,22.81,UPI
ORD03449,2/5/2025,CUST0358,Rahul Khan,Male,63,Chennai,PROD008,Dove Soap,Personal Care,5,57.29,286.45,0.05,64.87,Net Banking
ORD03450,6/10/2025,CUST0731,Sneha Patel,Female,24,Delhi,PROD016,Thums Up,Beverages,2,40,80,0.1,16.27,Debit Card
ORD03451,9/21/2025,CUST0509,Sneha Gupta,Female,40,Delhi,PROD004,Lay's Chips,Snacks,7,35.52,248.64,0,27.23,Credit Card
ORD03452,7/30/2025,CUST0285,Isha Khan,Male,44,Chennai,PROD014,Kellogg's Corn Flakes,Groceries,4,200.05,800.2,0.1,72.35,Credit Card
ORD03453,3/9/2025,CUST0866,Neha Mehta,Female,28,Pune,PROD003,Amul Milk,Dairy,6,65.03,390.18,0.1,42.27,UPI
ORD03454,5/29/2025,CUST0895,Kavya Nair,Male,25,Delhi,PROD001,Parle-G Biscuits,Snacks,8,30.46,243.68,0,32.45,Credit Card
ORD03455,8/4/2025,CUST0057,Rahul Mehta,Female,47,Hyderabad,PROD011,Colgate Toothpaste,Personal Care,7,97.39,681.73,0.05,125.32,Net Banking
ORD03456,8/5/2025,CUST0457,Manish Reddy,Female,52,Chennai,PROD015,Harpic Cleaner,Home & Cleaning,2,124.49,248.98,0,49.24,UPI
ORD03457,1/23/2025,CUST0935,Rohan Das,Male,50,Jaipur,PROD017,Good Day Cookies,Snacks,1,53.09,53.09,0.15,3.9,UPI
ORD03458,11/4/2025,CUST0939,Neha Sharma,Female,27,Mumbai,PROD010,Maggi Noodles,Groceries,7,15.9,111.3,0,22.77,Credit Card
ORD03459,7/20/2025,CUST0498,Rohan Shah,Female,47,Lucknow,PROD017,Good Day Cookies,Snacks,2,51.53,103.06,0,8.92,UPI
ORD03460,10/2/2025,CUST0396,Riya Shah,Female,53,Pune,PROD008,Dove Soap,Personal Care,2,55.61,111.22,0.15,15.17,Debit Card
ORD03461,6/29/2025,CUST0091,Arjun Khan,Female,61,Jaipur,PROD017,Good Day Cookies,Snacks,6,54.49,326.94,0.15,24.39,UPI
ORD03462,10/2/2025,CUST0677,Meera Iyer,Female,62,Mumbai,PROD019,Vim Dishwash,Home & Cleaning,7,90.01,630.07,0.1,118.51,Credit Card
ORD03463,3/21/2025,CUST0390,Anjali Sharma,Male,56,Ahmedabad,PROD016,Thums Up,Beverages,3,41.14,123.42,0,19.93,Cash
ORD03464,11/20/2025,CUST0161,Arjun Gupta,Male,64,Bengaluru,PROD001,Parle-G Biscuits,Snacks,2,31.53,63.06,0.05,9.35,Credit Card
ORD03465,4/25/2025,CUST0470,Rahul Shah,Male,44,Ahmedabad,PROD007,Surf Excel,Home & Cleaning,6,182.34,1094.04,0,174.21,UPI
ORD03466,9/24/2025,CUST0983,Rahul Iyer,Female,52,Jaipur,PROD018,Nescafe Coffee,Beverages,4,181.92,727.68,0.1,119.6,Net Banking
ORD03467,5/26/2025,CUST0599,Sahil Mehta,Female,52,Mumbai,PROD019,Vim Dishwash,Home & Cleaning,6,86.89,521.34,0.05,68.81,Net Banking
ORD03468,9/4/2025,CUST0562,Sahil Verma,Female,22,Hyderabad,PROD007,Surf Excel,Home & Cleaning,7,183.46,1284.22,0,159.55,Debit Card
ORD03469,8/19/2025,CUST0578,Karan Malhotra,Female,18,Hyderabad,PROD002,Tata Salt,Groceries,7,28.19,197.33,0.15,34.04,Debit Card
ORD03470,6/5/2025,CUST0071,Anjali Joshi,Female,57,Jaipur,PROD018,Nescafe Coffee,Beverages,6,202.24,1213.44,0,114.4,Debit Card
ORD03471,4/17/2025,CUST0442,Priya Sharma,Male,63,Chennai,PROD002,Tata Salt,Groceries,6,29.41,176.46,0.05,36.81,Debit Card
ORD03472,3/17/2025,CUST0255,Isha Verma,Female,47,Chennai,PROD003,Amul Milk,Dairy,1,65.24,65.24,0.1,6.79,UPI
ORD03473,4/20/2025,CUST0738,Riya Sharma,Female,61,Kolkata,PROD002,Tata Salt,Groceries,3,28.07,84.21,0.05,12.23,Credit Card
ORD03474,4/13/2025,CUST0790,Neha Singh,Female,48,Ahmedabad,PROD016,Thums Up,Beverages,8,40.89,327.12,0,27.19,UPI
ORD03475,2/25/2025,CUST0388,Meera Mehta,Female,58,Mumbai,PROD016,Thums Up,Beverages,8,38.65,309.2,0,68.87,Debit Card
ORD03476,3/15/2025,CUST0290,Sahil Gupta,Female,53,Lucknow,PROD018,Nescafe Coffee,Beverages,8,199.69,1597.52,0,359.22,Debit Card
ORD03477,1/13/2025,CUST0681,Amit Shah,Male,41,Chennai,PROD002,Tata Salt,Groceries,3,30.61,91.83,0.05,11.98,UPI
ORD03478,10/28/2025,CUST0351,Meera Verma,Female,21,Ahmedabad,PROD010,Maggi Noodles,Groceries,1,15.39,15.39,0,2.97,Net Banking
ORD03479,9/19/2025,CUST0864,Nikhil Gupta,Male,61,Mumbai,PROD007,Surf Excel,Home & Cleaning,8,181.84,1454.72,0.1,157.47,Cash
ORD03480,5/25/2025,CUST0139,Sahil Gupta,Female,62,Hyderabad,PROD010,Maggi Noodles,Groceries,7,14.47,101.29,0,8.33,Credit Card
ORD03481,4/25/2025,CUST0539,Vikram Khan,Male,42,Lucknow,PROD008,Dove Soap,Personal Care,1,52.48,52.48,0.15,4.17,Debit Card
ORD03482,9/9/2025,CUST0162,Karan Patel,Male,30,Bengaluru,PROD020,Head & Shoulders,Personal Care,5,271.12,1355.6,0,335.65,Debit Card
ORD03483,7/18/2025,CUST0109,Priya Gupta,Female,57,Pune,PROD015,Harpic Cleaner,Home & Cleaning,7,124.64,872.48,0.05,124.55,Credit Card
ORD03484,11/7/2025,CUST0525,Arjun Gupta,Female,59,Pune,PROD020,Head & Shoulders,Personal Care,8,274.03,2192.24,0.05,201.94,Cash
ORD03485,1/29/2025,CUST0161,Arjun Gupta,Male,64,Bengaluru,PROD005,Coca Cola,Beverages,6,43.8,262.8,0.05,46.79,UPI
ORD03486,5/27/2025,CUST0170,Aditya Joshi,Male,54,Mumbai,PROD005,Coca Cola,Beverages,4,43,172,0,39.98,UPI
ORD03487,2/10/2025,CUST0382,Aditya Khan,Male,49,Ahmedabad,PROD013,Britannia Bread,Dairy,8,45.8,366.4,0,40.8,Debit Card
ORD03488,11/19/2025,CUST0532,Vikram Mehta,Male,53,Chennai,PROD019,Vim Dishwash,Home & Cleaning,1,96.65,96.65,0,22.9,Credit Card
ORD03489,1/23/2025,CUST0791,Arjun Patel,Female,29,Chennai,PROD017,Good Day Cookies,Snacks,1,50.03,50.03,0.1,6.68,Net Banking
ORD03490,10/11/2025,CUST0821,Aditya Verma,Male,29,Bengaluru,PROD004,Lay's Chips,Snacks,3,34.39,103.17,0,16.81,Debit Card
ORD03491,7/15/2025,CUST0790,Neha Singh,Female,48,Ahmedabad,PROD009,Aashirvaad Atta,Groceries,8,261.31,2090.48,0,374.68,Credit Card
ORD03492,10/10/2025,CUST0427,Neha Sharma,Female,42,Lucknow,PROD003,Amul Milk,Dairy,6,58.26,349.56,0.1,57.87,Debit Card
ORD03493,5/13/2025,CUST0311,Karan Verma,Female,62,Chennai,PROD010,Maggi Noodles,Groceries,3,14.28,42.84,0,9.25,Net Banking
ORD03494,8/25/2025,CUST0153,Anjali Joshi,Male,40,Hyderabad,PROD009,Aashirvaad Atta,Groceries,7,244.68,1712.76,0,208.16,Credit Card
ORD03495,2/26/2025,CUST0474,Anjali Reddy,Male,43,Ahmedabad,PROD003,Amul Milk,Dairy,5,60.3,301.5,0,72.45,Net Banking
ORD03496,5/15/2025,CUST0033,Nikhil Iyer,Male,27,Chennai,PROD005,Coca Cola,Beverages,7,47.33,331.31,0.15,61.41,UPI
ORD03497,8/21/2025,CUST0619,Isha Verma,Female,38,Bengaluru,PROD008,Dove Soap,Personal Care,7,52.3,366.1,0,30.81,UPI
ORD03498,11/12/2025,CUST0895,Kavya Nair,Male,25,Delhi,PROD017,Good Day Cookies,Snacks,2,53.73,107.46,0.15,19.8,Credit Card
ORD03499,6/5/2025,CUST0752,Sahil Khan,Female,55,Mumbai,PROD011,Colgate Toothpaste,Personal Care,7,103.88,727.16,0.15,64.47,Cash
ORD03500,2/10/2025,CUST0420,Pooja Nair,Female,48,Bengaluru,PROD018,Nescafe Coffee,Beverages,4,188.75,755,0,88.69,Debit Card
ORD03501,10/15/2025,CUST0096,Arjun Sharma,Female,18,Jaipur,PROD007,Surf Excel,Home & Cleaning,2,184.92,369.84,0,88.93,UPI
ORD03502,11/22/2025,CUST0320,Sahil Joshi,Female,58,Chennai,PROD001,Parle-G Biscuits,Snacks,6,32.65,195.9,0,20.89,UPI
ORD03503,7/4/2025,CUST0456,Riya Shah,Female,38,Delhi,PROD019,Vim Dishwash,Home & Cleaning,1,89.68,89.68,0.1,6.99,Cash
ORD03504,6/1/2025,CUST0002,Rohan Das,Male,61,Jaipur,PROD019,Vim Dishwash,Home & Cleaning,5,96.2,481,0.1,67.99,Net Banking
ORD03505,7/1/2025,CUST0470,Rahul Shah,Male,44,Ahmedabad,PROD017,Good Day Cookies,Snacks,4,48.02,192.08,0,18.78,Cash
ORD03506,12/5/2025,CUST0279,Vikram Mehta,Female,32,Kolkata,PROD011,Colgate Toothpaste,Personal Care,8,92.03,736.24,0,116.19,Cash
ORD03507,4/20/2025,CUST0615,Anjali Nair,Female,43,Mumbai,PROD009,Aashirvaad Atta,Groceries,1,254.56,254.56,0.05,20.47,Cash
ORD03508,2/24/2025,CUST0272,Meera Sharma,Female,47,Mumbai,PROD009,Aashirvaad Atta,Groceries,8,237.64,1901.12,0,231.9,Credit Card
ORD03509,2/6/2025,CUST0403,Simran Shah,Male,25,Bengaluru,PROD020,Head & Shoulders,Personal Care,5,250.47,1252.35,0.1,274.78,UPI
ORD03510,8/19/2025,CUST0854,Nikhil Patel,Female,51,Hyderabad,PROD013,Britannia Bread,Dairy,1,44.26,44.26,0.1,8.33,Debit Card
ORD03511,12/17/2025,CUST0240,Pooja Kapoor,Female,20,Lucknow,PROD003,Amul Milk,Dairy,1,60.13,60.13,0.1,6.55,UPI
ORD03512,2/18/2025,CUST0084,Kavya Iyer,Male,33,Delhi,PROD001,Parle-G Biscuits,Snacks,7,31.4,219.8,0.05,31.15,Credit Card
ORD03513,5/24/2025,CUST0330,Nikhil Nair,Male,20,Bengaluru,PROD008,Dove Soap,Personal Care,7,52.56,367.92,0.05,29.23,Cash
ORD03514,7/13/2025,CUST0298,Anjali Kapoor,Male,61,Pune,PROD017,Good Day Cookies,Snacks,7,50.98,356.86,0.05,77.65,Net Banking
ORD03515,1/7/2025,CUST0836,Arjun Gupta,Female,37,Jaipur,PROD017,Good Day Cookies,Snacks,5,51.32,256.6,0.15,20.02,Credit Card
ORD03516,1/3/2025,CUST0416,Sahil Iyer,Male,28,Lucknow,PROD004,Lay's Chips,Snacks,1,38.44,38.44,0.1,7.46,UPI
ORD03517,6/8/2025,CUST0456,Riya Shah,Female,38,Delhi,PROD016,Thums Up,Beverages,4,41.92,167.68,0.05,28.29,Net Banking
ORD03518,2/7/2025,CUST0203,Amit Gupta,Male,47,Pune,PROD007,Surf Excel,Home & Cleaning,1,182.99,182.99,0,18.08,Cash
ORD03519,1/13/2025,CUST0110,Manish Mehta,Male,63,Kolkata,PROD019,Vim Dishwash,Home & Cleaning,7,96.73,677.11,0,86.17,Credit Card
ORD03520,7/2/2025,CUST0945,Aditya Mehta,Female,61,Chennai,PROD003,Amul Milk,Dairy,5,59.58,297.9,0,71.68,Debit Card
ORD03521,12/7/2025,CUST0870,Anjali Reddy,Female,19,Bengaluru,PROD019,Vim Dishwash,Home & Cleaning,7,91.54,640.78,0,76.57,Net Banking
ORD03522,3/24/2025,CUST0311,Karan Verma,Female,62,Chennai,PROD019,Vim Dishwash,Home & Cleaning,7,98.8,691.6,0.05,94.34,Credit Card
ORD03523,4/30/2025,CUST0582,Riya Verma,Male,28,Kolkata,PROD004,Lay's Chips,Snacks,8,37.32,298.56,0,65.43,Debit Card
ORD03524,7/16/2025,CUST0250,Neha Nair,Male,48,Mumbai,PROD001,Parle-G Biscuits,Snacks,1,29.9,29.9,0.15,4.55,Cash
ORD03525,8/22/2025,CUST0357,Sneha Mehta,Male,41,Bengaluru,PROD007,Surf Excel,Home & Cleaning,7,190.38,1332.66,0.15,182.6,Credit Card
ORD03526,12/22/2025,CUST0107,Meera Khan,Male,33,Hyderabad,PROD015,Harpic Cleaner,Home & Cleaning,4,136.78,547.12,0.05,109.03,Credit Card
ORD03527,4/11/2025,CUST0280,Karan Malhotra,Female,43,Kolkata,PROD017,Good Day Cookies,Snacks,8,52.88,423.04,0,100.66,Net Banking
ORD03528,3/20/2025,CUST0843,Rahul Nair,Female,36,Hyderabad,PROD012,Dettol Handwash,Personal Care,7,118.65,830.55,0,184.42,Cash
ORD03529,5/4/2025,CUST0675,Simran Mehta,Female,26,Bengaluru,PROD013,Britannia Bread,Dairy,8,47.23,377.84,0.05,71.51,Debit Card
ORD03530,7/19/2025,CUST0591,Sahil Kapoor,Male,38,Kolkata,PROD007,Surf Excel,Home & Cleaning,2,195.15,390.3,0.1,82.89,Cash
ORD03531,2/21/2025,CUST0960,Meera Shah,Female,53,Mumbai,PROD002,Tata Salt,Groceries,7,26.62,186.34,0.05,30.99,Cash
ORD03532,3/4/2025,CUST0894,Arjun Malhotra,Female,62,Ahmedabad,PROD008,Dove Soap,Personal Care,6,56.07,336.42,0,33.69,Cash
ORD03533,4/7/2025,CUST0140,Simran Verma,Male,28,Hyderabad,PROD011,Colgate Toothpaste,Personal Care,1,95.85,95.85,0.15,14.24,Debit Card
ORD03534,10/1/2025,CUST0769,Amit Gupta,Female,38,Delhi,PROD009,Aashirvaad Atta,Groceries,7,248.83,1741.81,0,382.04,Net Banking
ORD03535,1/3/2025,CUST0459,Arjun Shah,Female,32,Hyderabad,PROD001,Parle-G Biscuits,Snacks,2,32.72,65.44,0.05,8.78,Credit Card
ORD03536,2/20/2025,CUST0614,Manish Gupta,Female,58,Delhi,PROD008,Dove Soap,Personal Care,5,57.71,288.55,0.1,51.49,Net Banking
ORD03537,11/29/2025,CUST0405,Isha Iyer,Female,47,Jaipur,PROD013,Britannia Bread,Dairy,3,45.19,135.57,0,24.77,UPI
ORD03538,12/8/2025,CUST0338,Aditya Nair,Female,26,Jaipur,PROD001,Parle-G Biscuits,Snacks,3,30.25,90.75,0,7.37,UPI
ORD03539,8/1/2025,CUST0803,Karan Reddy,Male,23,Kolkata,PROD004,Lay's Chips,Snacks,1,33.69,33.69,0.05,4.87,UPI
ORD03540,11/16/2025,CUST0867,Priya Singh,Female,47,Jaipur,PROD019,Vim Dishwash,Home & Cleaning,8,88.1,704.8,0.05,143.23,Net Banking
ORD03541,10/12/2025,CUST0084,Kavya Iyer,Male,33,Delhi,PROD005,Coca Cola,Beverages,2,48.52,97.04,0,8.54,Net Banking
ORD03542,11/16/2025,CUST0144,Neha Kapoor,Male,40,Jaipur,PROD007,Surf Excel,Home & Cleaning,5,188.98,944.9,0.1,188.34,UPI
ORD03543,4/22/2025,CUST0783,Anjali Sharma,Male,39,Bengaluru,PROD018,Nescafe Coffee,Beverages,7,194.13,1358.91,0,264.38,UPI
ORD03544,8/27/2025,CUST0063,Amit Nair,Male,43,Pune,PROD009,Aashirvaad Atta,Groceries,5,257.35,1286.75,0.1,225.78,Credit Card
ORD03545,3/12/2025,CUST0644,Priya Iyer,Female,52,Hyderabad,PROD014,Kellogg's Corn Flakes,Groceries,6,230.04,1380.24,0.1,114.2,Credit Card
ORD03546,2/11/2025,CUST0074,Rohan Singh,Female,56,Bengaluru,PROD017,Good Day Cookies,Snacks,3,54.09,162.27,0,24.31,Net Banking
ORD03547,11/19/2025,CUST0745,Riya Shah,Female,40,Lucknow,PROD013,Britannia Bread,Dairy,5,43.57,217.85,0.1,17.79,Credit Card
ORD03548,12/20/2025,CUST0849,Arjun Das,Male,61,Chennai,PROD001,Parle-G Biscuits,Snacks,3,29.35,88.05,0.05,17.56,Cash
ORD03549,11/9/2025,CUST0623,Manish Iyer,Male,61,Hyderabad,PROD008,Dove Soap,Personal Care,7,56.43,395.01,0.05,88.27,Net Banking
ORD03550,3/17/2025,CUST0068,Manish Iyer,Male,22,Jaipur,PROD014,Kellogg's Corn Flakes,Groceries,8,213.19,1705.52,0,379,Credit Card
ORD03551,6/25/2025,CUST0801,Priya Mehta,Male,61,Kolkata,PROD019,Vim Dishwash,Home & Cleaning,2,95.13,190.26,0,36.52,Credit Card
ORD03552,2/22/2025,CUST0808,Neha Kapoor,Female,52,Chennai,PROD018,Nescafe Coffee,Beverages,3,205.74,617.22,0.1,120.46,Credit Card
ORD03553,11/16/2025,CUST0390,Anjali Sharma,Male,56,Ahmedabad,PROD020,Head & Shoulders,Personal Care,4,264.98,1059.92,0.05,184.12,Net Banking
ORD03554,5/12/2025,CUST0329,Neha Kapoor,Female,63,Pune,PROD006,Tata Tea,Beverages,3,119.63,358.89,0.15,45.9,Debit Card
ORD03555,11/19/2025,CUST0309,Karan Iyer,Female,54,Kolkata,PROD017,Good Day Cookies,Snacks,5,53.2,266,0,57.52,Cash
ORD03556,4/24/2025,CUST0786,Sahil Shah,Female,27,Mumbai,PROD018,Nescafe Coffee,Beverages,7,194.96,1364.72,0,126.44,Credit Card
ORD03557,10/15/2025,CUST0048,Vikram Patel,Male,60,Kolkata,PROD014,Kellogg's Corn Flakes,Groceries,5,200.27,1001.35,0.15,71.64,Cash
ORD03558,12/4/2025,CUST0491,Simran Mehta,Female,52,Bengaluru,PROD003,Amul Milk,Dairy,6,59.86,359.16,0.05,61.74,UPI
ORD03559,11/9/2025,CUST0790,Neha Singh,Female,48,Ahmedabad,PROD013,Britannia Bread,Dairy,3,48.01,144.03,0.15,19.76,UPI
ORD03560,5/17/2025,CUST0176,Arjun Nair,Male,28,Bengaluru,PROD012,Dettol Handwash,Personal Care,2,115.85,231.7,0,46.63,Cash
ORD03561,7/23/2025,CUST0977,Simran Reddy,Male,36,Hyderabad,PROD008,Dove Soap,Personal Care,8,53.64,429.12,0.1,42.62,Cash
ORD03562,2/7/2025,CUST0743,Arjun Mehta,Male,44,Bengaluru,PROD001,Parle-G Biscuits,Snacks,4,29.16,116.64,0.05,18.45,Net Banking
ORD03563,10/29/2025,CUST0816,Pooja Das,Female,38,Hyderabad,PROD001,Parle-G Biscuits,Snacks,3,31.3,93.9,0.05,17.11,Net Banking
ORD03564,10/20/2025,CUST0975,Rahul Mehta,Male,52,Mumbai,PROD016,Thums Up,Beverages,8,42.62,340.96,0.1,75.16,Credit Card
ORD03565,2/4/2025,CUST0617,Kavya Mehta,Male,63,Bengaluru,PROD012,Dettol Handwash,Personal Care,8,118.57,948.56,0.05,189.07,Net Banking
ORD03566,2/7/2025,CUST0985,Vikram Mehta,Male,28,Delhi,PROD005,Coca Cola,Beverages,5,47.61,238.05,0.05,44.32,UPI
ORD03567,12/30/2025,CUST0491,Simran Mehta,Female,52,Bengaluru,PROD007,Surf Excel,Home & Cleaning,7,197.01,1379.07,0.1,101.79,Net Banking
ORD03568,2/23/2025,CUST0436,Priya Mehta,Male,54,Jaipur,PROD005,Coca Cola,Beverages,6,45.4,272.4,0.1,55.57,UPI
ORD03569,1/16/2025,CUST0165,Rahul Das,Male,35,Mumbai,PROD012,Dettol Handwash,Personal Care,5,116.55,582.75,0,66.96,UPI
ORD03570,9/18/2025,CUST0557,Anjali Patel,Female,45,Chennai,PROD002,Tata Salt,Groceries,6,28.27,169.62,0,14.49,Credit Card
ORD03571,8/27/2025,CUST0592,Arjun Malhotra,Female,41,Pune,PROD006,Tata Tea,Beverages,5,131.9,659.5,0.15,58.12,Credit Card
ORD03572,9/25/2025,CUST0985,Vikram Mehta,Male,28,Delhi,PROD006,Tata Tea,Beverages,2,114.71,229.42,0.1,40.49,Net Banking
ORD03573,6/30/2025,CUST0208,Kavya Khan,Female,18,Hyderabad,PROD003,Amul Milk,Dairy,3,62.73,188.19,0,37.97,Debit Card
ORD03574,2/2/2025,CUST0558,Sahil Malhotra,Male,51,Mumbai,PROD012,Dettol Handwash,Personal Care,3,107.53,322.59,0.1,29.83,Net Banking
ORD03575,12/11/2025,CUST0460,Pooja Das,Male,62,Ahmedabad,PROD001,Parle-G Biscuits,Snacks,5,29.12,145.6,0.1,16.13,UPI
ORD03576,4/18/2025,CUST0448,Neha Mehta,Female,64,Mumbai,PROD006,Tata Tea,Beverages,8,125.04,1000.32,0.1,188.65,Cash
ORD03577,2/16/2025,CUST0335,Meera Malhotra,Male,39,Pune,PROD003,Amul Milk,Dairy,3,62.62,187.86,0.05,25,UPI
ORD03578,12/19/2025,CUST0019,Sneha Nair,Female,21,Bengaluru,PROD012,Dettol Handwash,Personal Care,2,105.03,210.06,0,38.89,Net Banking
ORD03579,1/25/2025,CUST0788,Meera Joshi,Male,24,Mumbai,PROD009,Aashirvaad Atta,Groceries,3,242.33,726.99,0,83.86,UPI
ORD03580,6/14/2025,CUST0215,Rohan Shah,Female,24,Ahmedabad,PROD014,Kellogg's Corn Flakes,Groceries,1,230.88,230.88,0,23.53,UPI
ORD03581,12/16/2025,CUST0158,Sneha Mehta,Male,37,Lucknow,PROD017,Good Day Cookies,Snacks,4,47.52,190.08,0,36.85,Credit Card
ORD03582,10/22/2025,CUST0899,Rohan Joshi,Female,25,Kolkata,PROD009,Aashirvaad Atta,Groceries,4,274.84,1099.36,0.05,226.81,UPI
ORD03583,11/7/2025,CUST0446,Nikhil Malhotra,Female,63,Lucknow,PROD019,Vim Dishwash,Home & Cleaning,3,96.97,290.91,0.15,21.05,UPI
ORD03584,8/7/2025,CUST0893,Anjali Patel,Female,43,Ahmedabad,PROD014,Kellogg's Corn Flakes,Groceries,7,206.47,1445.29,0.1,289.86,Net Banking
ORD03585,4/16/2025,CUST0395,Arjun Gupta,Male,19,Delhi,PROD018,Nescafe Coffee,Beverages,8,201.22,1609.76,0.05,124.75,UPI
ORD03586,7/19/2025,CUST0261,Manish Patel,Male,59,Lucknow,PROD012,Dettol Handwash,Personal Care,5,119.51,597.55,0,143.58,UPI
ORD03587,10/7/2025,CUST0447,Pooja Joshi,Male,41,Chennai,PROD013,Britannia Bread,Dairy,5,46.67,233.35,0,19.88,Debit Card
ORD03588,6/3/2025,CUST0298,Anjali Kapoor,Male,61,Pune,PROD011,Colgate Toothpaste,Personal Care,1,91.67,91.67,0,14.97,Credit Card
ORD03589,2/19/2025,CUST0595,Manish Kapoor,Female,62,Pune,PROD014,Kellogg's Corn Flakes,Groceries,3,215.75,647.25,0.15,56.13,UPI
ORD03590,7/28/2025,CUST0368,Rahul Iyer,Female,33,Lucknow,PROD001,Parle-G Biscuits,Snacks,6,32.18,193.08,0.15,40.03,Net Banking
ORD03591,3/25/2025,CUST0587,Meera Mehta,Female,46,Chennai,PROD014,Kellogg's Corn Flakes,Groceries,2,222.52,445.04,0,44.85,Debit Card
ORD03592,10/10/2025,CUST0382,Aditya Khan,Male,49,Ahmedabad,PROD006,Tata Tea,Beverages,4,126.53,506.12,0,97.33,UPI
ORD03593,5/1/2025,CUST0333,Priya Kapoor,Female,22,Chennai,PROD017,Good Day Cookies,Snacks,4,54.88,219.52,0.1,37.17,Debit Card
ORD03594,7/27/2025,CUST0944,Aditya Gupta,Female,62,Mumbai,PROD009,Aashirvaad Atta,Groceries,1,273.3,273.3,0.05,42.7,Credit Card
ORD03595,2/14/2025,CUST0961,Neha Nair,Female,46,Bengaluru,PROD011,Colgate Toothpaste,Personal Care,4,98.74,394.96,0,83.4,UPI
ORD03596,8/11/2025,CUST0937,Riya Iyer,Female,61,Jaipur,PROD011,Colgate Toothpaste,Personal Care,3,101.89,305.67,0.05,48.24,Credit Card
ORD03597,8/16/2025,CUST0475,Anjali Reddy,Female,20,Mumbai,PROD015,Harpic Cleaner,Home & Cleaning,3,126.28,378.84,0,35.62,Debit Card
ORD03598,7/3/2025,CUST0545,Amit Das,Male,18,Bengaluru,PROD019,Vim Dishwash,Home & Cleaning,1,98.59,98.59,0,12.16,Net Banking
ORD03599,10/6/2025,CUST0913,Meera Nair,Female,50,Jaipur,PROD017,Good Day Cookies,Snacks,1,52.8,52.8,0.15,7.18,Cash
ORD03600,12/26/2025,CUST0070,Amit Reddy,Male,41,Hyderabad,PROD010,Maggi Noodles,Groceries,3,14.65,43.95,0,6.27,Debit Card
ORD03601,6/30/2025,CUST0983,Rahul Iyer,Female,52,Jaipur,PROD010,Maggi Noodles,Groceries,6,15.59,93.54,0,8.2,Net Banking
ORD03602,2/15/2025,CUST0417,Meera Khan,Male,19,Pune,PROD015,Harpic Cleaner,Home & Cleaning,6,127.09,762.54,0.15,118.77,UPI
ORD03603,12/29/2025,CUST0697,Amit Joshi,Female,50,Chennai,PROD007,Surf Excel,Home & Cleaning,8,197.71,1581.68,0.15,158.64,Debit Card
ORD03604,5/9/2025,CUST0777,Amit Kapoor,Male,36,Mumbai,PROD011,Colgate Toothpaste,Personal Care,8,96.12,768.96,0,119.32,Debit Card
ORD03605,7/2/2025,CUST0786,Sahil Shah,Female,27,Mumbai,PROD004,Lay's Chips,Snacks,2,38.49,76.98,0,13.35,Net Banking
ORD03606,12/4/2025,CUST0585,Meera Iyer,Male,47,Pune,PROD015,Harpic Cleaner,Home & Cleaning,1,133.71,133.71,0,30.66,Credit Card
ORD03607,7/12/2025,CUST0186,Meera Sharma,Female,65,Chennai,PROD004,Lay's Chips,Snacks,4,34.31,137.24,0.15,21.13,UPI
ORD03608,2/6/2025,CUST0008,Karan Singh,Male,31,Chennai,PROD017,Good Day Cookies,Snacks,4,49.54,198.16,0.1,34.91,Credit Card
ORD03609,2/24/2025,CUST0688,Pooja Patel,Male,27,Jaipur,PROD017,Good Day Cookies,Snacks,4,47.55,190.2,0.1,21.86,UPI
ORD03610,2/23/2025,CUST0766,Aditya Malhotra,Male,29,Lucknow,PROD008,Dove Soap,Personal Care,8,57.01,456.08,0.15,39.36,Debit Card
ORD03611,12/13/2025,CUST0713,Rahul Khan,Male,60,Kolkata,PROD013,Britannia Bread,Dairy,1,48.91,48.91,0,5.67,Cash
ORD03612,11/26/2025,CUST0767,Karan Reddy,Male,58,Lucknow,PROD018,Nescafe Coffee,Beverages,6,205.65,1233.9,0,206.4,Net Banking
ORD03613,5/13/2025,CUST0882,Vikram Khan,Female,36,Delhi,PROD020,Head & Shoulders,Personal Care,7,266.99,1868.93,0,323.02,Credit Card
ORD03614,10/19/2025,CUST0993,Sahil Verma,Female,38,Kolkata,PROD019,Vim Dishwash,Home & Cleaning,8,90.84,726.72,0,64.46,UPI
ORD03615,10/26/2025,CUST0661,Pooja Verma,Female,23,Chennai,PROD001,Parle-G Biscuits,Snacks,8,29.57,236.56,0.15,25.81,Net Banking
ORD03616,6/8/2025,CUST0871,Sneha Das,Male,31,Mumbai,PROD010,Maggi Noodles,Groceries,5,14.95,74.75,0.05,16.18,Debit Card
ORD03617,3/11/2025,CUST0113,Nikhil Joshi,Male,53,Bengaluru,PROD002,Tata Salt,Groceries,8,28.29,226.32,0,46.72,Cash
ORD03618,7/1/2025,CUST0656,Vikram Joshi,Female,38,Hyderabad,PROD011,Colgate Toothpaste,Personal Care,5,99.57,497.85,0.05,99.63,Net Banking
ORD03619,10/24/2025,CUST0112,Neha Kapoor,Female,32,Delhi,PROD013,Britannia Bread,Dairy,1,49.07,49.07,0.05,5.71,Net Banking
ORD03620,8/25/2025,CUST0215,Rohan Shah,Female,24,Ahmedabad,PROD020,Head & Shoulders,Personal Care,6,284.24,1705.44,0.15,298.52,Net Banking
ORD03621,4/25/2025,CUST0721,Karan Khan,Female,35,Bengaluru,PROD019,Vim Dishwash,Home & Cleaning,7,90.41,632.87,0.05,94.14,Cash
ORD03622,4/22/2025,CUST0338,Aditya Nair,Female,26,Jaipur,PROD014,Kellogg's Corn Flakes,Groceries,2,211.42,422.84,0.15,47.66,Debit Card
ORD03623,8/15/2025,CUST0694,Arjun Verma,Female,26,Hyderabad,PROD002,Tata Salt,Groceries,8,30.13,241.04,0,21.61,UPI
ORD03624,12/18/2025,CUST0826,Riya Iyer,Female,29,Ahmedabad,PROD015,Harpic Cleaner,Home & Cleaning,8,136.7,1093.6,0,251.12,Credit Card
ORD03625,10/26/2025,CUST0324,Manish Sharma,Male,41,Hyderabad,PROD001,Parle-G Biscuits,Snacks,1,30.71,30.71,0.15,3.06,Credit Card
ORD03626,1/7/2025,CUST0153,Anjali Joshi,Male,40,Hyderabad,PROD007,Surf Excel,Home & Cleaning,4,190.32,761.28,0.15,87.14,Credit Card
ORD03627,10/11/2025,CUST0926,Nikhil Das,Male,53,Kolkata,PROD007,Surf Excel,Home & Cleaning,7,186.7,1306.9,0.15,153.09,Debit Card
ORD03628,12/16/2025,CUST0699,Arjun Kapoor,Male,54,Pune,PROD002,Tata Salt,Groceries,3,27.54,82.62,0,19.67,Cash
ORD03629,12/30/2025,CUST0323,Simran Shah,Male,37,Ahmedabad,PROD007,Surf Excel,Home & Cleaning,3,183.38,550.14,0.05,103.5,Debit Card
ORD03630,12/20/2025,CUST0829,Aditya Sharma,Male,54,Bengaluru,PROD004,Lay's Chips,Snacks,5,36.52,182.6,0,22.76,UPI
ORD03631,5/30/2025,CUST0193,Anjali Khan,Female,62,Ahmedabad,PROD005,Coca Cola,Beverages,3,44.41,133.23,0.1,19.53,Cash
ORD03632,7/2/2025,CUST0812,Aditya Sharma,Female,39,Bengaluru,PROD020,Head & Shoulders,Personal Care,6,281.56,1689.36,0.15,174.2,Debit Card
ORD03633,3/18/2025,CUST0377,Vikram Sharma,Male,20,Chennai,PROD012,Dettol Handwash,Personal Care,8,120.78,966.24,0,227.31,UPI
ORD03634,6/8/2025,CUST0042,Sneha Patel,Female,19,Lucknow,PROD014,Kellogg's Corn Flakes,Groceries,2,214.31,428.62,0,48.47,Debit Card
ORD03635,3/23/2025,CUST0960,Meera Shah,Female,53,Mumbai,PROD012,Dettol Handwash,Personal Care,5,117.69,588.45,0.1,52.38,UPI
ORD03636,11/22/2025,CUST0565,Amit Shah,Female,21,Pune,PROD019,Vim Dishwash,Home & Cleaning,4,98.02,392.08,0.15,31.94,Credit Card
ORD03637,2/22/2025,CUST0490,Riya Verma,Female,65,Lucknow,PROD001,Parle-G Biscuits,Snacks,7,29.96,209.72,0.1,38.68,Credit Card
ORD03638,6/1/2025,CUST0173,Meera Gupta,Female,46,Ahmedabad,PROD005,Coca Cola,Beverages,4,47.18,188.72,0,26.8,Debit Card
ORD03639,7/9/2025,CUST0430,Manish Joshi,Female,49,Mumbai,PROD018,Nescafe Coffee,Beverages,6,187.58,1125.48,0,269.28,Debit Card
ORD03640,6/20/2025,CUST0332,Pooja Mehta,Female,39,Lucknow,PROD011,Colgate Toothpaste,Personal Care,6,90.98,545.88,0.1,57.03,Cash
ORD03641,12/11/2025,CUST0007,Rahul Kapoor,Male,62,Kolkata,PROD016,Thums Up,Beverages,8,40.92,327.36,0.15,50.91,Debit Card
ORD03642,4/9/2025,CUST0946,Isha Sharma,Male,65,Hyderabad,PROD007,Surf Excel,Home & Cleaning,4,188.45,753.8,0.1,101.55,Net Banking
ORD03643,9/24/2025,CUST0741,Meera Iyer,Male,59,Hyderabad,PROD020,Head & Shoulders,Personal Care,1,257.25,257.25,0.1,19.91,Credit Card
ORD03644,8/6/2025,CUST0711,Vikram Das,Male,27,Mumbai,PROD008,Dove Soap,Personal Care,7,56.92,398.44,0,96.09,Net Banking
ORD03645,6/22/2025,CUST0018,Anjali Joshi,Female,35,Jaipur,PROD006,Tata Tea,Beverages,3,116.69,350.07,0.15,46.27,UPI
ORD03646,8/25/2025,CUST0411,Nikhil Reddy,Male,25,Jaipur,PROD004,Lay's Chips,Snacks,8,37.31,298.48,0,45.78,UPI
ORD03647,4/17/2025,CUST0940,Priya Gupta,Female,28,Hyderabad,PROD003,Amul Milk,Dairy,6,63.1,378.6,0,32.78,Net Banking
ORD03648,11/3/2025,CUST0869,Karan Reddy,Female,40,Bengaluru,PROD007,Surf Excel,Home & Cleaning,5,179.35,896.75,0,141.42,Cash
ORD03649,4/10/2025,CUST0916,Isha Kapoor,Female,63,Chennai,PROD006,Tata Tea,Beverages,2,120.88,241.76,0,42,Credit Card
ORD03650,7/13/2025,CUST0774,Anjali Reddy,Female,49,Kolkata,PROD008,Dove Soap,Personal Care,2,58.36,116.72,0,20.81,Net Banking
ORD03651,2/13/2025,CUST0151,Manish Gupta,Female,54,Lucknow,PROD004,Lay's Chips,Snacks,1,37.71,37.71,0,3.18,Credit Card
ORD03652,3/16/2025,CUST0178,Kavya Joshi,Female,36,Mumbai,PROD014,Kellogg's Corn Flakes,Groceries,1,226.78,226.78,0.15,19.55,Net Banking
ORD03653,1/28/2025,CUST0239,Rohan Nair,Male,58,Mumbai,PROD015,Harpic Cleaner,Home & Cleaning,8,132.79,1062.32,0,166.98,Debit Card
ORD03654,8/16/2025,CUST0293,Karan Khan,Male,29,Delhi,PROD020,Head & Shoulders,Personal Care,6,266.15,1596.9,0.15,232.14,Credit Card
ORD03655,12/21/2025,CUST0913,Meera Nair,Female,50,Jaipur,PROD018,Nescafe Coffee,Beverages,3,182.27,546.81,0,57.76,Net Banking
ORD03656,10/23/2025,CUST0851,Kavya Kapoor,Female,41,Hyderabad,PROD001,Parle-G Biscuits,Snacks,2,32.91,65.82,0,9.98,Net Banking
ORD03657,10/24/2025,CUST0055,Anjali Mehta,Female,48,Bengaluru,PROD010,Maggi Noodles,Groceries,5,15.19,75.95,0.1,9.72,Debit Card
ORD03658,12/21/2025,CUST0141,Neha Iyer,Male,37,Lucknow,PROD009,Aashirvaad Atta,Groceries,8,252.81,2022.48,0.15,259.38,UPI
ORD03659,6/25/2025,CUST0663,Priya Mehta,Female,64,Bengaluru,PROD014,Kellogg's Corn Flakes,Groceries,5,213.36,1066.8,0.05,239.03,Credit Card
ORD03660,8/29/2025,CUST0371,Priya Nair,Female,41,Hyderabad,PROD015,Harpic Cleaner,Home & Cleaning,4,127.24,508.96,0.1,90.76,Cash
ORD03661,12/24/2025,CUST0561,Priya Verma,Female,19,Bengaluru,PROD018,Nescafe Coffee,Beverages,5,180.9,904.5,0,196.98,Net Banking
ORD03662,1/28/2025,CUST0280,Karan Malhotra,Female,43,Kolkata,PROD014,Kellogg's Corn Flakes,Groceries,6,214.57,1287.42,0.1,245.44,Cash
ORD03663,3/21/2025,CUST0089,Pooja Malhotra,Male,32,Mumbai,PROD005,Coca Cola,Beverages,8,49.19,393.52,0,67.99,Cash
ORD03664,12/18/2025,CUST0535,Manish Patel,Female,38,Bengaluru,PROD002,Tata Salt,Groceries,3,28.75,86.25,0,20,UPI
ORD03665,4/11/2025,CUST0725,Vikram Joshi,Female,47,Hyderabad,PROD013,Britannia Bread,Dairy,5,43.56,217.8,0,17.47,Cash
ORD03666,7/23/2025,CUST0077,Arjun Sharma,Male,39,Delhi,PROD017,Good Day Cookies,Snacks,7,47.75,334.25,0.1,61.33,Net Banking
ORD03667,8/30/2025,CUST0528,Meera Sharma,Male,30,Lucknow,PROD001,Parle-G Biscuits,Snacks,4,28.83,115.32,0.1,14.97,Net Banking
ORD03668,3/5/2025,CUST0859,Arjun Gupta,Male,54,Delhi,PROD012,Dettol Handwash,Personal Care,2,106.88,213.76,0.15,30.71,Credit Card
ORD03669,7/11/2025,CUST0780,Isha Reddy,Male,39,Lucknow,PROD009,Aashirvaad Atta,Groceries,3,258.37,775.11,0.05,88.73,Debit Card
ORD03670,11/12/2025,CUST0086,Karan Kapoor,Female,60,Bengaluru,PROD013,Britannia Bread,Dairy,1,43.32,43.32,0.15,3.48,Net Banking
ORD03671,3/2/2025,CUST0698,Priya Joshi,Male,41,Delhi,PROD009,Aashirvaad Atta,Groceries,1,257.09,257.09,0,61.26,Cash
ORD03672,1/21/2025,CUST0002,Rohan Das,Male,61,Jaipur,PROD017,Good Day Cookies,Snacks,7,51.14,357.98,0,50.97,Cash
ORD03673,4/26/2025,CUST0479,Anjali Das,Female,59,Hyderabad,PROD004,Lay's Chips,Snacks,1,35.72,35.72,0.05,3.05,Credit Card
ORD03674,12/25/2025,CUST0435,Arjun Das,Female,43,Chennai,PROD018,Nescafe Coffee,Beverages,6,201.36,1208.16,0.15,148.37,Credit Card
ORD03675,2/4/2025,CUST0664,Kavya Nair,Male,63,Pune,PROD010,Maggi Noodles,Groceries,7,14.44,101.08,0,13.71,UPI
ORD03676,2/24/2025,CUST0036,Sneha Sharma,Male,54,Pune,PROD019,Vim Dishwash,Home & Cleaning,1,86.19,86.19,0.1,6.88,Cash
ORD03677,3/18/2025,CUST0569,Simran Shah,Female,45,Delhi,PROD012,Dettol Handwash,Personal Care,1,116.49,116.49,0,16.69,Debit Card
ORD03678,11/13/2025,CUST0682,Rohan Mehta,Female,41,Jaipur,PROD010,Maggi Noodles,Groceries,8,14.62,116.96,0,23.34,Credit Card
ORD03679,8/29/2025,CUST0034,Anjali Shah,Male,56,Chennai,PROD003,Amul Milk,Dairy,1,65.91,65.91,0,12.22,Debit Card
ORD03680,12/1/2025,CUST0927,Sahil Joshi,Male,62,Lucknow,PROD020,Head & Shoulders,Personal Care,8,257.49,2059.92,0.1,360.88,Debit Card
ORD03681,5/11/2025,CUST0656,Vikram Joshi,Female,38,Hyderabad,PROD008,Dove Soap,Personal Care,7,54.9,384.3,0.1,71.66,Credit Card
ORD03682,5/13/2025,CUST0355,Sneha Malhotra,Female,40,Mumbai,PROD005,Coca Cola,Beverages,7,47.23,330.61,0.15,58.96,Credit Card
ORD03683,4/19/2025,CUST0058,Kavya Das,Female,27,Bengaluru,PROD010,Maggi Noodles,Groceries,2,15.16,30.32,0,4.23,Cash
ORD03684,11/10/2025,CUST0299,Arjun Joshi,Female,49,Lucknow,PROD002,Tata Salt,Groceries,6,26.99,161.94,0,19.52,Credit Card
ORD03685,12/18/2025,CUST0890,Neha Malhotra,Male,18,Delhi,PROD015,Harpic Cleaner,Home & Cleaning,7,133.68,935.76,0.1,173.54,Net Banking
ORD03686,1/3/2025,CUST0459,Arjun Shah,Female,32,Hyderabad,PROD013,Britannia Bread,Dairy,2,47.77,95.54,0.1,18.09,Net Banking
ORD03687,12/3/2025,CUST0328,Riya Shah,Male,21,Ahmedabad,PROD011,Colgate Toothpaste,Personal Care,8,101.18,809.44,0.1,95.58,UPI
ORD03688,2/10/2025,CUST0820,Anjali Patel,Female,63,Jaipur,PROD012,Dettol Handwash,Personal Care,5,114.65,573.25,0.1,86.55,Debit Card
ORD03689,6/22/2025,CUST0280,Karan Malhotra,Female,43,Kolkata,PROD019,Vim Dishwash,Home & Cleaning,1,92.46,92.46,0,22.42,Net Banking
ORD03690,5/16/2025,CUST0411,Nikhil Reddy,Male,25,Jaipur,PROD006,Tata Tea,Beverages,5,127.22,636.1,0.05,93.98,Debit Card
ORD03691,5/5/2025,CUST0028,Manish Shah,Female,53,Mumbai,PROD019,Vim Dishwash,Home & Cleaning,7,88.32,618.24,0.05,84.32,Debit Card
ORD03692,1/30/2025,CUST0149,Riya Joshi,Female,64,Lucknow,PROD015,Harpic Cleaner,Home & Cleaning,2,120.57,241.14,0,23,Net Banking
ORD03693,11/9/2025,CUST0381,Simran Mehta,Female,65,Ahmedabad,PROD003,Amul Milk,Dairy,5,60.69,303.45,0.1,63.5,Net Banking
ORD03694,10/23/2025,CUST0685,Priya Reddy,Male,43,Jaipur,PROD011,Colgate Toothpaste,Personal Care,4,101.91,407.64,0,49.43,Cash
ORD03695,4/12/2025,CUST0121,Sneha Mehta,Male,63,Bengaluru,PROD017,Good Day Cookies,Snacks,4,47.89,191.56,0.1,34.99,Debit Card
ORD03696,3/17/2025,CUST0710,Sneha Joshi,Female,55,Ahmedabad,PROD018,Nescafe Coffee,Beverages,1,205.51,205.51,0,47.35,Cash
ORD03697,3/10/2025,CUST0272,Meera Sharma,Female,47,Mumbai,PROD005,Coca Cola,Beverages,6,46.91,281.46,0.1,48.8,UPI
ORD03698,9/22/2025,CUST0343,Nikhil Kapoor,Male,60,Chennai,PROD011,Colgate Toothpaste,Personal Care,5,98.04,490.2,0,107.77,Cash
ORD03699,5/25/2025,CUST0944,Aditya Gupta,Female,62,Mumbai,PROD018,Nescafe Coffee,Beverages,2,200.97,401.94,0,98.32,Cash
ORD03700,3/31/2025,CUST0996,Riya Joshi,Female,40,Hyderabad,PROD009,Aashirvaad Atta,Groceries,5,254.26,1271.3,0.1,92.49,Net Banking
ORD03701,12/16/2025,CUST0254,Pooja Joshi,Male,24,Bengaluru,PROD015,Harpic Cleaner,Home & Cleaning,2,127.78,255.56,0.15,51.31,Cash
ORD03702,9/13/2025,CUST0814,Rahul Khan,Female,37,Hyderabad,PROD006,Tata Tea,Beverages,2,118.72,237.44,0,37.48,Debit Card
ORD03703,4/3/2025,CUST0549,Nikhil Das,Female,52,Hyderabad,PROD002,Tata Salt,Groceries,5,28.05,140.25,0,26.04,Cash
ORD03704,8/29/2025,CUST0457,Manish Reddy,Female,52,Chennai,PROD014,Kellogg's Corn Flakes,Groceries,8,218.07,1744.56,0.15,250.91,Debit Card
ORD03705,2/5/2025,CUST0301,Neha Khan,Female,25,Hyderabad,PROD009,Aashirvaad Atta,Groceries,6,256.73,1540.38,0.1,289.67,Credit Card
ORD03706,10/25/2025,CUST0285,Isha Khan,Male,44,Chennai,PROD001,Parle-G Biscuits,Snacks,2,32.63,65.26,0,13.23,Credit Card
ORD03707,8/21/2025,CUST0426,Neha Singh,Female,33,Delhi,PROD001,Parle-G Biscuits,Snacks,6,32.83,196.98,0.1,19.67,Debit Card
ORD03708,1/14/2025,CUST0680,Aditya Patel,Male,49,Lucknow,PROD003,Amul Milk,Dairy,4,59.26,237.04,0,39.75,UPI
ORD03709,8/5/2025,CUST0157,Riya Joshi,Male,23,Hyderabad,PROD009,Aashirvaad Atta,Groceries,5,267.04,1335.2,0.1,219.53,Debit Card
ORD03710,7/25/2025,CUST0417,Meera Khan,Male,19,Pune,PROD004,Lay's Chips,Snacks,2,38.4,76.8,0.1,12.04,Credit Card
ORD03711,8/27/2025,CUST0723,Rohan Patel,Male,46,Ahmedabad,PROD005,Coca Cola,Beverages,4,48.61,194.44,0,47.49,UPI
ORD03712,6/11/2025,CUST0674,Neha Verma,Male,55,Kolkata,PROD014,Kellogg's Corn Flakes,Groceries,6,218.82,1312.92,0.15,95.02,Credit Card
ORD03713,6/3/2025,CUST0105,Manish Nair,Male,50,Ahmedabad,PROD013,Britannia Bread,Dairy,1,43.64,43.64,0,6.83,Credit Card
ORD03714,11/30/2025,CUST0255,Isha Verma,Female,47,Chennai,PROD002,Tata Salt,Groceries,4,30.12,120.48,0,26.2,Cash
ORD03715,8/22/2025,CUST0070,Amit Reddy,Male,41,Hyderabad,PROD018,Nescafe Coffee,Beverages,7,198.62,1390.34,0,178.42,Debit Card
ORD03716,2/9/2025,CUST0429,Karan Gupta,Male,49,Jaipur,PROD007,Surf Excel,Home & Cleaning,2,192.59,385.18,0,39.33,Credit Card
ORD03717,9/7/2025,CUST0557,Anjali Patel,Female,45,Chennai,PROD001,Parle-G Biscuits,Snacks,8,30.95,247.6,0,43.28,Net Banking
ORD03718,6/2/2025,CUST0777,Amit Kapoor,Male,36,Mumbai,PROD002,Tata Salt,Groceries,7,28.35,198.45,0.05,37.42,Debit Card
ORD03719,8/10/2025,CUST0638,Arjun Kapoor,Female,52,Mumbai,PROD017,Good Day Cookies,Snacks,6,51.35,308.1,0.1,33.1,Debit Card
ORD03720,10/10/2025,CUST0726,Neha Patel,Male,61,Hyderabad,PROD010,Maggi Noodles,Groceries,2,15.43,30.86,0,3.34,Net Banking
ORD03721,9/25/2025,CUST0181,Vikram Mehta,Male,52,Bengaluru,PROD011,Colgate Toothpaste,Personal Care,3,91.33,273.99,0,64.53,Net Banking
ORD03722,11/11/2025,CUST0391,Priya Verma,Male,33,Chennai,PROD014,Kellogg's Corn Flakes,Groceries,1,228.21,228.21,0.05,48.09,Debit Card
ORD03723,12/21/2025,CUST0400,Anjali Reddy,Female,23,Chennai,PROD019,Vim Dishwash,Home & Cleaning,5,87.87,439.35,0.15,86.41,Net Banking
ORD03724,12/9/2025,CUST0294,Sahil Nair,Female,22,Delhi,PROD015,Harpic Cleaner,Home & Cleaning,1,124.91,124.91,0,15.14,Credit Card
ORD03725,3/23/2025,CUST0860,Riya Kapoor,Male,26,Lucknow,PROD006,Tata Tea,Beverages,8,115.64,925.12,0,106.97,UPI
ORD03726,8/15/2025,CUST0213,Priya Khan,Female,63,Kolkata,PROD014,Kellogg's Corn Flakes,Groceries,7,215.97,1511.79,0.05,145.85,Cash
ORD03727,6/23/2025,CUST0559,Sneha Gupta,Female,35,Mumbai,PROD013,Britannia Bread,Dairy,3,45.64,136.92,0.15,23.21,Credit Card
ORD03728,3/18/2025,CUST0483,Anjali Verma,Female,38,Bengaluru,PROD005,Coca Cola,Beverages,8,47.74,381.92,0,77.45,UPI
ORD03729,2/10/2025,CUST0518,Arjun Sharma,Male,58,Kolkata,PROD016,Thums Up,Beverages,8,41.37,330.96,0.05,48.54,UPI
ORD03730,6/27/2025,CUST0417,Meera Khan,Male,19,Pune,PROD006,Tata Tea,Beverages,4,128.83,515.32,0.05,92.24,Debit Card
ORD03731,11/29/2025,CUST0492,Sneha Nair,Male,51,Ahmedabad,PROD008,Dove Soap,Personal Care,6,59.6,357.6,0,40.33,Credit Card
ORD03732,6/19/2025,CUST0880,Neha Singh,Male,24,Ahmedabad,PROD015,Harpic Cleaner,Home & Cleaning,8,130.83,1046.64,0,93.68,Credit Card
ORD03733,3/6/2025,CUST0348,Sneha Shah,Male,37,Ahmedabad,PROD017,Good Day Cookies,Snacks,6,52.79,316.74,0.1,33.39,Cash
ORD03734,1/12/2025,CUST0226,Amit Iyer,Female,57,Bengaluru,PROD005,Coca Cola,Beverages,3,46.47,139.41,0.1,29.72,Debit Card
ORD03735,6/22/2025,CUST0727,Meera Sharma,Male,38,Delhi,PROD006,Tata Tea,Beverages,5,114.75,573.75,0,78.19,Debit Card
ORD03736,8/23/2025,CUST0931,Karan Singh,Female,26,Delhi,PROD014,Kellogg's Corn Flakes,Groceries,4,230.4,921.6,0.1,192.18,UPI
ORD03737,2/5/2025,CUST0301,Neha Khan,Female,25,Hyderabad,PROD004,Lay's Chips,Snacks,2,35.43,70.86,0.15,10.32,Debit Card
ORD03738,11/27/2025,CUST0808,Neha Kapoor,Female,52,Chennai,PROD019,Vim Dishwash,Home & Cleaning,7,94.11,658.77,0.05,92.59,Cash
ORD03739,1/6/2025,CUST0239,Rohan Nair,Male,58,Mumbai,PROD017,Good Day Cookies,Snacks,7,53.81,376.67,0.05,51.75,Debit Card
ORD03740,4/27/2025,CUST0988,Isha Patel,Female,60,Pune,PROD009,Aashirvaad Atta,Groceries,5,265.48,1327.4,0.1,197.01,Credit Card
ORD03741,11/5/2025,CUST0192,Simran Mehta,Female,38,Pune,PROD006,Tata Tea,Beverages,2,131.37,262.74,0,33.68,Debit Card
ORD03742,12/4/2025,CUST0361,Rahul Reddy,Male,19,Hyderabad,PROD018,Nescafe Coffee,Beverages,8,206.66,1653.28,0.1,126.37,Cash
ORD03743,10/26/2025,CUST0913,Meera Nair,Female,50,Jaipur,PROD006,Tata Tea,Beverages,4,126.19,504.76,0.05,114.99,Net Banking
ORD03744,1/13/2025,CUST0694,Arjun Verma,Female,26,Hyderabad,PROD009,Aashirvaad Atta,Groceries,3,253.32,759.96,0,123.87,Net Banking
ORD03745,1/25/2025,CUST0609,Simran Joshi,Male,46,Ahmedabad,PROD011,Colgate Toothpaste,Personal Care,4,91.09,364.36,0,87.62,Credit Card
ORD03746,9/16/2025,CUST0881,Vikram Iyer,Male,34,Jaipur,PROD008,Dove Soap,Personal Care,1,57.97,57.97,0,11.75,Cash
ORD03747,10/9/2025,CUST0094,Kavya Khan,Female,45,Lucknow,PROD013,Britannia Bread,Dairy,3,46.42,139.26,0,19.57,Net Banking
ORD03748,7/7/2025,CUST0055,Anjali Mehta,Female,48,Bengaluru,PROD011,Colgate Toothpaste,Personal Care,2,90.79,181.58,0,43.75,Credit Card
ORD03749,8/23/2025,CUST0212,Sneha Iyer,Female,32,Kolkata,PROD015,Harpic Cleaner,Home & Cleaning,5,134.46,672.3,0,91.05,UPI
ORD03750,6/13/2025,CUST0133,Vikram Joshi,Female,39,Kolkata,PROD015,Harpic Cleaner,Home & Cleaning,8,121.86,974.88,0.1,80.76,Cash
ORD03751,10/25/2025,CUST0375,Manish Das,Female,58,Delhi,PROD020,Head & Shoulders,Personal Care,7,272.74,1909.18,0.05,287.76,Debit Card
ORD03752,7/8/2025,CUST0362,Vikram Malhotra,Male,53,Lucknow,PROD016,Thums Up,Beverages,6,41.41,248.46,0.15,37.36,UPI
ORD03753,7/18/2025,CUST0913,Meera Nair,Female,50,Jaipur,PROD011,Colgate Toothpaste,Personal Care,6,103.03,618.18,0,121.79,Credit Card
ORD03754,5/27/2025,CUST0577,Amit Khan,Male,56,Lucknow,PROD003,Amul Milk,Dairy,8,58.03,464.24,0.15,56.02,UPI
ORD03755,12/6/2025,CUST0573,Aditya Khan,Female,24,Pune,PROD008,Dove Soap,Personal Care,6,60.02,360.12,0.05,34.99,Debit Card
ORD03756,9/14/2025,CUST0147,Kavya Khan,Female,63,Delhi,PROD002,Tata Salt,Groceries,8,30.36,242.88,0.15,39.16,Credit Card
ORD03757,11/9/2025,CUST0794,Arjun Iyer,Male,27,Pune,PROD003,Amul Milk,Dairy,7,62.85,439.95,0,100.54,Credit Card
ORD03758,1/31/2025,CUST0095,Nikhil Patel,Female,54,Bengaluru,PROD010,Maggi Noodles,Groceries,6,15.36,92.16,0.05,11.76,Credit Card
ORD03759,8/26/2025,CUST0042,Sneha Patel,Female,19,Lucknow,PROD005,Coca Cola,Beverages,8,47.01,376.08,0.15,73.49,Credit Card
ORD03760,7/5/2025,CUST0027,Meera Patel,Female,42,Lucknow,PROD017,Good Day Cookies,Snacks,3,49.75,149.25,0,16.72,Credit Card
ORD03761,5/27/2025,CUST0177,Anjali Shah,Male,28,Mumbai,PROD003,Amul Milk,Dairy,3,63.64,190.92,0.05,41.58,UPI
ORD03762,11/26/2025,CUST0755,Priya Patel,Male,32,Lucknow,PROD006,Tata Tea,Beverages,4,131.98,527.92,0.1,56.87,UPI
ORD03763,1/20/2025,CUST0590,Anjali Mehta,Female,36,Ahmedabad,PROD009,Aashirvaad Atta,Groceries,2,244.1,488.2,0,107.34,Debit Card
ORD03764,2/1/2025,CUST0736,Karan Patel,Male,47,Mumbai,PROD006,Tata Tea,Beverages,6,122.61,735.66,0.05,125.18,UPI
ORD03765,6/16/2025,CUST0290,Sahil Gupta,Female,53,Lucknow,PROD016,Thums Up,Beverages,5,38.53,192.65,0,45.03,Debit Card
ORD03766,2/28/2025,CUST0417,Meera Khan,Male,19,Pune,PROD001,Parle-G Biscuits,Snacks,2,30.99,61.98,0.15,4.99,Credit Card
ORD03767,8/31/2025,CUST0820,Anjali Patel,Female,63,Jaipur,PROD010,Maggi Noodles,Groceries,4,14.84,59.36,0.15,10.13,UPI
ORD03768,8/1/2025,CUST0207,Meera Shah,Male,22,Hyderabad,PROD007,Surf Excel,Home & Cleaning,7,189.68,1327.76,0.1,182.45,UPI
ORD03769,3/1/2025,CUST0191,Kavya Nair,Female,23,Ahmedabad,PROD016,Thums Up,Beverages,4,39.74,158.96,0,15.85,Credit Card
ORD03770,4/25/2025,CUST0027,Meera Patel,Female,42,Lucknow,PROD006,Tata Tea,Beverages,2,129.89,259.78,0,42.97,UPI
ORD03771,11/5/2025,CUST0095,Nikhil Patel,Female,54,Bengaluru,PROD010,Maggi Noodles,Groceries,5,15.51,77.55,0,14.35,UPI
ORD03772,7/4/2025,CUST0570,Sahil Nair,Female,23,Lucknow,PROD018,Nescafe Coffee,Beverages,2,196.98,393.96,0.1,46.57,Credit Card
ORD03773,3/20/2025,CUST0193,Anjali Khan,Female,62,Ahmedabad,PROD004,Lay's Chips,Snacks,2,36.8,73.6,0.15,5.39,UPI
ORD03774,12/23/2025,CUST0687,Amit Nair,Male,35,Pune,PROD007,Surf Excel,Home & Cleaning,4,179.67,718.68,0.15,124.37,Credit Card
ORD03775,11/17/2025,CUST0097,Isha Nair,Male,41,Kolkata,PROD015,Harpic Cleaner,Home & Cleaning,3,123.13,369.39,0.1,76.39,Cash
ORD03776,2/13/2025,CUST0501,Sahil Patel,Male,45,Chennai,PROD002,Tata Salt,Groceries,5,30.69,153.45,0,36.05,UPI
ORD03777,9/3/2025,CUST0879,Rohan Mehta,Male,50,Lucknow,PROD007,Surf Excel,Home & Cleaning,2,187.7,375.4,0.15,68.55,Debit Card
ORD03778,1/12/2025,CUST0037,Amit Das,Female,22,Jaipur,PROD011,Colgate Toothpaste,Personal Care,1,91.85,91.85,0,19.55,Credit Card
ORD03779,9/23/2025,CUST0279,Vikram Mehta,Female,32,Kolkata,PROD009,Aashirvaad Atta,Groceries,6,253.62,1521.72,0.1,127.4,Cash
ORD03780,12/27/2025,CUST0789,Vikram Verma,Female,23,Ahmedabad,PROD013,Britannia Bread,Dairy,6,43.14,258.84,0.1,36.61,Credit Card
ORD03781,4/17/2025,CUST0367,Sahil Gupta,Male,36,Kolkata,PROD015,Harpic Cleaner,Home & Cleaning,3,122.99,368.97,0.1,69.24,UPI
ORD03782,2/17/2025,CUST0404,Rohan Gupta,Female,19,Chennai,PROD001,Parle-G Biscuits,Snacks,4,31.48,125.92,0.15,21.81,UPI
ORD03783,4/16/2025,CUST0324,Manish Sharma,Male,41,Hyderabad,PROD015,Harpic Cleaner,Home & Cleaning,1,136.64,136.64,0.15,21.38,UPI
ORD03784,5/24/2025,CUST0435,Arjun Das,Female,43,Chennai,PROD013,Britannia Bread,Dairy,8,42.9,343.2,0.05,59,Cash
ORD03785,3/12/2025,CUST0936,Karan Das,Male,40,Jaipur,PROD020,Head & Shoulders,Personal Care,7,262.49,1837.43,0.15,190.14,Credit Card
ORD03786,6/12/2025,CUST0224,Simran Khan,Female,27,Bengaluru,PROD015,Harpic Cleaner,Home & Cleaning,1,119.3,119.3,0,24.6,Net Banking
ORD03787,1/25/2025,CUST0839,Riya Patel,Female,35,Chennai,PROD001,Parle-G Biscuits,Snacks,1,31.11,31.11,0,3.94,Net Banking
ORD03788,1/16/2025,CUST0431,Amit Mehta,Female,33,Bengaluru,PROD007,Surf Excel,Home & Cleaning,4,175.93,703.72,0.05,77.97,Cash
ORD03789,10/10/2025,CUST0346,Priya Mehta,Female,61,Bengaluru,PROD018,Nescafe Coffee,Beverages,8,188.85,1510.8,0.15,254.13,Credit Card
ORD03790,10/23/2025,CUST0639,Manish Shah,Male,45,Pune,PROD006,Tata Tea,Beverages,4,122.43,489.72,0.15,85.12,Cash
ORD03791,10/9/2025,CUST0191,Kavya Nair,Female,23,Ahmedabad,PROD005,Coca Cola,Beverages,6,48.92,293.52,0,57.71,Debit Card
ORD03792,2/28/2025,CUST0761,Karan Singh,Female,26,Delhi,PROD009,Aashirvaad Atta,Groceries,6,249.36,1496.16,0,173.51,Net Banking
ORD03793,3/26/2025,CUST0978,Meera Patel,Female,46,Kolkata,PROD014,Kellogg's Corn Flakes,Groceries,1,229.86,229.86,0.05,36.75,Credit Card
ORD03794,10/16/2025,CUST0439,Neha Verma,Male,43,Chennai,PROD016,Thums Up,Beverages,4,41.29,165.16,0.1,16.83,Credit Card
ORD03795,8/13/2025,CUST0149,Riya Joshi,Female,64,Lucknow,PROD008,Dove Soap,Personal Care,1,52.52,52.52,0,7.87,Debit Card
ORD03796,9/3/2025,CUST0532,Vikram Mehta,Male,53,Chennai,PROD010,Maggi Noodles,Groceries,7,15.2,106.4,0.05,16.97,Debit Card
ORD03797,7/24/2025,CUST0101,Isha Verma,Male,44,Kolkata,PROD013,Britannia Bread,Dairy,4,46.06,184.24,0,18.82,Credit Card
ORD03798,9/4/2025,CUST0109,Priya Gupta,Female,57,Pune,PROD015,Harpic Cleaner,Home & Cleaning,6,125.22,751.32,0,133.56,Cash
ORD03799,2/22/2025,CUST0039,Arjun Shah,Female,31,Jaipur,PROD004,Lay's Chips,Snacks,5,35.13,175.65,0.05,13.49,UPI
ORD03800,10/6/2025,CUST0768,Neha Reddy,Female,27,Chennai,PROD009,Aashirvaad Atta,Groceries,5,267.47,1337.35,0.05,196.54,UPI
ORD03801,10/3/2025,CUST0724,Karan Mehta,Male,52,Chennai,PROD010,Maggi Noodles,Groceries,4,15.83,63.32,0,5.85,Cash
ORD03802,7/12/2025,CUST0122,Amit Mehta,Female,39,Jaipur,PROD004,Lay's Chips,Snacks,5,35.28,176.4,0,39.89,UPI
ORD03803,6/24/2025,CUST0092,Karan Sharma,Male,34,Delhi,PROD017,Good Day Cookies,Snacks,3,50.5,151.5,0,32.28,Debit Card
ORD03804,7/23/2025,CUST0727,Meera Sharma,Male,38,Delhi,PROD009,Aashirvaad Atta,Groceries,7,273.93,1917.51,0.05,200.06,Net Banking
ORD03805,4/29/2025,CUST0994,Anjali Sharma,Female,33,Bengaluru,PROD008,Dove Soap,Personal Care,7,56.43,395.01,0.05,89.02,Cash
ORD03806,12/13/2025,CUST0463,Rohan Singh,Male,36,Pune,PROD003,Amul Milk,Dairy,5,64.26,321.3,0,41.55,Debit Card
ORD03807,7/30/2025,CUST0648,Rohan Das,Male,33,Delhi,PROD011,Colgate Toothpaste,Personal Care,5,104.38,521.9,0.15,62.2,Cash
ORD03808,7/31/2025,CUST0030,Neha Singh,Female,28,Ahmedabad,PROD001,Parle-G Biscuits,Snacks,4,32.97,131.88,0,12.63,Credit Card
ORD03809,10/28/2025,CUST0156,Riya Shah,Male,62,Ahmedabad,PROD016,Thums Up,Beverages,3,43.74,131.22,0.15,16.06,Cash
ORD03810,4/17/2025,CUST0929,Meera Iyer,Female,50,Kolkata,PROD009,Aashirvaad Atta,Groceries,3,263.39,790.17,0.1,146.81,Cash
ORD03811,6/16/2025,CUST0817,Kavya Iyer,Male,30,Ahmedabad,PROD017,Good Day Cookies,Snacks,4,51.51,206.04,0,49.49,Cash
ORD03812,7/28/2025,CUST0022,Aditya Reddy,Female,27,Hyderabad,PROD019,Vim Dishwash,Home & Cleaning,4,88.99,355.96,0.15,53.71,Debit Card
ORD03813,5/13/2025,CUST0034,Anjali Shah,Male,56,Chennai,PROD018,Nescafe Coffee,Beverages,2,182.48,364.96,0.1,71.15,UPI
ORD03814,8/31/2025,CUST0247,Isha Khan,Male,43,Mumbai,PROD009,Aashirvaad Atta,Groceries,5,258.57,1292.85,0,294.99,Cash
ORD03815,6/19/2025,CUST0035,Riya Sharma,Male,41,Hyderabad,PROD001,Parle-G Biscuits,Snacks,7,29.28,204.96,0.1,43.86,Net Banking
ORD03816,5/11/2025,CUST0344,Meera Verma,Female,27,Delhi,PROD004,Lay's Chips,Snacks,5,37.51,187.55,0.15,38.63,Debit Card
ORD03817,2/13/2025,CUST0628,Kavya Verma,Female,58,Jaipur,PROD013,Britannia Bread,Dairy,7,46.64,326.48,0.05,32.1,Cash
ORD03818,1/4/2025,CUST0863,Vikram Das,Female,18,Chennai,PROD012,Dettol Handwash,Personal Care,7,106.65,746.55,0.05,77.06,UPI
ORD03819,6/6/2025,CUST0115,Isha Iyer,Female,46,Lucknow,PROD014,Kellogg's Corn Flakes,Groceries,2,219.92,439.84,0.1,45.44,Cash
ORD03820,3/2/2025,CUST0594,Rahul Das,Female,63,Bengaluru,PROD010,Maggi Noodles,Groceries,6,15.57,93.42,0,12.45,Cash
ORD03821,9/21/2025,CUST0729,Nikhil Sharma,Female,34,Delhi,PROD007,Surf Excel,Home & Cleaning,4,193.23,772.92,0.1,88.58,Net Banking
ORD03822,10/12/2025,CUST0499,Priya Shah,Female,61,Hyderabad,PROD003,Amul Milk,Dairy,1,57.48,57.48,0.1,4.25,UPI
ORD03823,2/8/2025,CUST0129,Manish Reddy,Male,57,Jaipur,PROD020,Head & Shoulders,Personal Care,5,271.81,1359.05,0.05,201.72,Credit Card
ORD03824,5/28/2025,CUST0042,Sneha Patel,Female,19,Lucknow,PROD009,Aashirvaad Atta,Groceries,5,258.48,1292.4,0,256.94,Credit Card
ORD03825,10/5/2025,CUST0641,Simran Malhotra,Male,46,Pune,PROD008,Dove Soap,Personal Care,6,58.14,348.84,0,74.59,Credit Card
ORD03826,7/3/2025,CUST0656,Vikram Joshi,Female,38,Hyderabad,PROD007,Surf Excel,Home & Cleaning,8,175.56,1404.48,0.15,259.83,Cash
ORD03827,8/1/2025,CUST0675,Simran Mehta,Female,26,Bengaluru,PROD016,Thums Up,Beverages,2,41.96,83.92,0,19.81,Debit Card
ORD03828,2/12/2025,CUST0388,Meera Mehta,Female,58,Mumbai,PROD009,Aashirvaad Atta,Groceries,8,273.15,2185.2,0.1,189.38,Debit Card
ORD03829,8/28/2025,CUST0531,Neha Das,Female,33,Lucknow,PROD018,Nescafe Coffee,Beverages,3,205.68,617.04,0,137.04,UPI
ORD03830,10/23/2025,CUST0692,Neha Sharma,Male,62,Mumbai,PROD017,Good Day Cookies,Snacks,5,48.05,240.25,0,39.14,UPI
ORD03831,7/15/2025,CUST0119,Amit Das,Female,33,Hyderabad,PROD014,Kellogg's Corn Flakes,Groceries,2,201.9,403.8,0.1,45,UPI
ORD03832,6/5/2025,CUST0992,Riya Joshi,Female,57,Hyderabad,PROD004,Lay's Chips,Snacks,4,33.57,134.28,0.15,18.01,Credit Card
ORD03833,11/30/2025,CUST0750,Sneha Singh,Male,32,Lucknow,PROD010,Maggi Noodles,Groceries,8,14.73,117.84,0.15,23.63,Debit Card
ORD03834,10/14/2025,CUST0994,Anjali Sharma,Female,33,Bengaluru,PROD006,Tata Tea,Beverages,4,122.95,491.8,0.1,108.43,Cash
ORD03835,11/20/2025,CUST0470,Rahul Shah,Male,44,Ahmedabad,PROD001,Parle-G Biscuits,Snacks,1,30.61,30.61,0.15,6.01,Credit Card
ORD03836,11/29/2025,CUST0349,Vikram Khan,Female,47,Hyderabad,PROD008,Dove Soap,Personal Care,3,55.01,165.03,0,17.6,Net Banking
ORD03837,10/27/2025,CUST0849,Arjun Das,Male,61,Chennai,PROD001,Parle-G Biscuits,Snacks,3,31.9,95.7,0.1,13.96,UPI
ORD03838,8/9/2025,CUST0630,Rohan Verma,Female,46,Lucknow,PROD014,Kellogg's Corn Flakes,Groceries,7,212.48,1487.36,0,156.51,Debit Card
ORD03839,7/29/2025,CUST0933,Karan Das,Male,30,Bengaluru,PROD007,Surf Excel,Home & Cleaning,4,193.38,773.52,0.05,116.17,Debit Card
ORD03840,4/7/2025,CUST0413,Sneha Khan,Female,23,Hyderabad,PROD017,Good Day Cookies,Snacks,3,54.81,164.43,0,36.33,Cash
ORD03841,2/1/2025,CUST0010,Simran Iyer,Female,20,Ahmedabad,PROD019,Vim Dishwash,Home & Cleaning,1,91.53,91.53,0,14.91,Net Banking
ORD03842,10/24/2025,CUST0647,Rohan Kapoor,Female,21,Hyderabad,PROD017,Good Day Cookies,Snacks,7,54.39,380.73,0.1,71.19,Credit Card
ORD03843,9/21/2025,CUST0169,Priya Singh,Female,25,Pune,PROD002,Tata Salt,Groceries,8,29.96,239.68,0,42.43,Credit Card
ORD03844,6/5/2025,CUST0280,Karan Malhotra,Female,43,Kolkata,PROD017,Good Day Cookies,Snacks,5,51.95,259.75,0.1,38.24,Net Banking
ORD03845,9/1/2025,CUST0451,Anjali Shah,Female,27,Bengaluru,PROD014,Kellogg's Corn Flakes,Groceries,3,218.89,656.67,0.05,56.19,Debit Card
ORD03846,8/30/2025,CUST0690,Sneha Sharma,Male,23,Kolkata,PROD009,Aashirvaad Atta,Groceries,6,252.31,1513.86,0.1,139.86,Cash
ORD03847,2/22/2025,CUST0370,Amit Shah,Male,42,Ahmedabad,PROD009,Aashirvaad Atta,Groceries,2,266.5,533,0.15,48.58,Cash
ORD03848,1/21/2025,CUST0601,Simran Verma,Male,54,Kolkata,PROD009,Aashirvaad Atta,Groceries,8,255.37,2042.96,0.05,156.42,Credit Card
ORD03849,4/2/2025,CUST0315,Nikhil Nair,Male,51,Jaipur,PROD011,Colgate Toothpaste,Personal Care,3,101.01,303.03,0,33.82,Cash
ORD03850,5/11/2025,CUST0627,Kavya Iyer,Male,54,Kolkata,PROD008,Dove Soap,Personal Care,1,54.04,54.04,0.1,9.38,Debit Card
ORD03851,1/17/2025,CUST0176,Arjun Nair,Male,28,Bengaluru,PROD012,Dettol Handwash,Personal Care,8,108.17,865.36,0,159.23,Cash
ORD03852,8/10/2025,CUST0772,Simran Singh,Male,64,Mumbai,PROD009,Aashirvaad Atta,Groceries,1,264.97,264.97,0,36.29,Net Banking
ORD03853,7/8/2025,CUST0352,Simran Shah,Male,63,Jaipur,PROD005,Coca Cola,Beverages,3,44.58,133.74,0.1,24.87,UPI
ORD03854,1/13/2025,CUST0129,Manish Reddy,Male,57,Jaipur,PROD011,Colgate Toothpaste,Personal Care,4,97.12,388.48,0.15,59.74,UPI
ORD03855,4/17/2025,CUST0738,Riya Sharma,Female,61,Kolkata,PROD012,Dettol Handwash,Personal Care,4,111.09,444.36,0.1,72.82,Credit Card
ORD03856,9/30/2025,CUST0140,Simran Verma,Male,28,Hyderabad,PROD016,Thums Up,Beverages,7,39.38,275.66,0.05,26.72,Debit Card
ORD03857,3/13/2025,CUST0714,Pooja Patel,Male,51,Bengaluru,PROD013,Britannia Bread,Dairy,3,47.97,143.91,0.15,14.59,Credit Card
ORD03858,1/19/2025,CUST0510,Arjun Gupta,Male,20,Kolkata,PROD006,Tata Tea,Beverages,3,120.07,360.21,0.15,35.32,Credit Card
ORD03859,12/21/2025,CUST0830,Sneha Nair,Male,61,Bengaluru,PROD008,Dove Soap,Personal Care,8,59.05,472.4,0,38.35,Net Banking
ORD03860,8/17/2025,CUST0320,Sahil Joshi,Female,58,Chennai,PROD005,Coca Cola,Beverages,4,44.44,177.76,0,20.4,UPI
ORD03861,11/20/2025,CUST0274,Riya Das,Female,22,Pune,PROD007,Surf Excel,Home & Cleaning,4,177.3,709.2,0,139.06,Net Banking
ORD03862,2/12/2025,CUST0909,Amit Joshi,Female,54,Ahmedabad,PROD017,Good Day Cookies,Snacks,4,51.5,206,0.05,28.92,Credit Card
ORD03863,10/31/2025,CUST0369,Kavya Verma,Male,51,Chennai,PROD016,Thums Up,Beverages,1,39.62,39.62,0,6.13,Net Banking
ORD03864,7/17/2025,CUST0821,Aditya Verma,Male,29,Bengaluru,PROD012,Dettol Handwash,Personal Care,2,112.38,224.76,0.1,35.83,Net Banking
ORD03865,12/20/2025,CUST0017,Meera Nair,Male,52,Bengaluru,PROD013,Britannia Bread,Dairy,5,45.24,226.2,0.05,28.41,Credit Card
ORD03866,8/26/2025,CUST0099,Neha Das,Female,50,Hyderabad,PROD012,Dettol Handwash,Personal Care,8,115.48,923.84,0.15,168.49,Net Banking
ORD03867,3/16/2025,CUST0685,Priya Reddy,Male,43,Jaipur,PROD006,Tata Tea,Beverages,7,119.21,834.47,0.05,91.22,Cash
ORD03868,5/15/2025,CUST0203,Amit Gupta,Male,47,Pune,PROD020,Head & Shoulders,Personal Care,7,267.37,1871.59,0.05,328.66,Credit Card
ORD03869,11/5/2025,CUST0539,Vikram Khan,Male,42,Lucknow,PROD018,Nescafe Coffee,Beverages,4,198.62,794.48,0.15,58.39,Cash
ORD03870,12/13/2025,CUST0629,Anjali Shah,Male,49,Hyderabad,PROD020,Head & Shoulders,Personal Care,8,282.63,2261.04,0.15,435.55,Credit Card
ORD03871,7/11/2025,CUST0083,Sneha Nair,Male,40,Jaipur,PROD012,Dettol Handwash,Personal Care,1,108.43,108.43,0,19.62,Net Banking
ORD03872,1/16/2025,CUST0845,Sahil Das,Male,39,Bengaluru,PROD014,Kellogg's Corn Flakes,Groceries,6,224.63,1347.78,0,263.84,Credit Card
ORD03873,12/10/2025,CUST0340,Rahul Khan,Female,29,Bengaluru,PROD001,Parle-G Biscuits,Snacks,7,30.46,213.22,0.15,26.97,UPI
ORD03874,2/17/2025,CUST0413,Sneha Khan,Female,23,Hyderabad,PROD015,Harpic Cleaner,Home & Cleaning,4,137.32,549.28,0.1,74.64,Debit Card
ORD03875,11/12/2025,CUST0849,Arjun Das,Male,61,Chennai,PROD019,Vim Dishwash,Home & Cleaning,7,88.83,621.81,0.15,94.72,UPI
ORD03876,8/29/2025,CUST0912,Kavya Sharma,Male,23,Lucknow,PROD001,Parle-G Biscuits,Snacks,4,30.87,123.48,0,16.39,Cash
ORD03877,5/4/2025,CUST0173,Meera Gupta,Female,46,Ahmedabad,PROD005,Coca Cola,Beverages,2,44.95,89.9,0.15,15.98,Cash
ORD03878,6/22/2025,CUST0303,Aditya Iyer,Male,18,Bengaluru,PROD007,Surf Excel,Home & Cleaning,7,177.15,1240.05,0.15,130.41,Net Banking
ORD03879,5/27/2025,CUST0296,Manish Khan,Male,41,Hyderabad,PROD001,Parle-G Biscuits,Snacks,4,31,124,0.05,15.84,Cash
ORD03880,9/9/2025,CUST0371,Priya Nair,Female,41,Hyderabad,PROD014,Kellogg's Corn Flakes,Groceries,6,205.75,1234.5,0.1,99.88,Credit Card
ORD03881,3/16/2025,CUST0033,Nikhil Iyer,Male,27,Chennai,PROD002,Tata Salt,Groceries,3,29.7,89.1,0,7.37,Cash
ORD03882,3/27/2025,CUST0963,Aditya Reddy,Male,42,Hyderabad,PROD007,Surf Excel,Home & Cleaning,7,189.13,1323.91,0,259.61,Debit Card
ORD03883,4/15/2025,CUST0754,Riya Shah,Female,29,Ahmedabad,PROD013,Britannia Bread,Dairy,8,44.13,353.04,0,38.45,Debit Card
ORD03884,2/3/2025,CUST0941,Arjun Verma,Male,62,Hyderabad,PROD017,Good Day Cookies,Snacks,8,49.51,396.08,0,71.98,Cash
ORD03885,11/5/2025,CUST0684,Sahil Patel,Male,34,Bengaluru,PROD013,Britannia Bread,Dairy,1,48.13,48.13,0.15,4.13,UPI
ORD03886,4/17/2025,CUST0310,Kavya Singh,Male,43,Mumbai,PROD018,Nescafe Coffee,Beverages,7,191.8,1342.6,0,278.09,Credit Card
ORD03887,10/13/2025,CUST0424,Simran Mehta,Male,41,Jaipur,PROD010,Maggi Noodles,Groceries,5,16.33,81.65,0.1,15.54,Net Banking
ORD03888,5/24/2025,CUST0644,Priya Iyer,Female,52,Hyderabad,PROD007,Surf Excel,Home & Cleaning,8,184.88,1479.04,0.15,178.17,UPI
ORD03889,11/3/2025,CUST0496,Neha Nair,Male,63,Lucknow,PROD014,Kellogg's Corn Flakes,Groceries,1,224.29,224.29,0.15,37,Credit Card
ORD03890,10/14/2025,CUST0508,Manish Nair,Female,52,Kolkata,PROD004,Lay's Chips,Snacks,7,34.79,243.53,0.05,43.62,UPI
ORD03891,8/3/2025,CUST0015,Manish Nair,Female,28,Chennai,PROD010,Maggi Noodles,Groceries,6,15.94,95.64,0,19.29,Cash
ORD03892,12/19/2025,CUST0985,Vikram Mehta,Male,28,Delhi,PROD019,Vim Dishwash,Home & Cleaning,5,88.94,444.7,0.1,85.96,Credit Card
ORD03893,10/21/2025,CUST0553,Aditya Patel,Female,43,Ahmedabad,PROD015,Harpic Cleaner,Home & Cleaning,1,132.7,132.7,0.05,12.89,UPI
ORD03894,8/15/2025,CUST0676,Arjun Nair,Male,33,Jaipur,PROD011,Colgate Toothpaste,Personal Care,7,96.47,675.29,0,117.52,Net Banking
ORD03895,10/4/2025,CUST0819,Nikhil Malhotra,Female,21,Jaipur,PROD010,Maggi Noodles,Groceries,8,15.25,122,0.15,17.62,Net Banking
ORD03896,11/7/2025,CUST0243,Rohan Kapoor,Female,51,Jaipur,PROD015,Harpic Cleaner,Home & Cleaning,5,123.35,616.75,0.05,82.21,Cash
ORD03897,6/15/2025,CUST0521,Pooja Mehta,Male,52,Ahmedabad,PROD011,Colgate Toothpaste,Personal Care,4,97.42,389.68,0.1,37.46,UPI
ORD03898,12/11/2025,CUST0154,Karan Singh,Female,53,Mumbai,PROD008,Dove Soap,Personal Care,1,56.47,56.47,0.15,9.1,Cash
ORD03899,4/29/2025,CUST0288,Vikram Verma,Female,32,Pune,PROD013,Britannia Bread,Dairy,3,44.54,133.62,0,17.46,Debit Card
ORD03900,4/6/2025,CUST0258,Simran Gupta,Female,46,Bengaluru,PROD017,Good Day Cookies,Snacks,7,51.96,363.72,0,90.73,UPI
ORD03901,2/2/2025,CUST0703,Sneha Khan,Male,44,Chennai,PROD012,Dettol Handwash,Personal Care,7,105.03,735.21,0,121.86,UPI
ORD03902,5/29/2025,CUST0534,Pooja Singh,Female,50,Ahmedabad,PROD018,Nescafe Coffee,Beverages,1,186.47,186.47,0.05,26.81,Cash
ORD03903,7/26/2025,CUST0438,Nikhil Joshi,Female,57,Lucknow,PROD001,Parle-G Biscuits,Snacks,5,31.14,155.7,0,18.07,Debit Card
ORD03904,2/11/2025,CUST0452,Priya Iyer,Male,30,Mumbai,PROD009,Aashirvaad Atta,Groceries,8,253.64,2029.12,0.15,173.91,Cash
ORD03905,5/2/2025,CUST0084,Kavya Iyer,Male,33,Delhi,PROD006,Tata Tea,Beverages,3,116.08,348.24,0.05,28.96,Net Banking
ORD03906,12/30/2025,CUST0836,Arjun Gupta,Female,37,Jaipur,PROD013,Britannia Bread,Dairy,6,49.36,296.16,0.15,53.89,Net Banking
ORD03907,9/24/2025,CUST0729,Nikhil Sharma,Female,34,Delhi,PROD003,Amul Milk,Dairy,1,57.38,57.38,0.05,5.5,Net Banking
ORD03908,12/5/2025,CUST0227,Riya Reddy,Male,32,Ahmedabad,PROD007,Surf Excel,Home & Cleaning,4,181.07,724.28,0.15,92.79,Cash
ORD03909,1/14/2025,CUST0002,Rohan Das,Male,61,Jaipur,PROD004,Lay's Chips,Snacks,4,35.96,143.84,0.05,28.34,Credit Card
ORD03910,1/16/2025,CUST0601,Simran Verma,Male,54,Kolkata,PROD011,Colgate Toothpaste,Personal Care,8,93,744,0.15,51.83,UPI
ORD03911,2/17/2025,CUST0189,Sahil Sharma,Male,48,Jaipur,PROD010,Maggi Noodles,Groceries,6,16.18,97.08,0,23.66,Debit Card
ORD03912,11/8/2025,CUST0573,Aditya Khan,Female,24,Pune,PROD002,Tata Salt,Groceries,7,29.74,208.18,0,37.81,Net Banking
ORD03913,7/11/2025,CUST0790,Neha Singh,Female,48,Ahmedabad,PROD019,Vim Dishwash,Home & Cleaning,2,88.06,176.12,0.1,29.53,UPI
ORD03914,10/31/2025,CUST0899,Rohan Joshi,Female,25,Kolkata,PROD012,Dettol Handwash,Personal Care,6,106.49,638.94,0,124.09,Credit Card
ORD03915,12/5/2025,CUST0854,Nikhil Patel,Female,51,Hyderabad,PROD019,Vim Dishwash,Home & Cleaning,7,92.69,648.83,0,107.24,Cash
ORD03916,3/17/2025,CUST0079,Isha Sharma,Male,22,Delhi,PROD016,Thums Up,Beverages,1,41.22,41.22,0.05,7.2,Net Banking
ORD03917,7/7/2025,CUST0872,Sahil Shah,Male,25,Chennai,PROD007,Surf Excel,Home & Cleaning,3,191.28,573.84,0.15,114.24,UPI
ORD03918,3/13/2025,CUST0503,Priya Singh,Female,29,Delhi,PROD004,Lay's Chips,Snacks,7,33.69,235.83,0.15,23.53,UPI
ORD03919,1/22/2025,CUST0781,Meera Reddy,Female,63,Mumbai,PROD007,Surf Excel,Home & Cleaning,5,186.57,932.85,0,227.14,Net Banking
ORD03920,12/13/2025,CUST0893,Anjali Patel,Female,43,Ahmedabad,PROD009,Aashirvaad Atta,Groceries,1,262.46,262.46,0,42.32,UPI
ORD03921,3/21/2025,CUST0959,Karan Khan,Female,36,Bengaluru,PROD016,Thums Up,Beverages,8,40.18,321.44,0.15,38.06,Cash
ORD03922,4/3/2025,CUST0262,Rahul Sharma,Female,33,Delhi,PROD018,Nescafe Coffee,Beverages,1,191.58,191.58,0,17.55,Cash
ORD03923,10/31/2025,CUST0808,Neha Kapoor,Female,52,Chennai,PROD005,Coca Cola,Beverages,1,47.14,47.14,0,11.74,Debit Card
ORD03924,3/2/2025,CUST0966,Pooja Reddy,Male,38,Jaipur,PROD003,Amul Milk,Dairy,7,59.86,419.02,0,45.49,Net Banking
ORD03925,3/9/2025,CUST0442,Priya Sharma,Male,63,Chennai,PROD002,Tata Salt,Groceries,2,28.88,57.76,0,11.17,Credit Card
ORD03926,10/26/2025,CUST0896,Priya Malhotra,Male,24,Kolkata,PROD020,Head & Shoulders,Personal Care,4,254.63,1018.52,0,137.68,Net Banking
ORD03927,5/26/2025,CUST0788,Meera Joshi,Male,24,Mumbai,PROD016,Thums Up,Beverages,3,38.36,115.08,0,13.53,Debit Card
ORD03928,11/21/2025,CUST0615,Anjali Nair,Female,43,Mumbai,PROD014,Kellogg's Corn Flakes,Groceries,2,226.14,452.28,0.15,76.76,UPI
ORD03929,3/25/2025,CUST0585,Meera Iyer,Male,47,Pune,PROD013,Britannia Bread,Dairy,1,49.28,49.28,0.05,3.99,UPI
ORD03930,3/4/2025,CUST0067,Pooja Joshi,Female,22,Mumbai,PROD005,Coca Cola,Beverages,1,48.44,48.44,0.1,3.53,Cash
ORD03931,5/10/2025,CUST0805,Manish Reddy,Male,62,Lucknow,PROD009,Aashirvaad Atta,Groceries,2,272.8,545.6,0.15,97.7,Debit Card
ORD03932,9/13/2025,CUST0766,Aditya Malhotra,Male,29,Lucknow,PROD014,Kellogg's Corn Flakes,Groceries,1,227.11,227.11,0,44.88,UPI
ORD03933,5/24/2025,CUST0263,Sahil Gupta,Male,53,Bengaluru,PROD002,Tata Salt,Groceries,4,27.75,111,0.15,12.77,Net Banking
ORD03934,6/20/2025,CUST0897,Sahil Joshi,Female,29,Lucknow,PROD012,Dettol Handwash,Personal Care,1,118.03,118.03,0,21.29,Net Banking
ORD03935,7/23/2025,CUST0036,Sneha Sharma,Male,54,Pune,PROD014,Kellogg's Corn Flakes,Groceries,3,221.31,663.93,0.1,74.45,Cash
ORD03936,6/28/2025,CUST0609,Simran Joshi,Male,46,Ahmedabad,PROD018,Nescafe Coffee,Beverages,4,200,800,0.15,160.12,Net Banking
ORD03937,2/10/2025,CUST0670,Rohan Mehta,Male,59,Delhi,PROD002,Tata Salt,Groceries,8,27.68,221.44,0.15,46.51,Debit Card
ORD03938,11/30/2025,CUST0147,Kavya Khan,Female,63,Delhi,PROD020,Head & Shoulders,Personal Care,1,258.32,258.32,0.05,38.59,Cash
ORD03939,11/18/2025,CUST0930,Kavya Iyer,Male,35,Kolkata,PROD014,Kellogg's Corn Flakes,Groceries,3,209.46,628.38,0,122.32,Net Banking
ORD03940,11/4/2025,CUST0295,Rahul Patel,Male,42,Kolkata,PROD015,Harpic Cleaner,Home & Cleaning,7,132.86,930.02,0.15,74.74,Debit Card
ORD03941,9/26/2025,CUST0200,Pooja Joshi,Female,25,Mumbai,PROD002,Tata Salt,Groceries,2,28.24,56.48,0.05,8.81,Cash
ORD03942,6/13/2025,CUST0127,Arjun Mehta,Female,19,Kolkata,PROD016,Thums Up,Beverages,5,42.03,210.15,0.1,43.75,Net Banking
ORD03943,8/17/2025,CUST0929,Meera Iyer,Female,50,Kolkata,PROD001,Parle-G Biscuits,Snacks,3,32.85,98.55,0.1,9.05,Cash
ORD03944,1/5/2025,CUST0087,Arjun Verma,Male,42,Mumbai,PROD004,Lay's Chips,Snacks,7,35.28,246.96,0.15,31.03,Credit Card
ORD03945,11/1/2025,CUST0316,Vikram Reddy,Female,40,Delhi,PROD020,Head & Shoulders,Personal Care,3,257.53,772.59,0.1,159.19,Cash
ORD03946,9/12/2025,CUST0495,Rohan Verma,Female,51,Ahmedabad,PROD002,Tata Salt,Groceries,2,28.26,56.52,0.1,5.43,Cash
ORD03947,9/12/2025,CUST0842,Aditya Nair,Female,61,Delhi,PROD010,Maggi Noodles,Groceries,1,14.61,14.61,0.05,3.05,Credit Card
ORD03948,4/14/2025,CUST0212,Sneha Iyer,Female,32,Kolkata,PROD003,Amul Milk,Dairy,3,59.9,179.7,0.05,18.86,Debit Card
ORD03949,9/25/2025,CUST0156,Riya Shah,Male,62,Ahmedabad,PROD011,Colgate Toothpaste,Personal Care,7,102.09,714.63,0,120.47,Net Banking
ORD03950,7/5/2025,CUST0317,Sneha Patel,Male,34,Bengaluru,PROD020,Head & Shoulders,Personal Care,7,281.26,1968.82,0.1,195.9,UPI
ORD03951,2/14/2025,CUST0348,Sneha Shah,Male,37,Ahmedabad,PROD005,Coca Cola,Beverages,1,46.98,46.98,0,6.4,Credit Card
ORD03952,11/10/2025,CUST0737,Anjali Reddy,Female,64,Kolkata,PROD004,Lay's Chips,Snacks,5,35.2,176,0.1,13.12,Net Banking
ORD03953,12/31/2025,CUST0236,Sahil Malhotra,Male,56,Ahmedabad,PROD010,Maggi Noodles,Groceries,3,14.79,44.37,0,9.02,UPI
ORD03954,5/13/2025,CUST0007,Rahul Kapoor,Male,62,Kolkata,PROD020,Head & Shoulders,Personal Care,2,281.44,562.88,0.15,60.31,Credit Card
ORD03955,1/16/2025,CUST0743,Arjun Mehta,Male,44,Bengaluru,PROD004,Lay's Chips,Snacks,5,38.02,190.1,0,24.29,Net Banking
ORD03956,11/22/2025,CUST0949,Pooja Joshi,Male,61,Pune,PROD016,Thums Up,Beverages,4,39.59,158.36,0,31,Cash
ORD03957,3/18/2025,CUST0897,Sahil Joshi,Female,29,Lucknow,PROD016,Thums Up,Beverages,3,42.14,126.42,0.05,10.53,UPI
ORD03958,4/22/2025,CUST0951,Kavya Singh,Female,26,Delhi,PROD004,Lay's Chips,Snacks,7,38.14,266.98,0,31.71,Cash
ORD03959,12/15/2025,CUST0638,Arjun Kapoor,Female,52,Mumbai,PROD019,Vim Dishwash,Home & Cleaning,2,92.28,184.56,0,44.89,Net Banking
ORD03960,8/26/2025,CUST0393,Manish Khan,Female,46,Pune,PROD005,Coca Cola,Beverages,5,43.85,219.25,0.1,27.32,Net Banking
ORD03961,8/31/2025,CUST0791,Arjun Patel,Female,29,Chennai,PROD020,Head & Shoulders,Personal Care,7,278.62,1950.34,0.05,262.13,Cash
ORD03962,12/26/2025,CUST0996,Riya Joshi,Female,40,Hyderabad,PROD010,Maggi Noodles,Groceries,6,16.2,97.2,0.1,10.17,Debit Card
ORD03963,3/18/2025,CUST0515,Nikhil Singh,Male,64,Lucknow,PROD017,Good Day Cookies,Snacks,3,48.97,146.91,0.1,29.1,Debit Card
ORD03964,3/1/2025,CUST0319,Anjali Kapoor,Female,47,Lucknow,PROD010,Maggi Noodles,Groceries,3,14.54,43.62,0.05,4.74,UPI
ORD03965,5/8/2025,CUST0921,Kavya Patel,Female,57,Bengaluru,PROD015,Harpic Cleaner,Home & Cleaning,3,129.13,387.39,0.05,32.32,Debit Card
ORD03966,8/30/2025,CUST0345,Anjali Malhotra,Male,64,Ahmedabad,PROD012,Dettol Handwash,Personal Care,4,113.64,454.56,0.15,43.17,Credit Card
ORD03967,7/13/2025,CUST0008,Karan Singh,Male,31,Chennai,PROD009,Aashirvaad Atta,Groceries,8,252.38,2019.04,0.1,262.66,UPI
ORD03968,12/7/2025,CUST0546,Nikhil Joshi,Female,21,Lucknow,PROD005,Coca Cola,Beverages,8,44.77,358.16,0.15,47.48,Credit Card
ORD03969,7/19/2025,CUST0057,Rahul Mehta,Female,47,Hyderabad,PROD016,Thums Up,Beverages,6,39.25,235.5,0,47.54,Net Banking
ORD03970,2/18/2025,CUST0369,Kavya Verma,Male,51,Chennai,PROD020,Head & Shoulders,Personal Care,4,251.01,1004.04,0,147.94,UPI
ORD03971,11/22/2025,CUST0493,Nikhil Das,Female,22,Lucknow,PROD010,Maggi Noodles,Groceries,2,14.83,29.66,0.05,3.31,UPI
ORD03972,10/30/2025,CUST0016,Simran Gupta,Female,62,Pune,PROD013,Britannia Bread,Dairy,2,44.62,89.24,0.05,11.91,Net Banking
ORD03973,4/15/2025,CUST0392,Simran Mehta,Male,56,Delhi,PROD010,Maggi Noodles,Groceries,6,15.84,95.04,0.05,11.39,Credit Card
ORD03974,7/5/2025,CUST0071,Anjali Joshi,Female,57,Jaipur,PROD020,Head & Shoulders,Personal Care,8,250.77,2006.16,0,393.61,Credit Card
ORD03975,8/10/2025,CUST0233,Riya Patel,Male,42,Lucknow,PROD008,Dove Soap,Personal Care,5,58.73,293.65,0.1,28.54,Net Banking
ORD03976,11/21/2025,CUST0479,Anjali Das,Female,59,Hyderabad,PROD001,Parle-G Biscuits,Snacks,2,28.61,57.22,0,11.84,Debit Card
ORD03977,12/31/2025,CUST0232,Manish Malhotra,Female,30,Kolkata,PROD010,Maggi Noodles,Groceries,5,15.6,78,0.1,9.96,Net Banking
ORD03978,2/17/2025,CUST0718,Nikhil Verma,Female,22,Lucknow,PROD012,Dettol Handwash,Personal Care,7,114.84,803.88,0.15,115.47,Cash
ORD03979,10/21/2025,CUST0525,Arjun Gupta,Female,59,Pune,PROD013,Britannia Bread,Dairy,1,49.15,49.15,0,4.9,Net Banking
ORD03980,4/23/2025,CUST0158,Sneha Mehta,Male,37,Lucknow,PROD016,Thums Up,Beverages,5,39.3,196.5,0.1,43.54,Net Banking
ORD03981,4/18/2025,CUST0131,Rahul Patel,Female,26,Ahmedabad,PROD016,Thums Up,Beverages,5,41.5,207.5,0,50.2,Credit Card
ORD03982,10/13/2025,CUST0121,Sneha Mehta,Male,63,Bengaluru,PROD006,Tata Tea,Beverages,3,117.35,352.05,0.15,40.29,UPI
ORD03983,6/9/2025,CUST0952,Sahil Malhotra,Female,18,Chennai,PROD015,Harpic Cleaner,Home & Cleaning,1,124.18,124.18,0,24.41,Net Banking
ORD03984,9/12/2025,CUST0224,Simran Khan,Female,27,Bengaluru,PROD013,Britannia Bread,Dairy,8,44.84,358.72,0.1,65.51,Debit Card
ORD03985,6/30/2025,CUST0007,Rahul Kapoor,Male,62,Kolkata,PROD015,Harpic Cleaner,Home & Cleaning,1,122.9,122.9,0.1,16.58,Cash
ORD03986,10/9/2025,CUST0013,Amit Sharma,Male,36,Pune,PROD001,Parle-G Biscuits,Snacks,8,30.2,241.6,0,25.98,Credit Card
ORD03987,9/15/2025,CUST0124,Aditya Reddy,Male,54,Kolkata,PROD006,Tata Tea,Beverages,3,116.18,348.54,0,78.76,Cash
ORD03988,3/10/2025,CUST0886,Nikhil Patel,Male,34,Bengaluru,PROD018,Nescafe Coffee,Beverages,3,194.2,582.6,0.05,116.03,Cash
ORD03989,7/4/2025,CUST0268,Karan Sharma,Male,34,Mumbai,PROD007,Surf Excel,Home & Cleaning,4,176.33,705.32,0,165.1,Net Banking
ORD03990,7/25/2025,CUST0859,Arjun Gupta,Male,54,Delhi,PROD014,Kellogg's Corn Flakes,Groceries,3,220.36,661.08,0,154.05,Cash
ORD03991,5/10/2025,CUST0034,Anjali Shah,Male,56,Chennai,PROD009,Aashirvaad Atta,Groceries,6,274.57,1647.42,0,182.68,Debit Card
ORD03992,9/24/2025,CUST0211,Isha Mehta,Female,38,Bengaluru,PROD011,Colgate Toothpaste,Personal Care,5,98.49,492.45,0.15,40,Debit Card
ORD03993,1/15/2025,CUST0881,Vikram Iyer,Male,34,Jaipur,PROD014,Kellogg's Corn Flakes,Groceries,6,202.59,1215.54,0.05,127.98,Cash
ORD03994,12/29/2025,CUST0768,Neha Reddy,Female,27,Chennai,PROD008,Dove Soap,Personal Care,8,56.85,454.8,0,73.02,UPI
ORD03995,9/28/2025,CUST0315,Nikhil Nair,Male,51,Jaipur,PROD018,Nescafe Coffee,Beverages,4,202.99,811.96,0.05,143.79,UPI
ORD03996,10/10/2025,CUST0086,Karan Kapoor,Female,60,Bengaluru,PROD014,Kellogg's Corn Flakes,Groceries,6,217.75,1306.5,0.05,255.04,Debit Card
ORD03997,4/12/2025,CUST0587,Meera Mehta,Female,46,Chennai,PROD009,Aashirvaad Atta,Groceries,3,240.25,720.75,0,118.88,UPI
ORD03998,9/12/2025,CUST0214,Aditya Nair,Male,49,Mumbai,PROD014,Kellogg's Corn Flakes,Groceries,4,228.15,912.6,0.1,112.69,Credit Card
ORD03999,7/7/2025,CUST0501,Sahil Patel,Male,45,Chennai,PROD013,Britannia Bread,Dairy,8,45.64,365.12,0.1,52.89,Net Banking
ORD04000,5/12/2025,CUST0215,Rohan Shah,Female,24,Ahmedabad,PROD012,Dettol Handwash,Personal Care,7,105.69,739.83,0.05,66.9,Net Banking
ORD04001,10/8/2025,CUST0075,Karan Gupta,Female,50,Ahmedabad,PROD019,Vim Dishwash,Home & Cleaning,6,88.47,530.82,0.15,37.9,Net Banking
ORD04002,4/9/2025,CUST0819,Nikhil Malhotra,Female,21,Jaipur,PROD010,Maggi Noodles,Groceries,3,15.22,45.66,0.1,9.26,Credit Card
ORD04003,2/28/2025,CUST0623,Manish Iyer,Male,61,Hyderabad,PROD020,Head & Shoulders,Personal Care,1,273.5,273.5,0.1,55.24,Debit Card
ORD04004,2/24/2025,CUST0887,Manish Singh,Female,47,Mumbai,PROD001,Parle-G Biscuits,Snacks,1,28.92,28.92,0,3.41,Debit Card
ORD04005,7/31/2025,CUST0316,Vikram Reddy,Female,40,Delhi,PROD017,Good Day Cookies,Snacks,1,49.81,49.81,0,10.33,Debit Card
ORD04006,11/6/2025,CUST0512,Amit Patel,Male,46,Lucknow,PROD020,Head & Shoulders,Personal Care,3,276.57,829.71,0.05,196.09,UPI
ORD04007,5/9/2025,CUST0090,Vikram Mehta,Female,35,Pune,PROD001,Parle-G Biscuits,Snacks,7,28.94,202.58,0.1,38.68,Cash
ORD04008,2/15/2025,CUST0721,Karan Khan,Female,35,Bengaluru,PROD020,Head & Shoulders,Personal Care,1,259.16,259.16,0.15,38.99,Debit Card
ORD04009,11/10/2025,CUST0928,Anjali Das,Male,24,Kolkata,PROD016,Thums Up,Beverages,4,41.18,164.72,0,23.86,Net Banking
ORD04010,10/27/2025,CUST0391,Priya Verma,Male,33,Chennai,PROD015,Harpic Cleaner,Home & Cleaning,4,126.01,504.04,0,124.11,Cash
ORD04011,6/6/2025,CUST0122,Amit Mehta,Female,39,Jaipur,PROD002,Tata Salt,Groceries,3,29.8,89.4,0.1,8.92,Credit Card
ORD04012,8/13/2025,CUST0691,Neha Joshi,Male,37,Delhi,PROD006,Tata Tea,Beverages,1,120.55,120.55,0.1,19.15,Credit Card
ORD04013,11/27/2025,CUST0918,Rahul Khan,Female,58,Hyderabad,PROD009,Aashirvaad Atta,Groceries,6,260.77,1564.62,0.1,137.44,Debit Card
ORD04014,3/2/2025,CUST0371,Priya Nair,Female,41,Hyderabad,PROD015,Harpic Cleaner,Home & Cleaning,4,121.69,486.76,0.1,69.82,UPI
ORD04015,8/27/2025,CUST0698,Priya Joshi,Male,41,Delhi,PROD011,Colgate Toothpaste,Personal Care,5,99.91,499.55,0,110.75,Cash
ORD04016,6/24/2025,CUST0211,Isha Mehta,Female,38,Bengaluru,PROD006,Tata Tea,Beverages,7,114.08,798.56,0.15,103.23,Cash
ORD04017,9/26/2025,CUST0521,Pooja Mehta,Male,52,Ahmedabad,PROD018,Nescafe Coffee,Beverages,7,202,1414,0,336.17,Debit Card
ORD04018,9/3/2025,CUST0690,Sneha Sharma,Male,23,Kolkata,PROD020,Head & Shoulders,Personal Care,8,254.82,2038.56,0.05,319.86,Net Banking
ORD04019,9/12/2025,CUST0301,Neha Khan,Female,25,Hyderabad,PROD007,Surf Excel,Home & Cleaning,4,197.81,791.24,0.1,90.12,UPI
ORD04020,12/3/2025,CUST0173,Meera Gupta,Female,46,Ahmedabad,PROD013,Britannia Bread,Dairy,4,43.77,175.08,0.1,35.1,Cash
ORD04021,9/23/2025,CUST0907,Karan Singh,Male,50,Bengaluru,PROD012,Dettol Handwash,Personal Care,7,117.84,824.88,0.05,160.65,Cash
ORD04022,8/15/2025,CUST0672,Manish Khan,Male,58,Delhi,PROD013,Britannia Bread,Dairy,7,46.93,328.51,0.15,52.39,UPI
ORD04023,6/13/2025,CUST0358,Rahul Khan,Male,63,Chennai,PROD012,Dettol Handwash,Personal Care,4,109.04,436.16,0.1,91.94,UPI
ORD04024,9/11/2025,CUST0735,Amit Gupta,Female,26,Pune,PROD005,Coca Cola,Beverages,5,42.91,214.55,0.05,24.67,Credit Card
ORD04025,6/11/2025,CUST0615,Anjali Nair,Female,43,Mumbai,PROD001,Parle-G Biscuits,Snacks,5,31.56,157.8,0.15,24.67,Credit Card
ORD04026,6/28/2025,CUST0658,Karan Reddy,Male,20,Pune,PROD020,Head & Shoulders,Personal Care,5,259.98,1299.9,0,156.37,Debit Card
ORD04027,4/21/2025,CUST0568,Arjun Kapoor,Female,49,Bengaluru,PROD002,Tata Salt,Groceries,8,28.8,230.4,0.05,26.05,Credit Card
ORD04028,11/7/2025,CUST0747,Rahul Khan,Male,19,Hyderabad,PROD018,Nescafe Coffee,Beverages,6,206.86,1241.16,0.15,118.2,UPI
ORD04029,5/22/2025,CUST0254,Pooja Joshi,Male,24,Bengaluru,PROD014,Kellogg's Corn Flakes,Groceries,7,209.04,1463.28,0.15,108.57,UPI
ORD04030,1/1/2025,CUST0487,Priya Nair,Male,47,Hyderabad,PROD008,Dove Soap,Personal Care,8,53.97,431.76,0.05,38.91,Cash
ORD04031,3/14/2025,CUST0224,Simran Khan,Female,27,Bengaluru,PROD006,Tata Tea,Beverages,5,129.09,645.45,0.05,59.83,Cash
ORD04032,8/10/2025,CUST0370,Amit Shah,Male,42,Ahmedabad,PROD017,Good Day Cookies,Snacks,4,54.02,216.08,0.1,36.44,Credit Card
ORD04033,7/21/2025,CUST0207,Meera Shah,Male,22,Hyderabad,PROD010,Maggi Noodles,Groceries,7,15.3,107.1,0.1,12.08,Cash
ORD04034,4/11/2025,CUST0764,Anjali Mehta,Female,64,Hyderabad,PROD002,Tata Salt,Groceries,4,27.52,110.08,0,25.71,Net Banking
ORD04035,1/28/2025,CUST0635,Sneha Singh,Male,35,Bengaluru,PROD016,Thums Up,Beverages,5,38.67,193.35,0.15,17.24,Net Banking
ORD04036,9/8/2025,CUST0291,Meera Nair,Male,56,Hyderabad,PROD003,Amul Milk,Dairy,1,64.89,64.89,0,7.17,Cash
ORD04037,7/20/2025,CUST0046,Vikram Shah,Male,64,Lucknow,PROD016,Thums Up,Beverages,2,42.09,84.18,0.15,9.71,Debit Card
ORD04038,4/11/2025,CUST0531,Neha Das,Female,33,Lucknow,PROD009,Aashirvaad Atta,Groceries,8,255.34,2042.72,0.1,210.27,Credit Card
ORD04039,6/14/2025,CUST0884,Karan Gupta,Male,18,Pune,PROD001,Parle-G Biscuits,Snacks,7,28.89,202.23,0.05,22.39,Cash
ORD04040,4/18/2025,CUST0883,Priya Shah,Female,31,Ahmedabad,PROD012,Dettol Handwash,Personal Care,5,116.15,580.75,0.1,88.74,Debit Card
ORD04041,1/15/2025,CUST0024,Kavya Reddy,Female,41,Bengaluru,PROD012,Dettol Handwash,Personal Care,3,111.26,333.78,0,69.86,Cash
ORD04042,2/13/2025,CUST0882,Vikram Khan,Female,36,Delhi,PROD017,Good Day Cookies,Snacks,8,50.01,400.08,0.1,32.51,Net Banking
ORD04043,7/24/2025,CUST0697,Amit Joshi,Female,50,Chennai,PROD004,Lay's Chips,Snacks,3,36.4,109.2,0,25.13,UPI
ORD04044,7/6/2025,CUST0884,Karan Gupta,Male,18,Pune,PROD007,Surf Excel,Home & Cleaning,2,174.44,348.88,0.1,49.77,Net Banking
ORD04045,4/17/2025,CUST0661,Pooja Verma,Female,23,Chennai,PROD019,Vim Dishwash,Home & Cleaning,5,98.46,492.3,0,97.96,Credit Card
ORD04046,1/6/2025,CUST0511,Meera Kapoor,Male,33,Bengaluru,PROD014,Kellogg's Corn Flakes,Groceries,8,199.78,1598.24,0.15,288.47,Cash
ORD04047,7/6/2025,CUST0593,Sahil Gupta,Male,61,Jaipur,PROD003,Amul Milk,Dairy,1,62.65,62.65,0.1,12.61,UPI
ORD04048,8/21/2025,CUST0908,Isha Nair,Female,43,Bengaluru,PROD001,Parle-G Biscuits,Snacks,7,29.7,207.9,0.1,16.11,Net Banking
ORD04049,4/11/2025,CUST0210,Isha Joshi,Female,39,Jaipur,PROD018,Nescafe Coffee,Beverages,5,193.08,965.4,0.05,153.24,UPI
ORD04050,6/18/2025,CUST0234,Simran Iyer,Female,62,Hyderabad,PROD009,Aashirvaad Atta,Groceries,6,254.84,1529.04,0.1,327.59,Debit Card
ORD04051,4/5/2025,CUST0707,Pooja Kapoor,Female,38,Pune,PROD001,Parle-G Biscuits,Snacks,5,32.45,162.25,0.15,14.06,Net Banking
ORD04052,9/17/2025,CUST0060,Priya Das,Female,21,Mumbai,PROD020,Head & Shoulders,Personal Care,1,254.38,254.38,0.1,39.88,Credit Card
ORD04053,9/23/2025,CUST0811,Arjun Mehta,Male,57,Lucknow,PROD013,Britannia Bread,Dairy,5,44.41,222.05,0,33.92,Debit Card
ORD04054,10/10/2025,CUST0765,Rohan Verma,Male,62,Lucknow,PROD020,Head & Shoulders,Personal Care,5,283.98,1419.9,0.05,311.72,Net Banking
ORD04055,4/13/2025,CUST0675,Simran Mehta,Female,26,Bengaluru,PROD019,Vim Dishwash,Home & Cleaning,6,98.95,593.7,0.15,58.87,Credit Card
ORD04056,6/25/2025,CUST0996,Riya Joshi,Female,40,Hyderabad,PROD002,Tata Salt,Groceries,8,29.23,233.84,0.05,34.23,Credit Card
ORD04057,11/29/2025,CUST0434,Rahul Malhotra,Male,45,Delhi,PROD020,Head & Shoulders,Personal Care,1,251.84,251.84,0.05,25.6,UPI
ORD04058,11/4/2025,CUST0921,Kavya Patel,Female,57,Bengaluru,PROD005,Coca Cola,Beverages,7,45.32,317.24,0,26.53,Credit Card
ORD04059,1/2/2025,CUST0933,Karan Das,Male,30,Bengaluru,PROD008,Dove Soap,Personal Care,6,59.26,355.56,0.1,44.78,Credit Card
ORD04060,1/31/2025,CUST0031,Rahul Das,Female,50,Delhi,PROD015,Harpic Cleaner,Home & Cleaning,2,133.81,267.62,0.05,55.14,Credit Card
ORD04061,11/18/2025,CUST0700,Sneha Das,Male,20,Mumbai,PROD015,Harpic Cleaner,Home & Cleaning,4,136.08,544.32,0,54.42,Net Banking
ORD04062,5/30/2025,CUST0366,Meera Shah,Male,58,Jaipur,PROD007,Surf Excel,Home & Cleaning,2,186.08,372.16,0.05,28.55,Credit Card
ORD04063,3/6/2025,CUST0206,Manish Shah,Male,42,Bengaluru,PROD003,Amul Milk,Dairy,3,63.3,189.9,0.1,40.79,UPI
ORD04064,1/29/2025,CUST0309,Karan Iyer,Female,54,Kolkata,PROD017,Good Day Cookies,Snacks,2,53.36,106.72,0,18.82,Debit Card
ORD04065,7/3/2025,CUST0305,Karan Patel,Male,49,Kolkata,PROD017,Good Day Cookies,Snacks,5,52.82,264.1,0,62.22,Cash
ORD04066,3/18/2025,CUST0775,Simran Shah,Female,24,Ahmedabad,PROD016,Thums Up,Beverages,8,43.31,346.48,0.15,64.18,Debit Card
ORD04067,2/13/2025,CUST0851,Kavya Kapoor,Female,41,Hyderabad,PROD011,Colgate Toothpaste,Personal Care,6,93.62,561.72,0,80.72,Net Banking
ORD04068,3/12/2025,CUST0161,Arjun Gupta,Male,64,Bengaluru,PROD016,Thums Up,Beverages,3,43.16,129.48,0,27.19,Cash
ORD04069,4/5/2025,CUST0955,Pooja Joshi,Female,22,Chennai,PROD009,Aashirvaad Atta,Groceries,3,259.51,778.53,0,129.05,Debit Card
ORD04070,2/10/2025,CUST0374,Simran Shah,Female,59,Delhi,PROD015,Harpic Cleaner,Home & Cleaning,7,133.26,932.82,0.15,152.58,Debit Card
ORD04071,8/5/2025,CUST0927,Sahil Joshi,Male,62,Lucknow,PROD011,Colgate Toothpaste,Personal Care,1,93.72,93.72,0.15,8.05,Net Banking
ORD04072,12/12/2025,CUST0337,Aditya Verma,Male,37,Jaipur,PROD010,Maggi Noodles,Groceries,5,15.92,79.6,0.1,10.45,Debit Card
ORD04073,6/16/2025,CUST0016,Simran Gupta,Female,62,Pune,PROD010,Maggi Noodles,Groceries,5,15.57,77.85,0,17.94,UPI
ORD04074,5/29/2025,CUST0523,Manish Reddy,Male,53,Kolkata,PROD019,Vim Dishwash,Home & Cleaning,3,94.33,282.99,0.05,40.12,UPI
ORD04075,7/4/2025,CUST0244,Arjun Malhotra,Male,34,Ahmedabad,PROD011,Colgate Toothpaste,Personal Care,1,96.57,96.57,0.1,15.75,Debit Card
ORD04076,2/9/2025,CUST0803,Karan Reddy,Male,23,Kolkata,PROD012,Dettol Handwash,Personal Care,4,110.58,442.32,0.05,69.93,UPI
ORD04077,8/20/2025,CUST0520,Nikhil Khan,Female,44,Delhi,PROD005,Coca Cola,Beverages,3,45.76,137.28,0.05,17.09,Cash
ORD04078,12/29/2025,CUST0957,Nikhil Verma,Female,52,Jaipur,PROD016,Thums Up,Beverages,5,40.23,201.15,0,28.74,UPI
ORD04079,5/8/2025,CUST0130,Rahul Reddy,Female,55,Lucknow,PROD007,Surf Excel,Home & Cleaning,8,175.01,1400.08,0.05,272.97,Cash
ORD04080,6/19/2025,CUST0611,Rahul Malhotra,Female,59,Pune,PROD016,Thums Up,Beverages,1,38.1,38.1,0,7.65,Debit Card
ORD04081,5/16/2025,CUST0615,Anjali Nair,Female,43,Mumbai,PROD010,Maggi Noodles,Groceries,5,15.53,77.65,0.1,11.08,UPI
ORD04082,8/4/2025,CUST0447,Pooja Joshi,Male,41,Chennai,PROD014,Kellogg's Corn Flakes,Groceries,3,205.72,617.16,0.15,72.37,Cash
ORD04083,1/16/2025,CUST0121,Sneha Mehta,Male,63,Bengaluru,PROD005,Coca Cola,Beverages,6,45.21,271.26,0,37.54,Credit Card
ORD04084,1/11/2025,CUST0796,Sahil Gupta,Male,42,Jaipur,PROD015,Harpic Cleaner,Home & Cleaning,7,127.13,889.91,0.15,154.93,Cash
ORD04085,12/14/2025,CUST0309,Karan Iyer,Female,54,Kolkata,PROD004,Lay's Chips,Snacks,3,38.03,114.09,0,18.65,Cash
ORD04086,2/27/2025,CUST0407,Aditya Das,Female,51,Kolkata,PROD012,Dettol Handwash,Personal Care,4,117.79,471.16,0.05,97.98,Credit Card
ORD04087,5/25/2025,CUST0283,Amit Patel,Female,24,Chennai,PROD004,Lay's Chips,Snacks,8,38.01,304.08,0,27.22,Debit Card
ORD04088,6/22/2025,CUST0345,Anjali Malhotra,Male,64,Ahmedabad,PROD018,Nescafe Coffee,Beverages,4,203.02,812.08,0.05,108.36,Debit Card
ORD04089,12/6/2025,CUST0946,Isha Sharma,Male,65,Hyderabad,PROD014,Kellogg's Corn Flakes,Groceries,3,229.68,689.04,0.1,154.2,Credit Card
ORD04090,1/28/2025,CUST0209,Pooja Malhotra,Female,27,Ahmedabad,PROD012,Dettol Handwash,Personal Care,8,116.04,928.32,0.1,125.75,Net Banking
ORD04091,10/25/2025,CUST0841,Nikhil Kapoor,Male,21,Lucknow,PROD020,Head & Shoulders,Personal Care,6,276.59,1659.54,0.05,391.06,UPI
ORD04092,2/10/2025,CUST0031,Rahul Das,Female,50,Delhi,PROD017,Good Day Cookies,Snacks,7,53.19,372.33,0,48.38,Cash
ORD04093,3/23/2025,CUST0091,Arjun Khan,Female,61,Jaipur,PROD012,Dettol Handwash,Personal Care,6,115.73,694.38,0.15,79.43,UPI
ORD04094,7/16/2025,CUST0641,Simran Malhotra,Male,46,Pune,PROD019,Vim Dishwash,Home & Cleaning,8,93.37,746.96,0,109.4,UPI
ORD04095,10/22/2025,CUST0798,Riya Singh,Male,43,Mumbai,PROD020,Head & Shoulders,Personal Care,4,280.94,1123.76,0.1,87.11,Net Banking
ORD04096,1/18/2025,CUST0519,Isha Joshi,Male,40,Kolkata,PROD018,Nescafe Coffee,Beverages,6,198.92,1193.52,0,294.22,Debit Card
ORD04097,4/15/2025,CUST0381,Simran Mehta,Female,65,Ahmedabad,PROD018,Nescafe Coffee,Beverages,4,197.52,790.08,0,77.72,Credit Card
ORD04098,4/8/2025,CUST0045,Amit Shah,Male,35,Ahmedabad,PROD006,Tata Tea,Beverages,7,119.13,833.91,0,153.34,Credit Card
ORD04099,1/2/2025,CUST0725,Vikram Joshi,Female,47,Hyderabad,PROD007,Surf Excel,Home & Cleaning,7,177.56,1242.92,0.15,92.16,Credit Card
ORD04100,11/11/2025,CUST0557,Anjali Patel,Female,45,Chennai,PROD018,Nescafe Coffee,Beverages,8,195.28,1562.24,0,273.6,Credit Card
ORD04101,7/31/2025,CUST0541,Riya Joshi,Male,64,Chennai,PROD010,Maggi Noodles,Groceries,5,16.39,81.95,0.1,12.42,Cash
ORD04102,3/11/2025,CUST0443,Riya Shah,Female,27,Lucknow,PROD013,Britannia Bread,Dairy,4,47.8,191.2,0.05,41.73,UPI
ORD04103,4/6/2025,CUST0557,Anjali Patel,Female,45,Chennai,PROD008,Dove Soap,Personal Care,5,56.48,282.4,0,31.5,Cash
ORD04104,1/16/2025,CUST0446,Nikhil Malhotra,Female,63,Lucknow,PROD010,Maggi Noodles,Groceries,8,14.88,119.04,0.1,14.16,Debit Card
ORD04105,11/3/2025,CUST0475,Anjali Reddy,Female,20,Mumbai,PROD018,Nescafe Coffee,Beverages,4,202.35,809.4,0,169.55,Cash
ORD04106,12/16/2025,CUST0417,Meera Khan,Male,19,Pune,PROD008,Dove Soap,Personal Care,8,57.15,457.2,0.05,73.02,Net Banking
ORD04107,7/18/2025,CUST0486,Rahul Singh,Female,62,Bengaluru,PROD015,Harpic Cleaner,Home & Cleaning,5,123.86,619.3,0.15,57.21,Net Banking
ORD04108,11/9/2025,CUST0457,Manish Reddy,Female,52,Chennai,PROD003,Amul Milk,Dairy,5,65.39,326.95,0.05,45.13,Credit Card
ORD04109,8/12/2025,CUST0813,Priya Das,Female,35,Chennai,PROD019,Vim Dishwash,Home & Cleaning,6,88.87,533.22,0.05,68.97,Cash
ORD04110,11/17/2025,CUST0319,Anjali Kapoor,Female,47,Lucknow,PROD005,Coca Cola,Beverages,4,46.9,187.6,0,45.04,Cash
ORD04111,5/18/2025,CUST0812,Aditya Sharma,Female,39,Bengaluru,PROD019,Vim Dishwash,Home & Cleaning,1,96.93,96.93,0.15,17.87,Net Banking
ORD04112,3/4/2025,CUST0398,Vikram Iyer,Female,62,Ahmedabad,PROD013,Britannia Bread,Dairy,7,47.26,330.82,0.15,25.55,Net Banking
ORD04113,10/14/2025,CUST0187,Meera Singh,Male,23,Bengaluru,PROD005,Coca Cola,Beverages,3,44.39,133.17,0,16.68,Cash
ORD04114,12/28/2025,CUST0141,Neha Iyer,Male,37,Lucknow,PROD006,Tata Tea,Beverages,1,118.08,118.08,0,14.07,Net Banking
ORD04115,7/31/2025,CUST0793,Arjun Joshi,Female,34,Bengaluru,PROD009,Aashirvaad Atta,Groceries,1,274.3,274.3,0,31.45,Cash
ORD04116,5/16/2025,CUST0942,Vikram Kapoor,Male,40,Ahmedabad,PROD010,Maggi Noodles,Groceries,6,15.37,92.22,0,8.18,Debit Card
ORD04117,8/19/2025,CUST0336,Sahil Nair,Male,40,Hyderabad,PROD019,Vim Dishwash,Home & Cleaning,7,94.77,663.39,0.05,122.82,Cash
ORD04118,1/28/2025,CUST0668,Riya Patel,Male,42,Pune,PROD012,Dettol Handwash,Personal Care,8,112.79,902.32,0.15,149.63,Debit Card
ORD04119,5/14/2025,CUST0346,Priya Mehta,Female,61,Bengaluru,PROD003,Amul Milk,Dairy,3,65.25,195.75,0.1,33.61,Debit Card
ORD04120,3/26/2025,CUST0964,Isha Das,Female,19,Jaipur,PROD020,Head & Shoulders,Personal Care,5,255.38,1276.9,0.1,270.79,Cash
ORD04121,5/9/2025,CUST0038,Rohan Verma,Female,53,Delhi,PROD012,Dettol Handwash,Personal Care,7,106.27,743.89,0.1,93.98,Debit Card
ORD04122,9/19/2025,CUST0182,Rohan Reddy,Female,27,Pune,PROD002,Tata Salt,Groceries,1,27.83,27.83,0,6.87,Cash
ORD04123,5/8/2025,CUST0454,Vikram Mehta,Female,65,Mumbai,PROD009,Aashirvaad Atta,Groceries,8,264.33,2114.64,0.05,207.6,Debit Card
ORD04124,12/3/2025,CUST0085,Anjali Reddy,Female,19,Delhi,PROD019,Vim Dishwash,Home & Cleaning,2,93.22,186.44,0.15,22.04,UPI
ORD04125,6/12/2025,CUST0824,Arjun Khan,Female,50,Kolkata,PROD011,Colgate Toothpaste,Personal Care,7,95.58,669.06,0,80.3,Net Banking
ORD04126,4/6/2025,CUST0328,Riya Shah,Male,21,Ahmedabad,PROD002,Tata Salt,Groceries,2,29.23,58.46,0,13.74,Net Banking
ORD04127,9/8/2025,CUST0513,Priya Gupta,Male,43,Ahmedabad,PROD016,Thums Up,Beverages,7,40.46,283.22,0,31.62,Net Banking
ORD04128,1/1/2025,CUST0709,Pooja Iyer,Female,65,Lucknow,PROD002,Tata Salt,Groceries,5,27.14,135.7,0,23.5,Cash
ORD04129,7/6/2025,CUST0042,Sneha Patel,Female,19,Lucknow,PROD017,Good Day Cookies,Snacks,2,53.03,106.06,0.1,8.34,Credit Card
ORD04130,12/2/2025,CUST0130,Rahul Reddy,Female,55,Lucknow,PROD020,Head & Shoulders,Personal Care,2,267.62,535.24,0.05,80.37,Debit Card
ORD04131,3/9/2025,CUST0595,Manish Kapoor,Female,62,Pune,PROD014,Kellogg's Corn Flakes,Groceries,6,218.97,1313.82,0,179.65,Cash
ORD04132,2/27/2025,CUST0020,Priya Kapoor,Female,43,Hyderabad,PROD006,Tata Tea,Beverages,6,125.1,750.6,0.1,65.03,Debit Card
ORD04133,9/3/2025,CUST0221,Sneha Das,Male,45,Pune,PROD011,Colgate Toothpaste,Personal Care,4,90.89,363.56,0,67.87,Debit Card
ORD04134,3/20/2025,CUST0127,Arjun Mehta,Female,19,Kolkata,PROD008,Dove Soap,Personal Care,1,55.78,55.78,0,10.11,Credit Card
ORD04135,2/26/2025,CUST0112,Neha Kapoor,Female,32,Delhi,PROD013,Britannia Bread,Dairy,8,44.69,357.52,0,78.63,Debit Card
ORD04136,3/6/2025,CUST0458,Arjun Iyer,Female,30,Bengaluru,PROD008,Dove Soap,Personal Care,3,52.61,157.83,0,14.84,Cash
ORD04137,7/23/2025,CUST0289,Simran Malhotra,Female,25,Hyderabad,PROD008,Dove Soap,Personal Care,2,53.73,107.46,0.1,14.5,UPI
ORD04138,6/23/2025,CUST0180,Amit Nair,Male,34,Lucknow,PROD008,Dove Soap,Personal Care,4,55.56,222.24,0.1,48.92,Net Banking
ORD04139,3/18/2025,CUST0023,Rohan Gupta,Female,65,Lucknow,PROD014,Kellogg's Corn Flakes,Groceries,3,207.39,622.17,0.05,80.62,Cash
ORD04140,8/31/2025,CUST0468,Nikhil Gupta,Male,21,Pune,PROD005,Coca Cola,Beverages,1,47.3,47.3,0.1,7.96,UPI
ORD04141,7/2/2025,CUST0148,Kavya Verma,Female,57,Jaipur,PROD015,Harpic Cleaner,Home & Cleaning,6,120.86,725.16,0,167.64,Cash
ORD04142,2/8/2025,CUST0564,Isha Khan,Female,65,Delhi,PROD016,Thums Up,Beverages,1,40.56,40.56,0,5.45,UPI
ORD04143,8/21/2025,CUST0995,Kavya Singh,Female,26,Chennai,PROD006,Tata Tea,Beverages,2,126.56,253.12,0,56.8,Net Banking
ORD04144,4/28/2025,CUST0208,Kavya Khan,Female,18,Hyderabad,PROD006,Tata Tea,Beverages,4,120.57,482.28,0,85.67,Credit Card
ORD04145,2/11/2025,CUST0018,Anjali Joshi,Female,35,Jaipur,PROD012,Dettol Handwash,Personal Care,5,113.24,566.2,0.15,95.84,Cash
ORD04146,3/16/2025,CUST0339,Amit Nair,Female,50,Chennai,PROD016,Thums Up,Beverages,1,43.38,43.38,0.15,4.81,UPI
ORD04147,12/16/2025,CUST0724,Karan Mehta,Male,52,Chennai,PROD017,Good Day Cookies,Snacks,4,47.74,190.96,0.05,19.96,Debit Card
ORD04148,10/21/2025,CUST0423,Vikram Khan,Male,38,Chennai,PROD017,Good Day Cookies,Snacks,6,52.21,313.26,0.05,61.21,UPI
ORD04149,6/6/2025,CUST0147,Kavya Khan,Female,63,Delhi,PROD002,Tata Salt,Groceries,5,26.89,134.45,0,18.14,Net Banking
ORD04150,5/26/2025,CUST0517,Rohan Nair,Male,44,Hyderabad,PROD002,Tata Salt,Groceries,6,27.01,162.06,0.15,16.2,Cash
ORD04151,5/2/2025,CUST0794,Arjun Iyer,Male,27,Pune,PROD012,Dettol Handwash,Personal Care,4,108.2,432.8,0.1,44.61,UPI
ORD04152,1/28/2025,CUST0324,Manish Sharma,Male,41,Hyderabad,PROD016,Thums Up,Beverages,6,42.2,253.2,0,40.29,UPI
ORD04153,8/18/2025,CUST0592,Arjun Malhotra,Female,41,Pune,PROD018,Nescafe Coffee,Beverages,5,183.91,919.55,0.05,104.53,UPI
ORD04154,5/19/2025,CUST0656,Vikram Joshi,Female,38,Hyderabad,PROD005,Coca Cola,Beverages,2,48.06,96.12,0,21.23,Cash
ORD04155,12/15/2025,CUST0063,Amit Nair,Male,43,Pune,PROD004,Lay's Chips,Snacks,3,35.04,105.12,0.15,9.72,Credit Card
ORD04156,9/28/2025,CUST0884,Karan Gupta,Male,18,Pune,PROD007,Surf Excel,Home & Cleaning,8,173.5,1388,0.15,169.42,UPI
ORD04157,9/10/2025,CUST0465,Riya Gupta,Male,52,Hyderabad,PROD013,Britannia Bread,Dairy,8,45.28,362.24,0.05,62.88,Credit Card
ORD04158,12/18/2025,CUST0992,Riya Joshi,Female,57,Hyderabad,PROD019,Vim Dishwash,Home & Cleaning,4,85.91,343.64,0,84.8,Debit Card
ORD04159,4/7/2025,CUST0739,Anjali Khan,Male,29,Hyderabad,PROD012,Dettol Handwash,Personal Care,2,117.28,234.56,0.15,42.02,Credit Card
ORD04160,9/13/2025,CUST0735,Amit Gupta,Female,26,Pune,PROD003,Amul Milk,Dairy,8,62.3,498.4,0.1,57.81,UPI
ORD04161,12/27/2025,CUST0532,Vikram Mehta,Male,53,Chennai,PROD020,Head & Shoulders,Personal Care,5,275.18,1375.9,0,200.29,Debit Card
ORD04162,7/8/2025,CUST0951,Kavya Singh,Female,26,Delhi,PROD012,Dettol Handwash,Personal Care,3,120.66,361.98,0.05,60.89,Cash
ORD04163,7/20/2025,CUST0022,Aditya Reddy,Female,27,Hyderabad,PROD016,Thums Up,Beverages,7,43.19,302.33,0,53.82,Credit Card
ORD04164,12/1/2025,CUST0891,Anjali Khan,Female,46,Lucknow,PROD001,Parle-G Biscuits,Snacks,8,30.92,247.36,0.05,35.79,Credit Card
ORD04165,11/20/2025,CUST0461,Karan Joshi,Female,53,Hyderabad,PROD004,Lay's Chips,Snacks,3,35.41,106.23,0,26.16,Cash
ORD04166,1/11/2025,CUST0807,Rohan Verma,Male,24,Lucknow,PROD003,Amul Milk,Dairy,2,62.05,124.1,0.15,23.87,UPI
ORD04167,2/4/2025,CUST0028,Manish Shah,Female,53,Mumbai,PROD020,Head & Shoulders,Personal Care,4,264,1056,0,189.97,Net Banking
ORD04168,1/26/2025,CUST0286,Kavya Malhotra,Male,36,Lucknow,PROD019,Vim Dishwash,Home & Cleaning,1,96.5,96.5,0,18.44,UPI
ORD04169,9/28/2025,CUST0894,Arjun Malhotra,Female,62,Ahmedabad,PROD007,Surf Excel,Home & Cleaning,3,184.49,553.47,0.1,96.31,UPI
ORD04170,1/26/2025,CUST0353,Neha Singh,Male,28,Hyderabad,PROD017,Good Day Cookies,Snacks,8,50.99,407.92,0.1,82.49,UPI
ORD04171,2/21/2025,CUST0285,Isha Khan,Male,44,Chennai,PROD019,Vim Dishwash,Home & Cleaning,8,87.31,698.48,0.1,104.42,UPI
ORD04172,6/6/2025,CUST0577,Amit Khan,Male,56,Lucknow,PROD011,Colgate Toothpaste,Personal Care,7,99.48,696.36,0.15,138.8,Cash
ORD04173,7/5/2025,CUST0029,Neha Nair,Female,59,Chennai,PROD016,Thums Up,Beverages,8,39.21,313.68,0.05,72.56,Cash
ORD04174,7/1/2025,CUST0713,Rahul Khan,Male,60,Kolkata,PROD019,Vim Dishwash,Home & Cleaning,2,98.87,197.74,0,20.84,UPI
ORD04175,12/6/2025,CUST0995,Kavya Singh,Female,26,Chennai,PROD007,Surf Excel,Home & Cleaning,6,181.83,1090.98,0.15,221.39,Cash
ORD04176,2/24/2025,CUST0817,Kavya Iyer,Male,30,Ahmedabad,PROD010,Maggi Noodles,Groceries,3,15.04,45.12,0,7.41,Cash
ORD04177,3/3/2025,CUST0479,Anjali Das,Female,59,Hyderabad,PROD009,Aashirvaad Atta,Groceries,7,261.46,1830.22,0,259.39,Net Banking
ORD04178,5/25/2025,CUST0134,Arjun Kapoor,Female,34,Pune,PROD004,Lay's Chips,Snacks,8,37.07,296.56,0.05,46.95,Cash
ORD04179,12/8/2025,CUST0462,Pooja Patel,Female,43,Chennai,PROD020,Head & Shoulders,Personal Care,4,261.58,1046.32,0.15,211.53,Debit Card
ORD04180,11/6/2025,CUST0671,Amit Shah,Male,57,Delhi,PROD018,Nescafe Coffee,Beverages,5,186.66,933.3,0,133.82,Net Banking
ORD04181,2/11/2025,CUST0605,Aditya Joshi,Male,40,Mumbai,PROD016,Thums Up,Beverages,2,39.06,78.12,0,16.52,Net Banking
ORD04182,3/5/2025,CUST0205,Kavya Malhotra,Female,48,Bengaluru,PROD002,Tata Salt,Groceries,7,30.35,212.45,0.1,36.11,Credit Card
ORD04183,10/27/2025,CUST0391,Priya Verma,Male,33,Chennai,PROD016,Thums Up,Beverages,2,41.46,82.92,0.15,10.67,Net Banking
ORD04184,2/9/2025,CUST0194,Pooja Nair,Female,53,Mumbai,PROD007,Surf Excel,Home & Cleaning,6,177.45,1064.7,0,123.71,Credit Card
ORD04185,7/21/2025,CUST0784,Vikram Mehta,Female,60,Hyderabad,PROD018,Nescafe Coffee,Beverages,8,196.37,1570.96,0,211.39,Net Banking
ORD04186,6/19/2025,CUST0136,Amit Kapoor,Male,19,Bengaluru,PROD017,Good Day Cookies,Snacks,8,50.3,402.4,0,54.73,Credit Card
ORD04187,9/9/2025,CUST0434,Rahul Malhotra,Male,45,Delhi,PROD006,Tata Tea,Beverages,1,116.44,116.44,0.05,23.43,Debit Card
ORD04188,10/30/2025,CUST0492,Sneha Nair,Male,51,Ahmedabad,PROD017,Good Day Cookies,Snacks,2,48.35,96.7,0.15,8.78,Net Banking
ORD04189,3/26/2025,CUST0202,Pooja Shah,Male,53,Kolkata,PROD010,Maggi Noodles,Groceries,6,14.52,87.12,0,15.42,Credit Card
ORD04190,6/21/2025,CUST0141,Neha Iyer,Male,37,Lucknow,PROD019,Vim Dishwash,Home & Cleaning,4,86.62,346.48,0.1,52.02,UPI
ORD04191,11/26/2025,CUST0813,Priya Das,Female,35,Chennai,PROD008,Dove Soap,Personal Care,5,57.91,289.55,0.1,37.4,UPI
ORD04192,10/16/2025,CUST0324,Manish Sharma,Male,41,Hyderabad,PROD011,Colgate Toothpaste,Personal Care,8,100.12,800.96,0.1,146.49,UPI
ORD04193,4/19/2025,CUST0470,Rahul Shah,Male,44,Ahmedabad,PROD010,Maggi Noodles,Groceries,4,14.42,57.68,0,11.18,Debit Card
ORD04194,2/9/2025,CUST0657,Karan Shah,Male,54,Ahmedabad,PROD011,Colgate Toothpaste,Personal Care,4,95.23,380.92,0.15,76.82,UPI
ORD04195,8/24/2025,CUST0707,Pooja Kapoor,Female,38,Pune,PROD011,Colgate Toothpaste,Personal Care,8,95.26,762.08,0.15,67.32,Credit Card
ORD04196,12/26/2025,CUST0052,Manish Verma,Female,29,Hyderabad,PROD020,Head & Shoulders,Personal Care,5,267.11,1335.55,0,193.24,Debit Card
ORD04197,4/13/2025,CUST0462,Pooja Patel,Female,43,Chennai,PROD012,Dettol Handwash,Personal Care,7,107.58,753.06,0.15,79.13,Net Banking
ORD04198,9/24/2025,CUST0103,Rahul Singh,Female,31,Kolkata,PROD014,Kellogg's Corn Flakes,Groceries,7,227.53,1592.71,0.1,352.63,Net Banking
ORD04199,10/24/2025,CUST0323,Simran Shah,Male,37,Ahmedabad,PROD011,Colgate Toothpaste,Personal Care,1,95.95,95.95,0.05,10.82,Debit Card
ORD04200,3/16/2025,CUST0273,Priya Joshi,Female,45,Pune,PROD004,Lay's Chips,Snacks,1,37.38,37.38,0,3.09,Cash
ORD04201,10/27/2025,CUST0799,Nikhil Iyer,Male,25,Ahmedabad,PROD019,Vim Dishwash,Home & Cleaning,8,89.02,712.16,0,99.2,Credit Card
ORD04202,11/24/2025,CUST0118,Nikhil Joshi,Male,35,Ahmedabad,PROD001,Parle-G Biscuits,Snacks,2,32.33,64.66,0,10.72,Net Banking
ORD04203,11/18/2025,CUST0426,Neha Singh,Female,33,Delhi,PROD020,Head & Shoulders,Personal Care,2,255.35,510.7,0,107.07,Net Banking
ORD04204,6/7/2025,CUST0252,Amit Nair,Female,62,Hyderabad,PROD012,Dettol Handwash,Personal Care,8,120.52,964.16,0.05,106,Net Banking
ORD04205,4/7/2025,CUST0910,Amit Malhotra,Female,46,Chennai,PROD003,Amul Milk,Dairy,2,57.8,115.6,0.1,8.99,Debit Card
ORD04206,7/30/2025,CUST0470,Rahul Shah,Male,44,Ahmedabad,PROD012,Dettol Handwash,Personal Care,7,105.38,737.66,0,168.19,Debit Card
ORD04207,5/26/2025,CUST0862,Riya Mehta,Male,20,Jaipur,PROD006,Tata Tea,Beverages,7,117.37,821.59,0.05,183,Cash
ORD04208,5/9/2025,CUST0167,Riya Patel,Male,54,Hyderabad,PROD001,Parle-G Biscuits,Snacks,3,32.83,98.49,0,13.6,Cash
ORD04209,9/8/2025,CUST0638,Arjun Kapoor,Female,52,Mumbai,PROD006,Tata Tea,Beverages,3,125.95,377.85,0.15,41.23,UPI
ORD04210,7/16/2025,CUST0769,Amit Gupta,Female,38,Delhi,PROD015,Harpic Cleaner,Home & Cleaning,4,131.25,525,0,66.65,UPI
ORD04211,1/26/2025,CUST0941,Arjun Verma,Male,62,Hyderabad,PROD020,Head & Shoulders,Personal Care,6,279.49,1676.94,0.05,255.35,UPI
ORD04212,2/9/2025,CUST0428,Kavya Gupta,Male,38,Lucknow,PROD002,Tata Salt,Groceries,4,30.49,121.96,0.15,23.33,UPI
ORD04213,2/8/2025,CUST0453,Manish Khan,Female,27,Kolkata,PROD019,Vim Dishwash,Home & Cleaning,6,86.96,521.76,0,71.66,Debit Card
ORD04214,11/21/2025,CUST0648,Rohan Das,Male,33,Delhi,PROD003,Amul Milk,Dairy,3,57,171,0,18.49,UPI
ORD04215,11/7/2025,CUST0500,Rahul Mehta,Female,18,Bengaluru,PROD011,Colgate Toothpaste,Personal Care,7,91.21,638.47,0.15,47.25,Debit Card
ORD04216,4/9/2025,CUST0447,Pooja Joshi,Male,41,Chennai,PROD009,Aashirvaad Atta,Groceries,2,257.33,514.66,0.05,61.54,Credit Card
ORD04217,6/24/2025,CUST0691,Neha Joshi,Male,37,Delhi,PROD007,Surf Excel,Home & Cleaning,7,181.59,1271.13,0,132.05,Net Banking
ORD04218,8/13/2025,CUST0820,Anjali Patel,Female,63,Jaipur,PROD003,Amul Milk,Dairy,6,65.14,390.84,0.05,64.54,Net Banking
ORD04219,6/18/2025,CUST0102,Anjali Iyer,Female,43,Jaipur,PROD012,Dettol Handwash,Personal Care,8,113.56,908.48,0.15,69.59,Credit Card
ORD04220,11/26/2025,CUST0756,Sneha Sharma,Female,18,Chennai,PROD010,Maggi Noodles,Groceries,3,14.63,43.89,0.15,8.46,UPI
ORD04221,2/27/2025,CUST0667,Karan Malhotra,Male,45,Delhi,PROD010,Maggi Noodles,Groceries,3,15.53,46.59,0.15,4.99,Debit Card
ORD04222,7/5/2025,CUST0113,Nikhil Joshi,Male,53,Bengaluru,PROD010,Maggi Noodles,Groceries,1,15.94,15.94,0,3.49,Cash
ORD04223,7/31/2025,CUST0923,Vikram Das,Female,24,Kolkata,PROD019,Vim Dishwash,Home & Cleaning,4,93.34,373.36,0.05,79.91,Debit Card
ORD04224,6/4/2025,CUST0158,Sneha Mehta,Male,37,Lucknow,PROD001,Parle-G Biscuits,Snacks,2,32.23,64.46,0,6.34,UPI
ORD04225,9/15/2025,CUST0156,Riya Shah,Male,62,Ahmedabad,PROD002,Tata Salt,Groceries,5,29.55,147.75,0.1,24.61,Net Banking
ORD04226,2/7/2025,CUST0984,Amit Singh,Male,65,Chennai,PROD017,Good Day Cookies,Snacks,7,50.52,353.64,0.15,39.24,Net Banking
ORD04227,12/5/2025,CUST0151,Manish Gupta,Female,54,Lucknow,PROD015,Harpic Cleaner,Home & Cleaning,3,136.37,409.11,0.15,35.19,Cash
ORD04228,12/22/2025,CUST0469,Kavya Khan,Female,24,Delhi,PROD011,Colgate Toothpaste,Personal Care,2,103.26,206.52,0.05,47.6,Net Banking
ORD04229,1/14/2025,CUST0127,Arjun Mehta,Female,19,Kolkata,PROD011,Colgate Toothpaste,Personal Care,4,101.59,406.36,0,71.18,UPI
ORD04230,7/3/2025,CUST0101,Isha Verma,Male,44,Kolkata,PROD007,Surf Excel,Home & Cleaning,1,184.97,184.97,0,21.64,Cash
ORD04231,10/6/2025,CUST0849,Arjun Das,Male,61,Chennai,PROD018,Nescafe Coffee,Beverages,3,205.79,617.37,0,79.81,Debit Card
ORD04232,7/21/2025,CUST0957,Nikhil Verma,Female,52,Jaipur,PROD001,Parle-G Biscuits,Snacks,3,29.16,87.48,0.05,12.22,Cash
ORD04233,3/13/2025,CUST0854,Nikhil Patel,Female,51,Hyderabad,PROD003,Amul Milk,Dairy,4,65.99,263.96,0,21.57,Debit Card
ORD04234,1/21/2025,CUST0253,Kavya Patel,Male,20,Mumbai,PROD009,Aashirvaad Atta,Groceries,3,246.57,739.71,0.1,103.17,Cash
ORD04235,4/12/2025,CUST0486,Rahul Singh,Female,62,Bengaluru,PROD013,Britannia Bread,Dairy,1,44.85,44.85,0,8.31,Net Banking
ORD04236,8/29/2025,CUST0770,Amit Malhotra,Female,46,Mumbai,PROD018,Nescafe Coffee,Beverages,8,198.73,1589.84,0.1,286.77,Debit Card
ORD04237,8/18/2025,CUST0054,Neha Sharma,Male,23,Bengaluru,PROD018,Nescafe Coffee,Beverages,8,194.37,1554.96,0,144.23,Debit Card
ORD04238,7/9/2025,CUST0183,Priya Verma,Female,56,Lucknow,PROD010,Maggi Noodles,Groceries,1,14.3,14.3,0,2.84,UPI
ORD04239,8/25/2025,CUST0020,Priya Kapoor,Female,43,Hyderabad,PROD020,Head & Shoulders,Personal Care,8,284.69,2277.52,0,292.03,Credit Card
ORD04240,8/12/2025,CUST0353,Neha Singh,Male,28,Hyderabad,PROD009,Aashirvaad Atta,Groceries,3,253.71,761.13,0.05,166.68,Net Banking
ORD04241,12/30/2025,CUST0607,Neha Malhotra,Male,40,Hyderabad,PROD007,Surf Excel,Home & Cleaning,3,184.11,552.33,0.1,103.36,Credit Card
ORD04242,2/22/2025,CUST0595,Manish Kapoor,Female,62,Pune,PROD018,Nescafe Coffee,Beverages,6,200.43,1202.58,0,209.78,Net Banking
ORD04243,11/17/2025,CUST0174,Pooja Malhotra,Female,37,Lucknow,PROD017,Good Day Cookies,Snacks,4,54.31,217.24,0,53.21,Credit Card
ORD04244,1/21/2025,CUST0796,Sahil Gupta,Male,42,Jaipur,PROD015,Harpic Cleaner,Home & Cleaning,7,128.42,898.94,0.1,186.4,Debit Card
ORD04245,4/29/2025,CUST0185,Aditya Singh,Female,46,Pune,PROD008,Dove Soap,Personal Care,6,59.71,358.26,0.1,68.18,UPI
ORD04246,8/7/2025,CUST0534,Pooja Singh,Female,50,Ahmedabad,PROD020,Head & Shoulders,Personal Care,6,269.57,1617.42,0,355.03,Net Banking
ORD04247,12/29/2025,CUST0608,Karan Joshi,Male,51,Ahmedabad,PROD006,Tata Tea,Beverages,2,125.71,251.42,0.05,29.24,Cash
ORD04248,12/2/2025,CUST0738,Riya Sharma,Female,61,Kolkata,PROD002,Tata Salt,Groceries,6,26.63,159.78,0.1,35.54,UPI
ORD04249,6/2/2025,CUST0508,Manish Nair,Female,52,Kolkata,PROD016,Thums Up,Beverages,6,38.04,228.24,0.15,33.71,Net Banking
ORD04250,9/16/2025,CUST0290,Sahil Gupta,Female,53,Lucknow,PROD019,Vim Dishwash,Home & Cleaning,7,88.17,617.19,0.05,92.37,Cash
ORD04251,1/6/2025,CUST0722,Amit Gupta,Male,55,Pune,PROD014,Kellogg's Corn Flakes,Groceries,3,223.71,671.13,0,116.08,Debit Card
ORD04252,7/3/2025,CUST0934,Meera Das,Female,61,Chennai,PROD019,Vim Dishwash,Home & Cleaning,6,86.48,518.88,0.05,85.73,Debit Card
ORD04253,2/21/2025,CUST0767,Karan Reddy,Male,58,Lucknow,PROD006,Tata Tea,Beverages,3,130.2,390.6,0.15,45.35,Credit Card
ORD04254,5/31/2025,CUST0837,Meera Mehta,Male,18,Jaipur,PROD007,Surf Excel,Home & Cleaning,1,191.05,191.05,0.15,14.85,UPI
ORD04255,12/27/2025,CUST0596,Kavya Nair,Female,26,Hyderabad,PROD014,Kellogg's Corn Flakes,Groceries,4,220.27,881.08,0.05,82.58,UPI
ORD04256,4/28/2025,CUST0027,Meera Patel,Female,42,Lucknow,PROD020,Head & Shoulders,Personal Care,7,266.42,1864.94,0.05,174.04,Cash
ORD04257,6/21/2025,CUST0235,Rahul Malhotra,Female,35,Mumbai,PROD013,Britannia Bread,Dairy,6,47.71,286.26,0,68.78,UPI
ORD04258,5/14/2025,CUST0258,Simran Gupta,Female,46,Bengaluru,PROD003,Amul Milk,Dairy,8,59.14,473.12,0,49.16,Credit Card
ORD04259,4/12/2025,CUST0430,Manish Joshi,Female,49,Mumbai,PROD016,Thums Up,Beverages,8,43.21,345.68,0,86.01,Credit Card
ORD04260,9/27/2025,CUST0222,Neha Joshi,Male,62,Hyderabad,PROD018,Nescafe Coffee,Beverages,2,184.49,368.98,0,57.2,Net Banking
ORD04261,12/16/2025,CUST0670,Rohan Mehta,Male,59,Delhi,PROD019,Vim Dishwash,Home & Cleaning,4,90.27,361.08,0.05,66.79,Debit Card
ORD04262,6/12/2025,CUST0899,Rohan Joshi,Female,25,Kolkata,PROD005,Coca Cola,Beverages,2,43.23,86.46,0,13.4,Net Banking
ORD04263,6/6/2025,CUST0434,Rahul Malhotra,Male,45,Delhi,PROD008,Dove Soap,Personal Care,8,59.6,476.8,0,43.84,Net Banking
ORD04264,10/1/2025,CUST0862,Riya Mehta,Male,20,Jaipur,PROD007,Surf Excel,Home & Cleaning,4,197.74,790.96,0,183.98,Net Banking
ORD04265,6/21/2025,CUST0413,Sneha Khan,Female,23,Hyderabad,PROD006,Tata Tea,Beverages,4,114.97,459.88,0.1,84.62,Net Banking
ORD04266,1/10/2025,CUST0910,Amit Malhotra,Female,46,Chennai,PROD009,Aashirvaad Atta,Groceries,1,238.5,238.5,0.15,19.51,Credit Card
ORD04267,12/13/2025,CUST0722,Amit Gupta,Male,55,Pune,PROD014,Kellogg's Corn Flakes,Groceries,5,216.73,1083.65,0.05,207.54,UPI
ORD04268,12/28/2025,CUST0940,Priya Gupta,Female,28,Hyderabad,PROD002,Tata Salt,Groceries,3,26.88,80.64,0,10.63,Debit Card
ORD04269,8/5/2025,CUST0025,Rohan Shah,Female,23,Mumbai,PROD018,Nescafe Coffee,Beverages,2,193.26,386.52,0,64.95,UPI
ORD04270,2/2/2025,CUST0435,Arjun Das,Female,43,Chennai,PROD018,Nescafe Coffee,Beverages,8,195.69,1565.52,0,174.14,Debit Card
ORD04271,3/7/2025,CUST0582,Riya Verma,Male,28,Kolkata,PROD020,Head & Shoulders,Personal Care,8,280.61,2244.88,0,259.59,UPI
ORD04272,4/15/2025,CUST0287,Pooja Khan,Male,54,Jaipur,PROD007,Surf Excel,Home & Cleaning,5,188.94,944.7,0.05,104.3,Debit Card
ORD04273,1/24/2025,CUST0313,Sahil Mehta,Male,43,Hyderabad,PROD005,Coca Cola,Beverages,2,43.04,86.08,0.05,7.46,UPI
ORD04274,3/4/2025,CUST0302,Sahil Joshi,Female,20,Bengaluru,PROD013,Britannia Bread,Dairy,1,43.19,43.19,0.05,4.05,Credit Card
ORD04275,3/10/2025,CUST0345,Anjali Malhotra,Male,64,Ahmedabad,PROD012,Dettol Handwash,Personal Care,6,120.34,722.04,0.1,115.09,UPI
ORD04276,11/2/2025,CUST0739,Anjali Khan,Male,29,Hyderabad,PROD016,Thums Up,Beverages,3,42.11,126.33,0,24.69,Debit Card
ORD04277,2/9/2025,CUST0434,Rahul Malhotra,Male,45,Delhi,PROD015,Harpic Cleaner,Home & Cleaning,3,131.07,393.21,0.1,51.04,Net Banking
ORD04278,9/1/2025,CUST0820,Anjali Patel,Female,63,Jaipur,PROD020,Head & Shoulders,Personal Care,8,274.9,2199.2,0.1,323.59,Cash
ORD04279,2/9/2025,CUST0940,Priya Gupta,Female,28,Hyderabad,PROD012,Dettol Handwash,Personal Care,2,108.09,216.18,0.1,30.94,Credit Card
ORD04280,8/22/2025,CUST0809,Kavya Singh,Female,59,Ahmedabad,PROD007,Surf Excel,Home & Cleaning,2,185.39,370.78,0.15,37.17,Credit Card
ORD04281,10/28/2025,CUST0043,Isha Gupta,Male,18,Pune,PROD009,Aashirvaad Atta,Groceries,8,245.93,1967.44,0.05,264.31,Debit Card
ORD04282,8/22/2025,CUST0327,Priya Joshi,Male,38,Lucknow,PROD011,Colgate Toothpaste,Personal Care,7,103.49,724.43,0,137.41,Credit Card
ORD04283,6/9/2025,CUST0288,Vikram Verma,Female,32,Pune,PROD004,Lay's Chips,Snacks,1,35.87,35.87,0.15,5.85,UPI
ORD04284,11/14/2025,CUST0254,Pooja Joshi,Male,24,Bengaluru,PROD004,Lay's Chips,Snacks,6,37.85,227.1,0.05,35.96,Credit Card
ORD04285,5/3/2025,CUST0929,Meera Iyer,Female,50,Kolkata,PROD019,Vim Dishwash,Home & Cleaning,2,95.86,191.72,0.15,30.7,Cash
ORD04286,11/4/2025,CUST0738,Riya Sharma,Female,61,Kolkata,PROD005,Coca Cola,Beverages,1,45.19,45.19,0.05,9.47,Credit Card
ORD04287,1/16/2025,CUST0786,Sahil Shah,Female,27,Mumbai,PROD008,Dove Soap,Personal Care,3,55.95,167.85,0.15,19.08,Cash
ORD04288,1/28/2025,CUST0234,Simran Iyer,Female,62,Hyderabad,PROD017,Good Day Cookies,Snacks,6,53.86,323.16,0.1,23.68,Cash
ORD04289,4/6/2025,CUST0987,Anjali Nair,Male,53,Ahmedabad,PROD003,Amul Milk,Dairy,6,58.77,352.62,0.15,57.44,UPI
ORD04290,4/23/2025,CUST0704,Arjun Malhotra,Male,54,Chennai,PROD012,Dettol Handwash,Personal Care,6,115.76,694.56,0.05,133.44,Debit Card
ORD04291,12/13/2025,CUST0274,Riya Das,Female,22,Pune,PROD010,Maggi Noodles,Groceries,1,15.26,15.26,0.15,2.6,Cash
ORD04292,2/24/2025,CUST0467,Meera Das,Male,33,Mumbai,PROD015,Harpic Cleaner,Home & Cleaning,3,130.83,392.49,0,96.45,UPI
ORD04293,1/12/2025,CUST0759,Rohan Kapoor,Male,51,Chennai,PROD002,Tata Salt,Groceries,8,29.87,238.96,0,56.72,Net Banking
ORD04294,2/24/2025,CUST0318,Anjali Iyer,Male,59,Pune,PROD016,Thums Up,Beverages,2,43.92,87.84,0,11.43,Cash
ORD04295,1/12/2025,CUST0376,Rohan Patel,Female,20,Hyderabad,PROD016,Thums Up,Beverages,1,43.36,43.36,0.05,3.96,Debit Card
ORD04296,5/20/2025,CUST0566,Kavya Gupta,Male,39,Lucknow,PROD014,Kellogg's Corn Flakes,Groceries,7,214.73,1503.11,0.15,193.1,Credit Card
ORD04297,9/12/2025,CUST0983,Rahul Iyer,Female,52,Jaipur,PROD014,Kellogg's Corn Flakes,Groceries,3,223.74,671.22,0.05,140.31,UPI
ORD04298,3/2/2025,CUST0713,Rahul Khan,Male,60,Kolkata,PROD009,Aashirvaad Atta,Groceries,7,255.13,1785.91,0,387.34,Net Banking
ORD04299,1/25/2025,CUST0475,Anjali Reddy,Female,20,Mumbai,PROD015,Harpic Cleaner,Home & Cleaning,1,123.08,123.08,0,16.67,Debit Card
ORD04300,3/10/2025,CUST0676,Arjun Nair,Male,33,Jaipur,PROD010,Maggi Noodles,Groceries,4,16.02,64.08,0,10.18,Debit Card
ORD04301,9/5/2025,CUST0861,Kavya Nair,Female,43,Kolkata,PROD013,Britannia Bread,Dairy,7,47.97,335.79,0.15,70.96,Debit Card
ORD04302,4/27/2025,CUST0616,Meera Reddy,Male,46,Lucknow,PROD002,Tata Salt,Groceries,4,29.28,117.12,0,14.56,Net Banking
ORD04303,10/21/2025,CUST0104,Sahil Iyer,Female,47,Ahmedabad,PROD015,Harpic Cleaner,Home & Cleaning,8,130.46,1043.68,0.15,211.75,Credit Card
ORD04304,9/28/2025,CUST0268,Karan Sharma,Male,34,Mumbai,PROD013,Britannia Bread,Dairy,3,44.66,133.98,0,17.15,UPI
ORD04305,5/28/2025,CUST0108,Sneha Kapoor,Male,27,Mumbai,PROD007,Surf Excel,Home & Cleaning,1,173.52,173.52,0.1,32.88,Credit Card
ORD04306,7/10/2025,CUST0140,Simran Verma,Male,28,Hyderabad,PROD008,Dove Soap,Personal Care,2,58.97,117.94,0.05,22.09,UPI
ORD04307,9/1/2025,CUST0523,Manish Reddy,Male,53,Kolkata,PROD004,Lay's Chips,Snacks,3,35.68,107.04,0.15,8.53,UPI
ORD04308,3/21/2025,CUST0023,Rohan Gupta,Female,65,Lucknow,PROD008,Dove Soap,Personal Care,5,54.25,271.25,0.1,30.77,Debit Card
ORD04309,3/12/2025,CUST0910,Amit Malhotra,Female,46,Chennai,PROD013,Britannia Bread,Dairy,8,44.75,358,0.05,39.35,Debit Card
ORD04310,11/23/2025,CUST0094,Kavya Khan,Female,45,Lucknow,PROD005,Coca Cola,Beverages,4,43.58,174.32,0.05,20.51,UPI
ORD04311,9/8/2025,CUST0117,Manish Singh,Male,58,Hyderabad,PROD019,Vim Dishwash,Home & Cleaning,1,94.14,94.14,0,13.6,UPI
ORD04312,3/7/2025,CUST0254,Pooja Joshi,Male,24,Bengaluru,PROD013,Britannia Bread,Dairy,4,43.11,172.44,0,24.36,Credit Card
ORD04313,8/13/2025,CUST0078,Arjun Verma,Female,53,Kolkata,PROD010,Maggi Noodles,Groceries,5,14.62,73.1,0.1,14.03,Credit Card
ORD04314,8/6/2025,CUST0767,Karan Reddy,Male,58,Lucknow,PROD012,Dettol Handwash,Personal Care,4,113.75,455,0,60.84,UPI
ORD04315,11/15/2025,CUST0127,Arjun Mehta,Female,19,Kolkata,PROD014,Kellogg's Corn Flakes,Groceries,2,229.84,459.68,0.05,84.53,Net Banking
ORD04316,12/26/2025,CUST0733,Vikram Malhotra,Female,41,Pune,PROD020,Head & Shoulders,Personal Care,5,257.54,1287.7,0,193.44,UPI
ORD04317,6/12/2025,CUST0547,Meera Reddy,Female,60,Ahmedabad,PROD009,Aashirvaad Atta,Groceries,6,249.3,1495.8,0.1,282.36,Net Banking
ORD04318,10/1/2025,CUST0995,Kavya Singh,Female,26,Chennai,PROD005,Coca Cola,Beverages,7,46.33,324.31,0.15,39.33,UPI
ORD04319,3/10/2025,CUST0277,Nikhil Singh,Female,50,Lucknow,PROD020,Head & Shoulders,Personal Care,5,284.73,1423.65,0,307.28,Credit Card
ORD04320,12/22/2025,CUST0356,Kavya Sharma,Female,50,Chennai,PROD018,Nescafe Coffee,Beverages,6,197.41,1184.46,0.05,187.8,Credit Card
ORD04321,9/11/2025,CUST0972,Amit Sharma,Male,34,Jaipur,PROD011,Colgate Toothpaste,Personal Care,3,97.49,292.47,0,40.11,Debit Card
ORD04322,7/4/2025,CUST0047,Sahil Joshi,Male,48,Kolkata,PROD016,Thums Up,Beverages,2,41.52,83.04,0.1,16.25,Debit Card
ORD04323,8/31/2025,CUST0808,Neha Kapoor,Female,52,Chennai,PROD010,Maggi Noodles,Groceries,3,15.06,45.18,0.05,8.57,Cash
ORD04324,5/16/2025,CUST0501,Sahil Patel,Male,45,Chennai,PROD016,Thums Up,Beverages,5,39.71,198.55,0.05,33.22,Net Banking
ORD04325,1/5/2025,CUST0252,Amit Nair,Female,62,Hyderabad,PROD002,Tata Salt,Groceries,5,28.39,141.95,0,12.53,Cash
ORD04326,12/10/2025,CUST0582,Riya Verma,Male,28,Kolkata,PROD018,Nescafe Coffee,Beverages,3,191.62,574.86,0.15,75.17,Cash
ORD04327,10/15/2025,CUST0373,Neha Kapoor,Female,26,Mumbai,PROD012,Dettol Handwash,Personal Care,4,112.7,450.8,0.15,45.5,Debit Card
ORD04328,1/12/2025,CUST0925,Sahil Shah,Male,49,Mumbai,PROD010,Maggi Noodles,Groceries,7,14.3,100.1,0,10.39,Debit Card
ORD04329,7/1/2025,CUST0025,Rohan Shah,Female,23,Mumbai,PROD015,Harpic Cleaner,Home & Cleaning,3,134.87,404.61,0.05,83.67,Credit Card
ORD04330,11/11/2025,CUST0618,Vikram Singh,Male,54,Pune,PROD014,Kellogg's Corn Flakes,Groceries,1,202.42,202.42,0.1,16.45,Credit Card
ORD04331,3/11/2025,CUST0145,Kavya Nair,Female,22,Jaipur,PROD009,Aashirvaad Atta,Groceries,8,238.67,1909.36,0.15,169.38,Debit Card
ORD04332,1/30/2025,CUST0685,Priya Reddy,Male,43,Jaipur,PROD004,Lay's Chips,Snacks,8,34.81,278.48,0,54.74,Credit Card
ORD04333,12/21/2025,CUST0135,Riya Sharma,Male,40,Bengaluru,PROD012,Dettol Handwash,Personal Care,1,115.21,115.21,0,23.9,Net Banking
ORD04334,10/21/2025,CUST0305,Karan Patel,Male,49,Kolkata,PROD008,Dove Soap,Personal Care,5,60.07,300.35,0,47.51,Debit Card
ORD04335,5/16/2025,CUST0160,Karan Khan,Female,35,Hyderabad,PROD008,Dove Soap,Personal Care,7,53,371,0.1,60.29,Net Banking
ORD04336,7/1/2025,CUST0425,Isha Patel,Female,33,Ahmedabad,PROD009,Aashirvaad Atta,Groceries,6,272.24,1633.44,0.05,283.61,Net Banking
ORD04337,9/10/2025,CUST0363,Nikhil Mehta,Male,36,Bengaluru,PROD015,Harpic Cleaner,Home & Cleaning,2,122,244,0,49.62,Debit Card
ORD04338,3/16/2025,CUST0698,Priya Joshi,Male,41,Delhi,PROD005,Coca Cola,Beverages,8,47.67,381.36,0.15,38.53,Debit Card
ORD04339,12/7/2025,CUST0924,Priya Reddy,Male,46,Ahmedabad,PROD001,Parle-G Biscuits,Snacks,3,29.46,88.38,0,12.99,Credit Card
ORD04340,12/8/2025,CUST0488,Anjali Mehta,Female,62,Pune,PROD013,Britannia Bread,Dairy,2,45.87,91.74,0.05,17.5,Debit Card
ORD04341,3/25/2025,CUST0042,Sneha Patel,Female,19,Lucknow,PROD009,Aashirvaad Atta,Groceries,7,250.11,1750.77,0.05,161.14,Net Banking
ORD04342,3/11/2025,CUST0387,Simran Joshi,Male,64,Chennai,PROD008,Dove Soap,Personal Care,2,60.15,120.3,0,16.79,Credit Card
ORD04343,6/23/2025,CUST0545,Amit Das,Male,18,Bengaluru,PROD020,Head & Shoulders,Personal Care,3,248.48,745.44,0.05,138.42,Net Banking
ORD04344,5/20/2025,CUST0366,Meera Shah,Male,58,Jaipur,PROD006,Tata Tea,Beverages,3,121.96,365.88,0.1,53.79,Credit Card
ORD04345,4/28/2025,CUST0212,Sneha Iyer,Female,32,Kolkata,PROD020,Head & Shoulders,Personal Care,4,259.42,1037.68,0.05,115.23,Cash
ORD04346,10/24/2025,CUST0199,Priya Gupta,Female,53,Delhi,PROD005,Coca Cola,Beverages,8,46.26,370.08,0,67.85,Credit Card
ORD04347,9/8/2025,CUST0082,Simran Reddy,Male,40,Bengaluru,PROD012,Dettol Handwash,Personal Care,2,105.18,210.36,0,30.4,Cash
ORD04348,12/23/2025,CUST0775,Simran Shah,Female,24,Ahmedabad,PROD006,Tata Tea,Beverages,2,118.63,237.26,0.05,54.58,Net Banking
ORD04349,9/12/2025,CUST0395,Arjun Gupta,Male,19,Delhi,PROD019,Vim Dishwash,Home & Cleaning,7,98.61,690.27,0.05,76.6,UPI
ORD04350,1/3/2025,CUST0370,Amit Shah,Male,42,Ahmedabad,PROD012,Dettol Handwash,Personal Care,8,108.6,868.8,0,122.1,Net Banking
ORD04351,12/7/2025,CUST0582,Riya Verma,Male,28,Kolkata,PROD018,Nescafe Coffee,Beverages,4,182.37,729.48,0.1,77.3,Net Banking
ORD04352,4/27/2025,CUST0371,Priya Nair,Female,41,Hyderabad,PROD002,Tata Salt,Groceries,8,29.22,233.76,0,37.26,UPI
ORD04353,6/9/2025,CUST0134,Arjun Kapoor,Female,34,Pune,PROD020,Head & Shoulders,Personal Care,8,285.57,2284.56,0.05,520.94,Net Banking
ORD04354,7/11/2025,CUST0349,Vikram Khan,Female,47,Hyderabad,PROD002,Tata Salt,Groceries,3,29.47,88.41,0.1,15.43,Net Banking
ORD04355,1/31/2025,CUST0655,Amit Kapoor,Female,31,Kolkata,PROD001,Parle-G Biscuits,Snacks,3,30.35,91.05,0,7.29,Cash
ORD04356,3/22/2025,CUST0155,Nikhil Gupta,Male,33,Kolkata,PROD006,Tata Tea,Beverages,1,124.09,124.09,0.1,10.56,UPI
ORD04357,11/26/2025,CUST0535,Manish Patel,Female,38,Bengaluru,PROD019,Vim Dishwash,Home & Cleaning,5,90.19,450.95,0,81.78,Debit Card
ORD04358,6/17/2025,CUST0584,Simran Singh,Male,64,Ahmedabad,PROD014,Kellogg's Corn Flakes,Groceries,1,203.64,203.64,0,18.9,Net Banking
ORD04359,8/17/2025,CUST0929,Meera Iyer,Female,50,Kolkata,PROD020,Head & Shoulders,Personal Care,8,283.9,2271.2,0,359.4,Net Banking
ORD04360,1/30/2025,CUST0031,Rahul Das,Female,50,Delhi,PROD007,Surf Excel,Home & Cleaning,3,176.31,528.93,0.15,76.15,Cash
ORD04361,3/28/2025,CUST0885,Neha Malhotra,Female,27,Pune,PROD001,Parle-G Biscuits,Snacks,5,32.73,163.65,0.1,20.2,Debit Card
ORD04362,8/5/2025,CUST0125,Riya Sharma,Female,37,Kolkata,PROD008,Dove Soap,Personal Care,1,52.64,52.64,0.15,8.34,Cash
ORD04363,1/3/2025,CUST0666,Sahil Gupta,Female,18,Mumbai,PROD012,Dettol Handwash,Personal Care,8,109.85,878.8,0.15,102.69,Net Banking
ORD04364,8/13/2025,CUST0347,Manish Iyer,Female,65,Ahmedabad,PROD019,Vim Dishwash,Home & Cleaning,2,89.6,179.2,0,23.37,Credit Card
ORD04365,3/7/2025,CUST0923,Vikram Das,Female,24,Kolkata,PROD008,Dove Soap,Personal Care,7,55.65,389.55,0.05,72.21,Cash
ORD04366,3/5/2025,CUST0183,Priya Verma,Female,56,Lucknow,PROD017,Good Day Cookies,Snacks,7,54.67,382.69,0,65.76,Debit Card
ORD04367,5/19/2025,CUST0786,Sahil Shah,Female,27,Mumbai,PROD005,Coca Cola,Beverages,1,44.83,44.83,0,8.55,Debit Card
ORD04368,7/17/2025,CUST0936,Karan Das,Male,40,Jaipur,PROD002,Tata Salt,Groceries,5,30.41,152.05,0,14.91,Debit Card
ORD04369,5/27/2025,CUST0679,Pooja Nair,Male,33,Ahmedabad,PROD007,Surf Excel,Home & Cleaning,5,187.33,936.65,0,211.6,UPI
ORD04370,12/14/2025,CUST0436,Priya Mehta,Male,54,Jaipur,PROD013,Britannia Bread,Dairy,8,44.48,355.84,0,55.18,Net Banking
ORD04371,2/8/2025,CUST0689,Karan Mehta,Male,37,Kolkata,PROD014,Kellogg's Corn Flakes,Groceries,6,216.29,1297.74,0.1,147.19,UPI
ORD04372,5/29/2025,CUST0056,Aditya Reddy,Male,28,Kolkata,PROD013,Britannia Bread,Dairy,7,45.84,320.88,0,79.04,UPI
ORD04373,6/12/2025,CUST0517,Rohan Nair,Male,44,Hyderabad,PROD015,Harpic Cleaner,Home & Cleaning,4,131,524,0.1,80.86,Credit Card
ORD04374,4/19/2025,CUST0466,Isha Das,Female,26,Pune,PROD016,Thums Up,Beverages,1,38.43,38.43,0,4.9,UPI
ORD04375,3/17/2025,CUST0442,Priya Sharma,Male,63,Chennai,PROD009,Aashirvaad Atta,Groceries,6,262.84,1577.04,0.15,226.09,Debit Card
ORD04376,9/5/2025,CUST0253,Kavya Patel,Male,20,Mumbai,PROD015,Harpic Cleaner,Home & Cleaning,1,123.82,123.82,0,16.07,Net Banking
ORD04377,7/11/2025,CUST0206,Manish Shah,Male,42,Bengaluru,PROD013,Britannia Bread,Dairy,6,43.21,259.26,0.15,49.02,Cash
ORD04378,1/26/2025,CUST0806,Sahil Shah,Female,25,Kolkata,PROD019,Vim Dishwash,Home & Cleaning,3,98.81,296.43,0.15,26.14,Credit Card
ORD04379,3/2/2025,CUST0685,Priya Reddy,Male,43,Jaipur,PROD006,Tata Tea,Beverages,8,131.15,1049.2,0.05,211.28,Credit Card
ORD04380,5/8/2025,CUST0373,Neha Kapoor,Female,26,Mumbai,PROD013,Britannia Bread,Dairy,8,49.43,395.44,0,42.01,UPI
ORD04381,6/28/2025,CUST0028,Manish Shah,Female,53,Mumbai,PROD018,Nescafe Coffee,Beverages,6,193.55,1161.3,0.15,223.71,Net Banking
ORD04382,7/18/2025,CUST0118,Nikhil Joshi,Male,35,Ahmedabad,PROD012,Dettol Handwash,Personal Care,4,106.84,427.36,0.05,45.02,Cash
ORD04383,10/3/2025,CUST0021,Amit Gupta,Female,31,Ahmedabad,PROD001,Parle-G Biscuits,Snacks,1,32.44,32.44,0.05,7.27,Credit Card
ORD04384,5/18/2025,CUST0418,Priya Nair,Female,59,Bengaluru,PROD020,Head & Shoulders,Personal Care,1,274.21,274.21,0,23.37,UPI
ORD04385,9/21/2025,CUST0841,Nikhil Kapoor,Male,21,Lucknow,PROD008,Dove Soap,Personal Care,7,55.04,385.28,0,39.01,Debit Card
ORD04386,8/16/2025,CUST0445,Anjali Mehta,Female,55,Chennai,PROD018,Nescafe Coffee,Beverages,5,198.07,990.35,0.15,210.16,Cash
ORD04387,9/13/2025,CUST0836,Arjun Gupta,Female,37,Jaipur,PROD001,Parle-G Biscuits,Snacks,8,32.11,256.88,0.1,20.22,Debit Card
ORD04388,8/16/2025,CUST0962,Meera Reddy,Male,20,Chennai,PROD013,Britannia Bread,Dairy,2,48.36,96.72,0,11.81,UPI
ORD04389,5/26/2025,CUST0053,Manish Gupta,Male,46,Jaipur,PROD009,Aashirvaad Atta,Groceries,2,264.86,529.72,0.1,118.53,Credit Card
ORD04390,12/26/2025,CUST0397,Arjun Kapoor,Female,63,Ahmedabad,PROD018,Nescafe Coffee,Beverages,8,182.85,1462.8,0.1,158.67,Cash
ORD04391,6/4/2025,CUST0448,Neha Mehta,Female,64,Mumbai,PROD006,Tata Tea,Beverages,2,130.32,260.64,0.1,46.99,UPI
ORD04392,3/4/2025,CUST0757,Meera Gupta,Male,39,Delhi,PROD011,Colgate Toothpaste,Personal Care,5,104.1,520.5,0.15,68.27,Net Banking
ORD04393,9/17/2025,CUST0153,Anjali Joshi,Male,40,Hyderabad,PROD010,Maggi Noodles,Groceries,8,14.94,119.52,0.05,12.37,Debit Card
ORD04394,8/29/2025,CUST0904,Meera Sharma,Male,59,Delhi,PROD008,Dove Soap,Personal Care,2,54.32,108.64,0.15,15.29,Credit Card
ORD04395,3/24/2025,CUST0429,Karan Gupta,Male,49,Jaipur,PROD007,Surf Excel,Home & Cleaning,5,189.52,947.6,0,89.04,Credit Card
ORD04396,1/8/2025,CUST0210,Isha Joshi,Female,39,Jaipur,PROD008,Dove Soap,Personal Care,3,53.26,159.78,0.15,29,Cash
ORD04397,1/4/2025,CUST0716,Amit Sharma,Male,51,Kolkata,PROD004,Lay's Chips,Snacks,4,37.77,151.08,0,29.08,Debit Card
ORD04398,9/5/2025,CUST0736,Karan Patel,Male,47,Mumbai,PROD009,Aashirvaad Atta,Groceries,5,272.11,1360.55,0.05,195.67,UPI
ORD04399,7/14/2025,CUST0373,Neha Kapoor,Female,26,Mumbai,PROD009,Aashirvaad Atta,Groceries,2,265.03,530.06,0.1,90.87,Cash
ORD04400,10/23/2025,CUST0008,Karan Singh,Male,31,Chennai,PROD010,Maggi Noodles,Groceries,6,15.19,91.14,0.15,17.23,UPI
ORD04401,12/1/2025,CUST0914,Vikram Nair,Female,39,Chennai,PROD004,Lay's Chips,Snacks,7,36.85,257.95,0.05,35.04,Cash
ORD04402,7/17/2025,CUST0504,Kavya Khan,Female,46,Kolkata,PROD015,Harpic Cleaner,Home & Cleaning,7,136.23,953.61,0.1,173.65,Cash
ORD04403,3/6/2025,CUST0882,Vikram Khan,Female,36,Delhi,PROD009,Aashirvaad Atta,Groceries,8,273.97,2191.76,0,384.79,UPI
ORD04404,6/14/2025,CUST0513,Priya Gupta,Male,43,Ahmedabad,PROD011,Colgate Toothpaste,Personal Care,3,98.6,295.8,0.05,38.22,Credit Card
ORD04405,9/23/2025,CUST0073,Rohan Singh,Male,24,Jaipur,PROD016,Thums Up,Beverages,6,38.37,230.22,0.15,36.39,Cash
ORD04406,5/22/2025,CUST0542,Anjali Verma,Female,29,Jaipur,PROD005,Coca Cola,Beverages,8,49.47,395.76,0.1,50.33,Credit Card
ORD04407,1/21/2025,CUST0171,Rohan Verma,Female,23,Bengaluru,PROD001,Parle-G Biscuits,Snacks,7,28.85,201.95,0.15,24.29,Cash
ORD04408,12/14/2025,CUST0912,Kavya Sharma,Male,23,Lucknow,PROD020,Head & Shoulders,Personal Care,3,270.2,810.6,0.15,109.87,Credit Card
ORD04409,7/14/2025,CUST0661,Pooja Verma,Female,23,Chennai,PROD017,Good Day Cookies,Snacks,7,53.39,373.73,0.05,30.5,Cash
ORD04410,1/20/2025,CUST0144,Neha Kapoor,Male,40,Jaipur,PROD010,Maggi Noodles,Groceries,7,16.19,113.33,0.1,11.67,Credit Card
ORD04411,12/23/2025,CUST0167,Riya Patel,Male,54,Hyderabad,PROD003,Amul Milk,Dairy,5,59.22,296.1,0,28.17,Credit Card
ORD04412,2/27/2025,CUST0581,Anjali Verma,Female,37,Hyderabad,PROD008,Dove Soap,Personal Care,4,59.02,236.08,0,23.24,Net Banking
ORD04413,6/25/2025,CUST0270,Amit Joshi,Female,41,Jaipur,PROD001,Parle-G Biscuits,Snacks,7,30.09,210.63,0.15,30.51,Net Banking
ORD04414,10/19/2025,CUST0511,Meera Kapoor,Male,33,Bengaluru,PROD011,Colgate Toothpaste,Personal Care,6,92.15,552.9,0.05,73.76,Cash
ORD04415,5/10/2025,CUST0107,Meera Khan,Male,33,Hyderabad,PROD011,Colgate Toothpaste,Personal Care,2,94.19,188.38,0.1,31.1,Debit Card
ORD04416,10/7/2025,CUST0466,Isha Das,Female,26,Pune,PROD017,Good Day Cookies,Snacks,4,49.88,199.52,0.1,43.6,Credit Card
ORD04417,6/18/2025,CUST0666,Sahil Gupta,Female,18,Mumbai,PROD017,Good Day Cookies,Snacks,8,52.84,422.72,0,81.01,Debit Card
ORD04418,5/7/2025,CUST0993,Sahil Verma,Female,38,Kolkata,PROD013,Britannia Bread,Dairy,7,48.92,342.44,0.1,75.65,Credit Card
ORD04419,5/9/2025,CUST0828,Arjun Das,Male,36,Mumbai,PROD018,Nescafe Coffee,Beverages,6,200.75,1204.5,0.15,158.03,UPI
ORD04420,12/21/2025,CUST0476,Pooja Iyer,Male,39,Hyderabad,PROD018,Nescafe Coffee,Beverages,3,189.82,569.46,0.1,119.76,UPI
ORD04421,8/6/2025,CUST0615,Anjali Nair,Female,43,Mumbai,PROD020,Head & Shoulders,Personal Care,2,277.22,554.44,0.1,50.85,Net Banking
ORD04422,7/21/2025,CUST0314,Karan Gupta,Female,28,Pune,PROD016,Thums Up,Beverages,7,42.22,295.54,0,53.38,Net Banking
ORD04423,9/6/2025,CUST0291,Meera Nair,Male,56,Hyderabad,PROD005,Coca Cola,Beverages,7,46.3,324.1,0.05,68.42,Net Banking
ORD04424,1/25/2025,CUST0469,Kavya Khan,Female,24,Delhi,PROD007,Surf Excel,Home & Cleaning,7,184,1288,0.15,252.57,UPI
ORD04425,11/7/2025,CUST0833,Meera Kapoor,Male,32,Hyderabad,PROD001,Parle-G Biscuits,Snacks,3,31.45,94.35,0.1,18.53,UPI
ORD04426,4/7/2025,CUST0696,Arjun Shah,Male,34,Lucknow,PROD020,Head & Shoulders,Personal Care,6,280.39,1682.34,0,373.88,Net Banking
ORD04427,7/7/2025,CUST0979,Aditya Malhotra,Male,48,Delhi,PROD015,Harpic Cleaner,Home & Cleaning,3,120.64,361.92,0,36.6,UPI
ORD04428,6/6/2025,CUST0586,Rohan Singh,Male,43,Chennai,PROD002,Tata Salt,Groceries,5,30.38,151.9,0.1,14.92,Debit Card
ORD04429,7/28/2025,CUST0428,Kavya Gupta,Male,38,Lucknow,PROD006,Tata Tea,Beverages,3,114.64,343.92,0.1,42.47,Credit Card
ORD04430,3/21/2025,CUST0648,Rohan Das,Male,33,Delhi,PROD008,Dove Soap,Personal Care,4,60.38,241.52,0.05,19.78,Debit Card
ORD04431,2/16/2025,CUST0194,Pooja Nair,Female,53,Mumbai,PROD005,Coca Cola,Beverages,7,43.62,305.34,0,59.39,Debit Card
ORD04432,11/1/2025,CUST0015,Manish Nair,Female,28,Chennai,PROD008,Dove Soap,Personal Care,1,57.56,57.56,0.05,7.29,Net Banking
ORD04433,5/25/2025,CUST0859,Arjun Gupta,Male,54,Delhi,PROD010,Maggi Noodles,Groceries,2,15.76,31.52,0,2.85,Net Banking
ORD04434,11/4/2025,CUST0305,Karan Patel,Male,49,Kolkata,PROD007,Surf Excel,Home & Cleaning,6,172.33,1033.98,0.05,140.21,Credit Card
ORD04435,10/17/2025,CUST0756,Sneha Sharma,Female,18,Chennai,PROD008,Dove Soap,Personal Care,3,56.5,169.5,0.15,27.19,Net Banking
ORD04436,4/14/2025,CUST0811,Arjun Mehta,Male,57,Lucknow,PROD015,Harpic Cleaner,Home & Cleaning,1,121.37,121.37,0.05,9.3,UPI
ORD04437,3/31/2025,CUST0025,Rohan Shah,Female,23,Mumbai,PROD020,Head & Shoulders,Personal Care,1,265.25,265.25,0,51.4,Credit Card
ORD04438,9/8/2025,CUST0694,Arjun Verma,Female,26,Hyderabad,PROD011,Colgate Toothpaste,Personal Care,4,103.63,414.52,0,86.47,Cash
ORD04439,7/23/2025,CUST0645,Meera Shah,Male,38,Hyderabad,PROD008,Dove Soap,Personal Care,8,55.85,446.8,0.05,52.52,UPI
ORD04440,6/8/2025,CUST0449,Meera Joshi,Female,59,Lucknow,PROD005,Coca Cola,Beverages,8,45.16,361.28,0,49.63,Net Banking
ORD04441,7/19/2025,CUST0949,Pooja Joshi,Male,61,Pune,PROD004,Lay's Chips,Snacks,5,35.71,178.55,0,19.74,Cash
ORD04442,10/23/2025,CUST0439,Neha Verma,Male,43,Chennai,PROD004,Lay's Chips,Snacks,6,37.93,227.58,0,40.65,Credit Card
ORD04443,2/5/2025,CUST0622,Meera Mehta,Male,40,Chennai,PROD009,Aashirvaad Atta,Groceries,3,254.85,764.55,0,169.34,Debit Card
ORD04444,10/19/2025,CUST0061,Sahil Joshi,Male,21,Jaipur,PROD004,Lay's Chips,Snacks,4,37.89,151.56,0,28.53,UPI
ORD04445,11/26/2025,CUST0448,Neha Mehta,Female,64,Mumbai,PROD006,Tata Tea,Beverages,8,125.14,1001.12,0.15,208.75,Debit Card
ORD04446,12/27/2025,CUST0517,Rohan Nair,Male,44,Hyderabad,PROD006,Tata Tea,Beverages,5,128.62,643.1,0.1,64.89,Net Banking
ORD04447,2/26/2025,CUST0072,Rahul Nair,Female,60,Pune,PROD005,Coca Cola,Beverages,1,44.24,44.24,0,8.72,Credit Card
ORD04448,12/8/2025,CUST0453,Manish Khan,Female,27,Kolkata,PROD012,Dettol Handwash,Personal Care,4,113.86,455.44,0.05,57.79,UPI
ORD04449,12/11/2025,CUST0972,Amit Sharma,Male,34,Jaipur,PROD010,Maggi Noodles,Groceries,3,14.44,43.32,0,6.57,Credit Card
ORD04450,1/24/2025,CUST0182,Rohan Reddy,Female,27,Pune,PROD002,Tata Salt,Groceries,7,30.2,211.4,0.05,36.48,UPI
ORD04451,7/20/2025,CUST0735,Amit Gupta,Female,26,Pune,PROD009,Aashirvaad Atta,Groceries,5,244.61,1223.05,0.05,266.09,Debit Card
ORD04452,8/3/2025,CUST0298,Anjali Kapoor,Male,61,Pune,PROD009,Aashirvaad Atta,Groceries,4,268.39,1073.56,0.15,198.4,Net Banking
ORD04453,8/26/2025,CUST0096,Arjun Sharma,Female,18,Jaipur,PROD009,Aashirvaad Atta,Groceries,3,243.36,730.08,0,136.79,Credit Card
ORD04454,8/25/2025,CUST0170,Aditya Joshi,Male,54,Mumbai,PROD015,Harpic Cleaner,Home & Cleaning,7,132.21,925.47,0,124.25,Net Banking
ORD04455,2/24/2025,CUST0049,Simran Mehta,Female,47,Mumbai,PROD017,Good Day Cookies,Snacks,8,54.41,435.28,0.05,80.09,UPI
ORD04456,1/8/2025,CUST0617,Kavya Mehta,Male,63,Bengaluru,PROD007,Surf Excel,Home & Cleaning,4,185.59,742.36,0.05,82.56,UPI
ORD04457,3/13/2025,CUST0603,Neha Singh,Male,50,Jaipur,PROD002,Tata Salt,Groceries,1,29.4,29.4,0,5.52,Debit Card
ORD04458,7/9/2025,CUST0527,Vikram Sharma,Female,42,Lucknow,PROD014,Kellogg's Corn Flakes,Groceries,8,228.85,1830.8,0.05,223.02,Net Banking
ORD04459,12/1/2025,CUST0424,Simran Mehta,Male,41,Jaipur,PROD004,Lay's Chips,Snacks,8,34.12,272.96,0.05,63.24,UPI
ORD04460,12/31/2025,CUST0248,Arjun Shah,Male,47,Chennai,PROD010,Maggi Noodles,Groceries,5,16.06,80.3,0,9.43,Debit Card
ORD04461,9/28/2025,CUST0840,Arjun Singh,Female,30,Delhi,PROD013,Britannia Bread,Dairy,6,47.13,282.78,0.1,57.38,Debit Card
ORD04462,6/20/2025,CUST0961,Neha Nair,Female,46,Bengaluru,PROD003,Amul Milk,Dairy,6,59.67,358.02,0.1,66.03,UPI
ORD04463,9/21/2025,CUST0477,Manish Nair,Female,26,Jaipur,PROD011,Colgate Toothpaste,Personal Care,8,93.16,745.28,0,163.21,Debit Card
ORD04464,10/17/2025,CUST0111,Riya Mehta,Male,27,Mumbai,PROD016,Thums Up,Beverages,7,41.41,289.87,0.1,36.79,Debit Card
ORD04465,11/24/2025,CUST0936,Karan Das,Male,40,Jaipur,PROD019,Vim Dishwash,Home & Cleaning,7,89.92,629.44,0.1,46.53,Credit Card
ORD04466,7/22/2025,CUST0723,Rohan Patel,Male,46,Ahmedabad,PROD008,Dove Soap,Personal Care,8,58.39,467.12,0,51.85,Debit Card
ORD04467,3/7/2025,CUST0529,Isha Gupta,Female,31,Chennai,PROD009,Aashirvaad Atta,Groceries,3,240.81,722.43,0.15,65.8,Debit Card
ORD04468,4/12/2025,CUST0095,Nikhil Patel,Female,54,Bengaluru,PROD009,Aashirvaad Atta,Groceries,6,250.74,1504.44,0.15,240.11,Cash
ORD04469,2/5/2025,CUST0657,Karan Shah,Male,54,Ahmedabad,PROD005,Coca Cola,Beverages,4,46.02,184.08,0.1,14.52,Debit Card
ORD04470,8/30/2025,CUST0148,Kavya Verma,Female,57,Jaipur,PROD014,Kellogg's Corn Flakes,Groceries,5,206.24,1031.2,0,190.98,UPI
ORD04471,10/14/2025,CUST0559,Sneha Gupta,Female,35,Mumbai,PROD003,Amul Milk,Dairy,4,64.11,256.44,0,28.32,Credit Card
ORD04472,12/10/2025,CUST0125,Riya Sharma,Female,37,Kolkata,PROD001,Parle-G Biscuits,Snacks,4,30.13,120.52,0,16.02,Credit Card
ORD04473,12/11/2025,CUST0621,Nikhil Nair,Female,56,Kolkata,PROD005,Coca Cola,Beverages,3,46.85,140.55,0.05,11.43,Debit Card
ORD04474,8/10/2025,CUST0582,Riya Verma,Male,28,Kolkata,PROD013,Britannia Bread,Dairy,3,46.51,139.53,0,22.09,Net Banking
ORD04475,4/19/2025,CUST0830,Sneha Nair,Male,61,Bengaluru,PROD011,Colgate Toothpaste,Personal Care,4,98.85,395.4,0.15,53.62,Debit Card
ORD04476,8/13/2025,CUST0770,Amit Malhotra,Female,46,Mumbai,PROD016,Thums Up,Beverages,7,40.75,285.25,0.15,20.39,Net Banking
ORD04477,6/8/2025,CUST0160,Karan Khan,Female,35,Hyderabad,PROD010,Maggi Noodles,Groceries,5,15.15,75.75,0.1,9.83,Net Banking
ORD04478,4/18/2025,CUST0228,Arjun Joshi,Female,60,Mumbai,PROD014,Kellogg's Corn Flakes,Groceries,1,220.92,220.92,0.15,35.25,Net Banking
ORD04479,1/9/2025,CUST0419,Sahil Mehta,Male,49,Jaipur,PROD017,Good Day Cookies,Snacks,3,54.09,162.27,0.05,36.06,Net Banking
ORD04480,9/2/2025,CUST0335,Meera Malhotra,Male,39,Pune,PROD011,Colgate Toothpaste,Personal Care,3,95.01,285.03,0.1,27.73,Credit Card
ORD04481,3/23/2025,CUST0387,Simran Joshi,Male,64,Chennai,PROD013,Britannia Bread,Dairy,3,44.17,132.51,0,17.98,Cash
ORD04482,8/31/2025,CUST0251,Meera Reddy,Female,57,Bengaluru,PROD010,Maggi Noodles,Groceries,7,16.32,114.24,0.15,19.52,UPI
ORD04483,5/9/2025,CUST0746,Nikhil Khan,Female,35,Delhi,PROD009,Aashirvaad Atta,Groceries,8,244.13,1953.04,0,240.35,Cash
ORD04484,6/2/2025,CUST0427,Neha Sharma,Female,42,Lucknow,PROD013,Britannia Bread,Dairy,2,43.06,86.12,0,20.61,Net Banking
ORD04485,7/22/2025,CUST0747,Rahul Khan,Male,19,Hyderabad,PROD013,Britannia Bread,Dairy,2,46.44,92.88,0.1,19.05,Credit Card
ORD04486,8/30/2025,CUST0515,Nikhil Singh,Male,64,Lucknow,PROD018,Nescafe Coffee,Beverages,7,202.1,1414.7,0.15,238.36,Net Banking
ORD04487,5/11/2025,CUST0991,Neha Singh,Male,30,Chennai,PROD006,Tata Tea,Beverages,5,131.49,657.45,0.15,129.65,UPI
ORD04488,6/15/2025,CUST0773,Priya Mehta,Female,64,Kolkata,PROD008,Dove Soap,Personal Care,6,52.94,317.64,0.1,53.08,Cash
ORD04489,10/15/2025,CUST0820,Anjali Patel,Female,63,Jaipur,PROD003,Amul Milk,Dairy,4,63,252,0.05,21.07,Net Banking
ORD04490,7/22/2025,CUST0234,Simran Iyer,Female,62,Hyderabad,PROD008,Dove Soap,Personal Care,2,56.74,113.48,0.15,8.17,Net Banking
ORD04491,3/11/2025,CUST0759,Rohan Kapoor,Male,51,Chennai,PROD007,Surf Excel,Home & Cleaning,5,183.66,918.3,0.15,71.48,Credit Card
ORD04492,1/2/2025,CUST0506,Neha Verma,Female,51,Delhi,PROD016,Thums Up,Beverages,4,41.79,167.16,0.15,24.68,UPI
ORD04493,4/21/2025,CUST0795,Amit Nair,Female,52,Kolkata,PROD006,Tata Tea,Beverages,3,130.75,392.25,0,36.5,UPI
ORD04494,2/20/2025,CUST0514,Sneha Shah,Male,21,Delhi,PROD012,Dettol Handwash,Personal Care,3,105.01,315.03,0,38.08,Debit Card
ORD04495,7/22/2025,CUST0156,Riya Shah,Male,62,Ahmedabad,PROD007,Surf Excel,Home & Cleaning,2,196.06,392.12,0,85.61,Credit Card
ORD04496,2/10/2025,CUST0696,Arjun Shah,Male,34,Lucknow,PROD003,Amul Milk,Dairy,5,63.91,319.55,0.15,47.28,Credit Card
ORD04497,8/7/2025,CUST0497,Riya Patel,Female,21,Ahmedabad,PROD002,Tata Salt,Groceries,3,27.63,82.89,0.15,12.76,Cash
ORD04498,5/6/2025,CUST0192,Simran Mehta,Female,38,Pune,PROD002,Tata Salt,Groceries,2,27.37,54.74,0.05,9.5,UPI
ORD04499,12/24/2025,CUST0680,Aditya Patel,Male,49,Lucknow,PROD015,Harpic Cleaner,Home & Cleaning,8,130.67,1045.36,0.1,219.86,UPI
ORD04500,7/12/2025,CUST0008,Karan Singh,Male,31,Chennai,PROD001,Parle-G Biscuits,Snacks,2,31.45,62.9,0,15.2,Debit Card
ORD04501,5/12/2025,CUST0864,Nikhil Gupta,Male,61,Mumbai,PROD007,Surf Excel,Home & Cleaning,3,196.35,589.05,0.05,95.15,Credit Card
ORD04502,9/10/2025,CUST0803,Karan Reddy,Male,23,Kolkata,PROD017,Good Day Cookies,Snacks,8,48.35,386.8,0,51.5,Debit Card
ORD04503,12/20/2025,CUST0446,Nikhil Malhotra,Female,63,Lucknow,PROD020,Head & Shoulders,Personal Care,2,251.43,502.86,0,116.99,Net Banking
ORD04504,1/17/2025,CUST0464,Simran Reddy,Female,59,Hyderabad,PROD001,Parle-G Biscuits,Snacks,3,30.67,92.01,0.15,19.12,Debit Card
ORD04505,10/7/2025,CUST0055,Anjali Mehta,Female,48,Bengaluru,PROD002,Tata Salt,Groceries,4,29.36,117.44,0.15,8.15,Credit Card
ORD04506,7/14/2025,CUST0290,Sahil Gupta,Female,53,Lucknow,PROD019,Vim Dishwash,Home & Cleaning,2,87.91,175.82,0,19.08,UPI
ORD04507,3/13/2025,CUST0026,Neha Verma,Male,61,Kolkata,PROD012,Dettol Handwash,Personal Care,4,107.44,429.76,0,74.3,Debit Card
ORD04508,1/22/2025,CUST0192,Simran Mehta,Female,38,Pune,PROD015,Harpic Cleaner,Home & Cleaning,7,121.75,852.25,0,163.16,Credit Card
ORD04509,5/29/2025,CUST0091,Arjun Khan,Female,61,Jaipur,PROD008,Dove Soap,Personal Care,2,53.06,106.12,0.1,16.8,Credit Card
ORD04510,2/21/2025,CUST0542,Anjali Verma,Female,29,Jaipur,PROD007,Surf Excel,Home & Cleaning,3,195.04,585.12,0.1,102.97,UPI
ORD04511,8/28/2025,CUST0411,Nikhil Reddy,Male,25,Jaipur,PROD015,Harpic Cleaner,Home & Cleaning,2,120.87,241.74,0.1,53.92,Net Banking
ORD04512,9/17/2025,CUST0422,Anjali Joshi,Female,48,Ahmedabad,PROD005,Coca Cola,Beverages,1,43.96,43.96,0,6.01,Cash
ORD04513,3/29/2025,CUST0896,Priya Malhotra,Male,24,Kolkata,PROD009,Aashirvaad Atta,Groceries,3,253.71,761.13,0,161.78,Credit Card
ORD04514,1/12/2025,CUST0042,Sneha Patel,Female,19,Lucknow,PROD020,Head & Shoulders,Personal Care,5,250.26,1251.3,0.05,137.28,Debit Card
ORD04515,5/24/2025,CUST0969,Kavya Malhotra,Male,31,Jaipur,PROD001,Parle-G Biscuits,Snacks,6,32.06,192.36,0,35.28,UPI
ORD04516,5/13/2025,CUST0063,Amit Nair,Male,43,Pune,PROD011,Colgate Toothpaste,Personal Care,1,96.62,96.62,0.05,7.38,Net Banking
ORD04517,4/30/2025,CUST0328,Riya Shah,Male,21,Ahmedabad,PROD006,Tata Tea,Beverages,5,121.43,607.15,0.1,85.2,Cash
ORD04518,1/4/2025,CUST0517,Rohan Nair,Male,44,Hyderabad,PROD009,Aashirvaad Atta,Groceries,7,254.45,1781.15,0.1,141.74,Net Banking
ORD04519,5/31/2025,CUST0671,Amit Shah,Male,57,Delhi,PROD008,Dove Soap,Personal Care,1,57.62,57.62,0.1,6.55,UPI
ORD04520,3/25/2025,CUST0348,Sneha Shah,Male,37,Ahmedabad,PROD017,Good Day Cookies,Snacks,4,49.91,199.64,0,18.83,Cash
ORD04521,10/17/2025,CUST0172,Neha Shah,Female,56,Lucknow,PROD015,Harpic Cleaner,Home & Cleaning,8,123.29,986.32,0,170.87,UPI
ORD04522,3/22/2025,CUST0121,Sneha Mehta,Male,63,Bengaluru,PROD018,Nescafe Coffee,Beverages,4,184.22,736.88,0.05,68.85,UPI
ORD04523,10/1/2025,CUST0847,Nikhil Singh,Male,60,Jaipur,PROD007,Surf Excel,Home & Cleaning,5,171.75,858.75,0,192.76,UPI
ORD04524,7/25/2025,CUST0075,Karan Gupta,Female,50,Ahmedabad,PROD020,Head & Shoulders,Personal Care,1,261.19,261.19,0,34.34,Debit Card
ORD04525,9/1/2025,CUST0066,Karan Gupta,Female,43,Delhi,PROD003,Amul Milk,Dairy,8,62.74,501.92,0.05,107.52,UPI
ORD04526,6/30/2025,CUST0737,Anjali Reddy,Female,64,Kolkata,PROD003,Amul Milk,Dairy,8,57.44,459.52,0.1,52.17,Cash
ORD04527,5/11/2025,CUST0581,Anjali Verma,Female,37,Hyderabad,PROD014,Kellogg's Corn Flakes,Groceries,7,229.49,1606.43,0,173.17,UPI
ORD04528,2/11/2025,CUST0459,Arjun Shah,Female,32,Hyderabad,PROD020,Head & Shoulders,Personal Care,1,259.01,259.01,0.05,42.4,Credit Card
ORD04529,5/21/2025,CUST0556,Isha Joshi,Male,58,Mumbai,PROD017,Good Day Cookies,Snacks,2,51.83,103.66,0,10.05,Debit Card
ORD04530,8/2/2025,CUST0716,Amit Sharma,Male,51,Kolkata,PROD014,Kellogg's Corn Flakes,Groceries,8,224.57,1796.56,0.1,257.09,UPI
ORD04531,2/19/2025,CUST0599,Sahil Mehta,Female,52,Mumbai,PROD011,Colgate Toothpaste,Personal Care,3,94.07,282.21,0.1,52.18,Cash
ORD04532,6/19/2025,CUST0040,Vikram Das,Female,43,Chennai,PROD019,Vim Dishwash,Home & Cleaning,3,96.17,288.51,0.1,39.41,UPI
ORD04533,3/20/2025,CUST0955,Pooja Joshi,Female,22,Chennai,PROD016,Thums Up,Beverages,8,42.55,340.4,0,34.69,Credit Card
ORD04534,6/6/2025,CUST0569,Simran Shah,Female,45,Delhi,PROD001,Parle-G Biscuits,Snacks,5,31.67,158.35,0.05,36.51,Cash
ORD04535,4/8/2025,CUST0517,Rohan Nair,Male,44,Hyderabad,PROD006,Tata Tea,Beverages,8,122.29,978.32,0,131.92,Credit Card
ORD04536,9/26/2025,CUST0061,Sahil Joshi,Male,21,Jaipur,PROD020,Head & Shoulders,Personal Care,6,271.81,1630.86,0,278,Net Banking
ORD04537,8/23/2025,CUST0569,Simran Shah,Female,45,Delhi,PROD016,Thums Up,Beverages,4,40.16,160.64,0.15,22.5,Credit Card
ORD04538,12/17/2025,CUST0635,Sneha Singh,Male,35,Bengaluru,PROD020,Head & Shoulders,Personal Care,4,255.38,1021.52,0.05,193.22,UPI
ORD04539,9/15/2025,CUST0168,Riya Joshi,Female,39,Delhi,PROD009,Aashirvaad Atta,Groceries,1,271.04,271.04,0.15,27.94,Cash
ORD04540,7/16/2025,CUST0682,Rohan Mehta,Female,41,Jaipur,PROD014,Kellogg's Corn Flakes,Groceries,4,221.99,887.96,0.15,99.94,Debit Card
ORD04541,10/13/2025,CUST0547,Meera Reddy,Female,60,Ahmedabad,PROD010,Maggi Noodles,Groceries,5,14.55,72.75,0.1,8,Credit Card
ORD04542,10/11/2025,CUST0327,Priya Joshi,Male,38,Lucknow,PROD013,Britannia Bread,Dairy,6,43.63,261.78,0,47.77,Net Banking
ORD04543,6/20/2025,CUST0427,Neha Sharma,Female,42,Lucknow,PROD015,Harpic Cleaner,Home & Cleaning,7,121.86,853.02,0,136.88,Credit Card
ORD04544,1/29/2025,CUST0851,Kavya Kapoor,Female,41,Hyderabad,PROD008,Dove Soap,Personal Care,5,59.63,298.15,0.1,50.24,UPI
ORD04545,12/20/2025,CUST0421,Aditya Singh,Female,22,Mumbai,PROD014,Kellogg's Corn Flakes,Groceries,4,207.24,828.96,0,82.76,Credit Card
ORD04546,6/25/2025,CUST0095,Nikhil Patel,Female,54,Bengaluru,PROD012,Dettol Handwash,Personal Care,7,115.88,811.16,0.05,177.22,Credit Card
ORD04547,4/4/2025,CUST0996,Riya Joshi,Female,40,Hyderabad,PROD014,Kellogg's Corn Flakes,Groceries,4,212.14,848.56,0.15,125.95,Credit Card
ORD04548,7/5/2025,CUST0200,Pooja Joshi,Female,25,Mumbai,PROD012,Dettol Handwash,Personal Care,8,105.03,840.24,0.05,100,UPI
ORD04549,2/13/2025,CUST0758,Karan Sharma,Male,27,Lucknow,PROD010,Maggi Noodles,Groceries,4,14.86,59.44,0.05,13.48,UPI
ORD04550,10/18/2025,CUST0108,Sneha Kapoor,Male,27,Mumbai,PROD015,Harpic Cleaner,Home & Cleaning,6,123.72,742.32,0.15,78.9,Debit Card
ORD04551,9/30/2025,CUST0490,Riya Verma,Female,65,Lucknow,PROD010,Maggi Noodles,Groceries,3,15.97,47.91,0,8.98,Debit Card
ORD04552,2/8/2025,CUST0184,Pooja Joshi,Male,47,Hyderabad,PROD010,Maggi Noodles,Groceries,7,14.78,103.46,0,24.09,Credit Card
ORD04553,9/9/2025,CUST0640,Sneha Singh,Male,46,Hyderabad,PROD004,Lay's Chips,Snacks,2,38.39,76.78,0.1,8.74,Net Banking
ORD04554,9/14/2025,CUST0178,Kavya Joshi,Female,36,Mumbai,PROD009,Aashirvaad Atta,Groceries,7,248.31,1738.17,0.15,267.95,Cash
ORD04555,11/15/2025,CUST0178,Kavya Joshi,Female,36,Mumbai,PROD009,Aashirvaad Atta,Groceries,8,264.82,2118.56,0.05,234.37,Net Banking
ORD04556,7/4/2025,CUST0541,Riya Joshi,Male,64,Chennai,PROD016,Thums Up,Beverages,6,42.59,255.54,0.15,47.36,Credit Card
ORD04557,11/30/2025,CUST0875,Rahul Sharma,Male,44,Ahmedabad,PROD001,Parle-G Biscuits,Snacks,1,30.59,30.59,0,3.8,UPI
ORD04558,4/1/2025,CUST0817,Kavya Iyer,Male,30,Ahmedabad,PROD017,Good Day Cookies,Snacks,4,53.92,215.68,0.1,44.68,Credit Card
ORD04559,6/16/2025,CUST0050,Neha Sharma,Female,64,Chennai,PROD011,Colgate Toothpaste,Personal Care,8,101.83,814.64,0.15,75.59,Credit Card
ORD04560,5/3/2025,CUST0079,Isha Sharma,Male,22,Delhi,PROD001,Parle-G Biscuits,Snacks,2,29.13,58.26,0.1,12.93,Cash
ORD04561,11/22/2025,CUST0548,Rahul Sharma,Female,18,Mumbai,PROD013,Britannia Bread,Dairy,3,44.83,134.49,0,33.34,UPI
ORD04562,10/30/2025,CUST0944,Aditya Gupta,Female,62,Mumbai,PROD009,Aashirvaad Atta,Groceries,7,238,1666,0.1,307.65,Cash
ORD04563,5/5/2025,CUST0117,Manish Singh,Male,58,Hyderabad,PROD001,Parle-G Biscuits,Snacks,7,32.14,224.98,0.15,35.67,Cash
ORD04564,2/2/2025,CUST0936,Karan Das,Male,40,Jaipur,PROD010,Maggi Noodles,Groceries,2,16.23,32.46,0,7.01,Net Banking
ORD04565,5/17/2025,CUST0935,Rohan Das,Male,50,Jaipur,PROD016,Thums Up,Beverages,1,40.31,40.31,0,6.14,Cash
ORD04566,3/13/2025,CUST0086,Karan Kapoor,Female,60,Bengaluru,PROD012,Dettol Handwash,Personal Care,1,106.19,106.19,0,14.24,Credit Card
ORD04567,4/6/2025,CUST0084,Kavya Iyer,Male,33,Delhi,PROD014,Kellogg's Corn Flakes,Groceries,1,199.55,199.55,0.05,39.71,Cash
ORD04568,11/24/2025,CUST0170,Aditya Joshi,Male,54,Mumbai,PROD018,Nescafe Coffee,Beverages,7,202.99,1420.93,0.15,294.13,Credit Card
ORD04569,12/26/2025,CUST0116,Nikhil Mehta,Female,28,Ahmedabad,PROD006,Tata Tea,Beverages,1,123.98,123.98,0,15.49,Net Banking
ORD04570,7/14/2025,CUST0562,Sahil Verma,Female,22,Hyderabad,PROD010,Maggi Noodles,Groceries,3,15.09,45.27,0.1,7.54,Net Banking
ORD04571,5/27/2025,CUST0620,Manish Patel,Female,60,Ahmedabad,PROD015,Harpic Cleaner,Home & Cleaning,5,121.82,609.1,0,115.76,UPI
ORD04572,4/25/2025,CUST0285,Isha Khan,Male,44,Chennai,PROD009,Aashirvaad Atta,Groceries,3,247.15,741.45,0,140.19,Cash
ORD04573,3/28/2025,CUST0174,Pooja Malhotra,Female,37,Lucknow,PROD008,Dove Soap,Personal Care,7,52.81,369.67,0.05,62.65,Net Banking
ORD04574,12/24/2025,CUST0722,Amit Gupta,Male,55,Pune,PROD011,Colgate Toothpaste,Personal Care,5,96.76,483.8,0.05,88.31,Cash
ORD04575,9/13/2025,CUST0219,Karan Malhotra,Female,38,Ahmedabad,PROD016,Thums Up,Beverages,3,41.56,124.68,0,17.18,Cash
ORD04576,6/9/2025,CUST0589,Meera Das,Male,48,Chennai,PROD016,Thums Up,Beverages,4,40.34,161.36,0.1,12.01,UPI
ORD04577,1/3/2025,CUST0042,Sneha Patel,Female,19,Lucknow,PROD012,Dettol Handwash,Personal Care,4,114.49,457.96,0.15,37.98,Debit Card
ORD04578,8/11/2025,CUST0837,Meera Mehta,Male,18,Jaipur,PROD008,Dove Soap,Personal Care,1,60.3,60.3,0.05,14.06,UPI
ORD04579,7/16/2025,CUST0896,Priya Malhotra,Male,24,Kolkata,PROD005,Coca Cola,Beverages,6,47.93,287.58,0.1,47.94,Cash
ORD04580,7/21/2025,CUST0734,Sahil Iyer,Female,22,Mumbai,PROD001,Parle-G Biscuits,Snacks,7,29.45,206.15,0.05,38.19,UPI
ORD04581,2/15/2025,CUST0929,Meera Iyer,Female,50,Kolkata,PROD016,Thums Up,Beverages,6,43.07,258.42,0,24.5,Net Banking
ORD04582,12/2/2025,CUST0298,Anjali Kapoor,Male,61,Pune,PROD005,Coca Cola,Beverages,7,43.87,307.09,0,44.39,Debit Card
ORD04583,6/26/2025,CUST0937,Riya Iyer,Female,61,Jaipur,PROD004,Lay's Chips,Snacks,1,37.85,37.85,0,8.53,Net Banking
ORD04584,6/14/2025,CUST0301,Neha Khan,Female,25,Hyderabad,PROD002,Tata Salt,Groceries,6,30.73,184.38,0.15,29.41,Cash
ORD04585,8/29/2025,CUST0383,Simran Reddy,Female,23,Kolkata,PROD008,Dove Soap,Personal Care,6,53.55,321.3,0.05,57.68,Cash
ORD04586,8/2/2025,CUST0783,Anjali Sharma,Male,39,Bengaluru,PROD019,Vim Dishwash,Home & Cleaning,6,86.01,516.06,0.1,94.22,Debit Card
ORD04587,5/10/2025,CUST0793,Arjun Joshi,Female,34,Bengaluru,PROD011,Colgate Toothpaste,Personal Care,8,103.02,824.16,0.1,169.73,Net Banking
ORD04588,6/19/2025,CUST0832,Rahul Joshi,Male,59,Delhi,PROD012,Dettol Handwash,Personal Care,3,109.95,329.85,0,35.95,Net Banking
ORD04589,1/27/2025,CUST0850,Amit Gupta,Female,32,Hyderabad,PROD010,Maggi Noodles,Groceries,7,15.28,106.96,0.15,20.34,UPI
ORD04590,10/29/2025,CUST0676,Arjun Nair,Male,33,Jaipur,PROD016,Thums Up,Beverages,6,42.64,255.84,0,57.52,Credit Card
ORD04591,11/16/2025,CUST0637,Riya Shah,Male,54,Pune,PROD009,Aashirvaad Atta,Groceries,7,249.79,1748.53,0,202.02,Cash
ORD04592,6/23/2025,CUST0509,Sneha Gupta,Female,40,Delhi,PROD009,Aashirvaad Atta,Groceries,1,242.83,242.83,0,46.87,Debit Card
ORD04593,6/25/2025,CUST0039,Arjun Shah,Female,31,Jaipur,PROD015,Harpic Cleaner,Home & Cleaning,1,119.85,119.85,0.05,23.81,Net Banking
ORD04594,6/13/2025,CUST0732,Neha Sharma,Male,32,Delhi,PROD003,Amul Milk,Dairy,3,59.55,178.65,0.1,28.29,Cash
ORD04595,12/29/2025,CUST0911,Neha Joshi,Male,24,Kolkata,PROD011,Colgate Toothpaste,Personal Care,4,102.18,408.72,0.15,47.92,Credit Card
ORD04596,11/11/2025,CUST0692,Neha Sharma,Male,62,Mumbai,PROD020,Head & Shoulders,Personal Care,8,261.63,2093.04,0,286.18,Debit Card
ORD04597,1/12/2025,CUST0428,Kavya Gupta,Male,38,Lucknow,PROD003,Amul Milk,Dairy,5,58.18,290.9,0.1,54.23,Debit Card
ORD04598,4/15/2025,CUST0061,Sahil Joshi,Male,21,Jaipur,PROD017,Good Day Cookies,Snacks,6,48.56,291.36,0.1,56.22,Debit Card
ORD04599,9/11/2025,CUST0907,Karan Singh,Male,50,Bengaluru,PROD014,Kellogg's Corn Flakes,Groceries,2,201.67,403.34,0.15,56.46,Credit Card
ORD04600,4/7/2025,CUST0460,Pooja Das,Male,62,Ahmedabad,PROD005,Coca Cola,Beverages,3,47.14,141.42,0.05,33.51,Credit Card
ORD04601,2/13/2025,CUST0709,Pooja Iyer,Female,65,Lucknow,PROD017,Good Day Cookies,Snacks,1,49.65,49.65,0.15,3.85,Cash
ORD04602,7/11/2025,CUST0050,Neha Sharma,Female,64,Chennai,PROD008,Dove Soap,Personal Care,4,60.38,241.52,0,21.83,Debit Card
ORD04603,4/3/2025,CUST0289,Simran Malhotra,Female,25,Hyderabad,PROD003,Amul Milk,Dairy,5,59.25,296.25,0.1,23.79,UPI
ORD04604,10/4/2025,CUST0646,Pooja Iyer,Female,50,Pune,PROD020,Head & Shoulders,Personal Care,4,250.4,1001.6,0.1,211.66,UPI
ORD04605,9/6/2025,CUST0749,Sahil Gupta,Male,24,Bengaluru,PROD006,Tata Tea,Beverages,2,114.57,229.14,0,54.55,Cash
ORD04606,8/22/2025,CUST0511,Meera Kapoor,Male,33,Bengaluru,PROD015,Harpic Cleaner,Home & Cleaning,8,127.28,1018.24,0.1,126.6,Cash
ORD04607,4/17/2025,CUST0319,Anjali Kapoor,Female,47,Lucknow,PROD012,Dettol Handwash,Personal Care,6,109.43,656.58,0.15,128.67,Debit Card
ORD04608,2/26/2025,CUST0922,Vikram Patel,Female,31,Ahmedabad,PROD017,Good Day Cookies,Snacks,2,52.1,104.2,0.05,11.32,UPI
ORD04609,7/10/2025,CUST0924,Priya Reddy,Male,46,Ahmedabad,PROD002,Tata Salt,Groceries,3,28.2,84.6,0,15.03,Credit Card
ORD04610,2/12/2025,CUST0241,Simran Das,Male,23,Hyderabad,PROD002,Tata Salt,Groceries,3,27.41,82.23,0,9.21,Credit Card
ORD04611,1/15/2025,CUST0374,Simran Shah,Female,59,Delhi,PROD003,Amul Milk,Dairy,5,65.76,328.8,0.15,37.32,Cash
ORD04612,8/5/2025,CUST0024,Kavya Reddy,Female,41,Bengaluru,PROD005,Coca Cola,Beverages,7,44.44,311.08,0.1,29,UPI
ORD04613,3/5/2025,CUST0395,Arjun Gupta,Male,19,Delhi,PROD015,Harpic Cleaner,Home & Cleaning,5,132.2,661,0.05,117.73,Debit Card
ORD04614,8/4/2025,CUST0314,Karan Gupta,Female,28,Pune,PROD017,Good Day Cookies,Snacks,8,50.78,406.24,0,96.9,Debit Card
ORD04615,10/24/2025,CUST0576,Manish Shah,Female,24,Mumbai,PROD008,Dove Soap,Personal Care,5,57.7,288.5,0.1,51.55,Cash
ORD04616,6/17/2025,CUST0256,Isha Mehta,Male,44,Pune,PROD002,Tata Salt,Groceries,3,29.05,87.15,0,13.44,Cash
ORD04617,7/4/2025,CUST0941,Arjun Verma,Male,62,Hyderabad,PROD006,Tata Tea,Beverages,6,117.02,702.12,0,74.99,Net Banking
ORD04618,10/7/2025,CUST0635,Sneha Singh,Male,35,Bengaluru,PROD007,Surf Excel,Home & Cleaning,8,183.48,1467.84,0,157.55,Credit Card
ORD04619,6/3/2025,CUST0550,Rahul Shah,Female,29,Pune,PROD009,Aashirvaad Atta,Groceries,2,259.69,519.38,0.15,106.89,Net Banking
ORD04620,2/4/2025,CUST0367,Sahil Gupta,Male,36,Kolkata,PROD003,Amul Milk,Dairy,7,63.11,441.77,0.05,78.16,Net Banking
ORD04621,8/10/2025,CUST0283,Amit Patel,Female,24,Chennai,PROD011,Colgate Toothpaste,Personal Care,7,99.61,697.27,0.05,165.43,Debit Card
ORD04622,5/13/2025,CUST0786,Sahil Shah,Female,27,Mumbai,PROD011,Colgate Toothpaste,Personal Care,3,93.65,280.95,0.15,19.34,UPI
ORD04623,9/27/2025,CUST0992,Riya Joshi,Female,57,Hyderabad,PROD012,Dettol Handwash,Personal Care,3,109.5,328.5,0,80.91,Cash
ORD04624,2/5/2025,CUST0508,Manish Nair,Female,52,Kolkata,PROD018,Nescafe Coffee,Beverages,6,189.91,1139.46,0.1,237.3,Net Banking
ORD04625,3/5/2025,CUST0603,Neha Singh,Male,50,Jaipur,PROD016,Thums Up,Beverages,8,41.59,332.72,0.05,66.37,Debit Card
ORD04626,4/27/2025,CUST0385,Karan Patel,Male,38,Hyderabad,PROD015,Harpic Cleaner,Home & Cleaning,1,132.79,132.79,0.15,22.06,Cash
ORD04627,12/24/2025,CUST0502,Amit Shah,Male,22,Ahmedabad,PROD005,Coca Cola,Beverages,6,48.85,293.1,0,68.67,UPI
ORD04628,9/11/2025,CUST0059,Pooja Gupta,Male,55,Jaipur,PROD010,Maggi Noodles,Groceries,2,15.29,30.58,0,6.75,Credit Card
ORD04629,4/24/2025,CUST0277,Nikhil Singh,Female,50,Lucknow,PROD014,Kellogg's Corn Flakes,Groceries,1,220.7,220.7,0,33.17,Debit Card
ORD04630,5/18/2025,CUST0013,Amit Sharma,Male,36,Pune,PROD016,Thums Up,Beverages,3,42.81,128.43,0,18.69,Debit Card
ORD04631,9/15/2025,CUST0493,Nikhil Das,Female,22,Lucknow,PROD011,Colgate Toothpaste,Personal Care,3,97.2,291.6,0.05,52.66,Credit Card
ORD04632,2/16/2025,CUST0891,Anjali Khan,Female,46,Lucknow,PROD005,Coca Cola,Beverages,7,46.06,322.42,0.15,37.69,Debit Card
ORD04633,9/18/2025,CUST0697,Amit Joshi,Female,50,Chennai,PROD002,Tata Salt,Groceries,7,30.41,212.87,0.1,32.3,UPI
ORD04634,8/1/2025,CUST0356,Kavya Sharma,Female,50,Chennai,PROD012,Dettol Handwash,Personal Care,8,106.31,850.48,0.05,114.74,Cash
ORD04635,1/23/2025,CUST0083,Sneha Nair,Male,40,Jaipur,PROD014,Kellogg's Corn Flakes,Groceries,7,217.13,1519.91,0.15,299.15,Net Banking
ORD04636,6/24/2025,CUST0246,Amit Verma,Male,61,Kolkata,PROD014,Kellogg's Corn Flakes,Groceries,4,211.72,846.88,0.1,143.8,Net Banking
ORD04637,2/6/2025,CUST0904,Meera Sharma,Male,59,Delhi,PROD012,Dettol Handwash,Personal Care,6,106.47,638.82,0.1,57.39,Credit Card
ORD04638,5/14/2025,CUST0213,Priya Khan,Female,63,Kolkata,PROD019,Vim Dishwash,Home & Cleaning,6,91.11,546.66,0,61.15,Debit Card
ORD04639,10/31/2025,CUST0954,Karan Iyer,Male,58,Lucknow,PROD003,Amul Milk,Dairy,3,60.36,181.08,0.15,22.89,Credit Card
ORD04640,6/9/2025,CUST0084,Kavya Iyer,Male,33,Delhi,PROD005,Coca Cola,Beverages,7,48.85,341.95,0.1,68.86,Net Banking
ORD04641,9/17/2025,CUST0860,Riya Kapoor,Male,26,Lucknow,PROD013,Britannia Bread,Dairy,8,46.49,371.92,0.15,51.18,Net Banking
ORD04642,3/24/2025,CUST0419,Sahil Mehta,Male,49,Jaipur,PROD007,Surf Excel,Home & Cleaning,2,186.43,372.86,0,33.53,Cash
ORD04643,4/4/2025,CUST0643,Kavya Verma,Male,31,Bengaluru,PROD002,Tata Salt,Groceries,5,29.58,147.9,0.1,23.56,Credit Card
ORD04644,3/3/2025,CUST0781,Meera Reddy,Female,63,Mumbai,PROD012,Dettol Handwash,Personal Care,2,111.46,222.92,0,26.74,Credit Card
ORD04645,7/19/2025,CUST0495,Rohan Verma,Female,51,Ahmedabad,PROD010,Maggi Noodles,Groceries,7,15.57,108.99,0,10.77,Credit Card
ORD04646,5/5/2025,CUST0997,Riya Shah,Male,29,Lucknow,PROD004,Lay's Chips,Snacks,2,36.25,72.5,0.15,13.96,Cash
ORD04647,1/3/2025,CUST0699,Arjun Kapoor,Male,54,Pune,PROD001,Parle-G Biscuits,Snacks,6,31.5,189,0,41.22,Cash
ORD04648,8/2/2025,CUST0808,Neha Kapoor,Female,52,Chennai,PROD005,Coca Cola,Beverages,3,44.05,132.15,0.1,13.33,Cash
ORD04649,5/29/2025,CUST0212,Sneha Iyer,Female,32,Kolkata,PROD012,Dettol Handwash,Personal Care,8,112,896,0.1,149.55,Credit Card
ORD04650,1/5/2025,CUST0785,Pooja Gupta,Male,21,Kolkata,PROD020,Head & Shoulders,Personal Care,5,278.22,1391.1,0,300.3,UPI
ORD04651,6/7/2025,CUST0223,Rahul Sharma,Female,21,Hyderabad,PROD006,Tata Tea,Beverages,8,117.66,941.28,0,195.7,Net Banking
ORD04652,6/16/2025,CUST0179,Sneha Singh,Female,62,Ahmedabad,PROD015,Harpic Cleaner,Home & Cleaning,5,134.97,674.85,0.1,69.96,Credit Card
ORD04653,9/21/2025,CUST0700,Sneha Das,Male,20,Mumbai,PROD008,Dove Soap,Personal Care,6,59.17,355.02,0,35.4,Credit Card
ORD04654,12/11/2025,CUST0014,Sneha Malhotra,Male,42,Hyderabad,PROD008,Dove Soap,Personal Care,1,57.92,57.92,0.1,11.76,Net Banking
ORD04655,4/13/2025,CUST0338,Aditya Nair,Female,26,Jaipur,PROD017,Good Day Cookies,Snacks,7,54.75,383.25,0,67.29,UPI
ORD04656,2/10/2025,CUST0728,Amit Das,Male,40,Kolkata,PROD004,Lay's Chips,Snacks,2,36.69,73.38,0,12.14,Cash
ORD04657,8/6/2025,CUST0497,Riya Patel,Female,21,Ahmedabad,PROD020,Head & Shoulders,Personal Care,1,278.57,278.57,0,52.48,Cash
ORD04658,3/31/2025,CUST0403,Simran Shah,Male,25,Bengaluru,PROD008,Dove Soap,Personal Care,7,57.62,403.34,0.15,45.13,Net Banking
ORD04659,5/24/2025,CUST0076,Arjun Reddy,Male,23,Kolkata,PROD008,Dove Soap,Personal Care,3,55.67,167.01,0.05,28.38,Debit Card
ORD04660,3/30/2025,CUST0011,Isha Patel,Female,23,Jaipur,PROD007,Surf Excel,Home & Cleaning,4,197.38,789.52,0.1,130.67,Net Banking
ORD04661,12/19/2025,CUST0285,Isha Khan,Male,44,Chennai,PROD001,Parle-G Biscuits,Snacks,4,30.71,122.84,0,17.03,Credit Card
ORD04662,3/6/2025,CUST0683,Anjali Kapoor,Female,22,Mumbai,PROD004,Lay's Chips,Snacks,4,34.07,136.28,0.05,26.64,Cash
ORD04663,6/25/2025,CUST0976,Meera Patel,Male,62,Pune,PROD011,Colgate Toothpaste,Personal Care,7,96.69,676.83,0,121.12,UPI
ORD04664,2/1/2025,CUST0833,Meera Kapoor,Male,32,Hyderabad,PROD008,Dove Soap,Personal Care,1,55.3,55.3,0.15,7.39,Cash
ORD04665,5/26/2025,CUST0809,Kavya Singh,Female,59,Ahmedabad,PROD003,Amul Milk,Dairy,3,63.31,189.93,0.1,23.26,Net Banking
ORD04666,11/3/2025,CUST0300,Manish Mehta,Female,31,Jaipur,PROD018,Nescafe Coffee,Beverages,2,194.76,389.52,0,84.09,Net Banking
ORD04667,5/22/2025,CUST0244,Arjun Malhotra,Male,34,Ahmedabad,PROD017,Good Day Cookies,Snacks,3,54.32,162.96,0,22.12,Net Banking
ORD04668,7/24/2025,CUST0479,Anjali Das,Female,59,Hyderabad,PROD015,Harpic Cleaner,Home & Cleaning,8,126.51,1012.08,0.15,81.87,UPI
ORD04669,3/27/2025,CUST0419,Sahil Mehta,Male,49,Jaipur,PROD012,Dettol Handwash,Personal Care,8,111.33,890.64,0.05,87.49,Credit Card
ORD04670,12/29/2025,CUST0721,Karan Khan,Female,35,Bengaluru,PROD013,Britannia Bread,Dairy,2,48.42,96.84,0.05,17.63,Net Banking
ORD04671,10/25/2025,CUST0683,Anjali Kapoor,Female,22,Mumbai,PROD001,Parle-G Biscuits,Snacks,3,31.03,93.09,0.15,17.84,Debit Card
ORD04672,2/9/2025,CUST0195,Manish Patel,Female,34,Chennai,PROD009,Aashirvaad Atta,Groceries,6,254.68,1528.08,0.1,311.89,Credit Card
ORD04673,1/18/2025,CUST0941,Arjun Verma,Male,62,Hyderabad,PROD018,Nescafe Coffee,Beverages,7,190.28,1331.96,0.05,104.77,Net Banking
ORD04674,9/21/2025,CUST0872,Sahil Shah,Male,25,Chennai,PROD003,Amul Milk,Dairy,6,62.35,374.1,0.1,69.57,Credit Card
ORD04675,7/16/2025,CUST0146,Karan Sharma,Female,49,Pune,PROD007,Surf Excel,Home & Cleaning,6,196.9,1181.4,0.15,209.5,UPI
ORD04676,7/16/2025,CUST0946,Isha Sharma,Male,65,Hyderabad,PROD004,Lay's Chips,Snacks,5,33.71,168.55,0.1,12.93,UPI
ORD04677,1/22/2025,CUST0576,Manish Shah,Female,24,Mumbai,PROD011,Colgate Toothpaste,Personal Care,4,96.09,384.36,0.15,53.5,Cash
ORD04678,12/31/2025,CUST0140,Simran Verma,Male,28,Hyderabad,PROD001,Parle-G Biscuits,Snacks,3,28.63,85.89,0,20.4,Credit Card
ORD04679,10/23/2025,CUST0564,Isha Khan,Female,65,Delhi,PROD018,Nescafe Coffee,Beverages,2,207.39,414.78,0,33.99,Net Banking
ORD04680,1/9/2025,CUST0438,Nikhil Joshi,Female,57,Lucknow,PROD013,Britannia Bread,Dairy,8,45.64,365.12,0,56.7,Credit Card
ORD04681,7/12/2025,CUST0663,Priya Mehta,Female,64,Bengaluru,PROD015,Harpic Cleaner,Home & Cleaning,4,124.29,497.16,0.05,78.19,Debit Card
ORD04682,12/23/2025,CUST0431,Amit Mehta,Female,33,Bengaluru,PROD016,Thums Up,Beverages,1,40.76,40.76,0,7.27,UPI
ORD04683,4/10/2025,CUST0356,Kavya Sharma,Female,50,Chennai,PROD013,Britannia Bread,Dairy,6,46.06,276.36,0.05,58.45,Net Banking
ORD04684,8/19/2025,CUST0418,Priya Nair,Female,59,Bengaluru,PROD016,Thums Up,Beverages,8,38.2,305.6,0.05,42.53,Credit Card
ORD04685,6/24/2025,CUST0616,Meera Reddy,Male,46,Lucknow,PROD008,Dove Soap,Personal Care,2,55.49,110.98,0.15,7.64,Debit Card
ORD04686,1/26/2025,CUST0436,Priya Mehta,Male,54,Jaipur,PROD018,Nescafe Coffee,Beverages,8,201.77,1614.16,0,326.34,Debit Card
ORD04687,6/19/2025,CUST0530,Pooja Reddy,Male,31,Bengaluru,PROD017,Good Day Cookies,Snacks,7,51.5,360.5,0,80.92,Credit Card
ORD04688,5/20/2025,CUST0097,Isha Nair,Male,41,Kolkata,PROD005,Coca Cola,Beverages,3,45.6,136.8,0.1,12.52,Cash
ORD04689,1/27/2025,CUST0797,Kavya Shah,Female,54,Bengaluru,PROD017,Good Day Cookies,Snacks,1,52.65,52.65,0.15,6.07,Debit Card
ORD04690,8/28/2025,CUST0015,Manish Nair,Female,28,Chennai,PROD003,Amul Milk,Dairy,5,60.47,302.35,0.05,52.69,UPI
ORD04691,1/18/2025,CUST0042,Sneha Patel,Female,19,Lucknow,PROD001,Parle-G Biscuits,Snacks,2,32.62,65.24,0,15.93,Cash
ORD04692,12/30/2025,CUST0215,Rohan Shah,Female,24,Ahmedabad,PROD017,Good Day Cookies,Snacks,6,49.43,296.58,0.1,62.99,Credit Card
ORD04693,4/29/2025,CUST0646,Pooja Iyer,Female,50,Pune,PROD010,Maggi Noodles,Groceries,8,14.89,119.12,0.1,22.3,Net Banking
ORD04694,6/12/2025,CUST0652,Aditya Shah,Female,62,Chennai,PROD002,Tata Salt,Groceries,5,27.04,135.2,0,24.02,Net Banking
ORD04695,1/7/2025,CUST0388,Meera Mehta,Female,58,Mumbai,PROD016,Thums Up,Beverages,2,41.14,82.28,0,8.11,Debit Card
ORD04696,2/4/2025,CUST0301,Neha Khan,Female,25,Hyderabad,PROD005,Coca Cola,Beverages,5,47.17,235.85,0,33.24,UPI
ORD04697,1/8/2025,CUST0089,Pooja Malhotra,Male,32,Mumbai,PROD019,Vim Dishwash,Home & Cleaning,1,88.15,88.15,0.05,15.26,Net Banking
ORD04698,8/18/2025,CUST0301,Neha Khan,Female,25,Hyderabad,PROD006,Tata Tea,Beverages,5,115.13,575.65,0,76.73,Net Banking
ORD04699,3/13/2025,CUST0640,Sneha Singh,Male,46,Hyderabad,PROD019,Vim Dishwash,Home & Cleaning,1,95.34,95.34,0,19.95,Credit Card
ORD04700,8/9/2025,CUST0572,Amit Singh,Male,42,Delhi,PROD018,Nescafe Coffee,Beverages,8,199.86,1598.88,0.1,210.33,UPI
ORD04701,6/13/2025,CUST0648,Rohan Das,Male,33,Delhi,PROD013,Britannia Bread,Dairy,3,48.43,145.29,0.15,22,UPI
ORD04702,8/29/2025,CUST0916,Isha Kapoor,Female,63,Chennai,PROD007,Surf Excel,Home & Cleaning,5,171.45,857.25,0,150.8,Net Banking
ORD04703,2/21/2025,CUST0224,Simran Khan,Female,27,Bengaluru,PROD018,Nescafe Coffee,Beverages,8,188.67,1509.36,0,126.23,Net Banking
ORD04704,11/21/2025,CUST0202,Pooja Shah,Male,53,Kolkata,PROD014,Kellogg's Corn Flakes,Groceries,4,204.57,818.28,0.15,134.22,Net Banking
ORD04705,3/27/2025,CUST0894,Arjun Malhotra,Female,62,Ahmedabad,PROD015,Harpic Cleaner,Home & Cleaning,1,122.13,122.13,0.1,13.32,UPI
ORD04706,6/16/2025,CUST0484,Rahul Singh,Female,33,Ahmedabad,PROD004,Lay's Chips,Snacks,6,38.15,228.9,0.15,18.21,UPI
ORD04707,1/29/2025,CUST0228,Arjun Joshi,Female,60,Mumbai,PROD008,Dove Soap,Personal Care,2,52.89,105.78,0.1,15.86,Debit Card
ORD04708,3/11/2025,CUST0449,Meera Joshi,Female,59,Lucknow,PROD015,Harpic Cleaner,Home & Cleaning,7,134.54,941.78,0.1,78.11,Net Banking
ORD04709,3/21/2025,CUST0566,Kavya Gupta,Male,39,Lucknow,PROD020,Head & Shoulders,Personal Care,3,276.77,830.31,0,74.76,Net Banking
ORD04710,9/15/2025,CUST0994,Anjali Sharma,Female,33,Bengaluru,PROD015,Harpic Cleaner,Home & Cleaning,6,133.82,802.92,0.05,65.37,Net Banking
ORD04711,1/7/2025,CUST0771,Arjun Gupta,Male,62,Pune,PROD006,Tata Tea,Beverages,4,126.23,504.92,0,58.35,Cash
ORD04712,11/2/2025,CUST0449,Meera Joshi,Female,59,Lucknow,PROD016,Thums Up,Beverages,8,38.66,309.28,0,38.74,Cash
ORD04713,7/27/2025,CUST0679,Pooja Nair,Male,33,Ahmedabad,PROD006,Tata Tea,Beverages,7,119.83,838.81,0.1,68.63,Debit Card
ORD04714,6/8/2025,CUST0591,Sahil Kapoor,Male,38,Kolkata,PROD014,Kellogg's Corn Flakes,Groceries,8,229.36,1834.88,0.05,167.53,Debit Card
ORD04715,6/3/2025,CUST0235,Rahul Malhotra,Female,35,Mumbai,PROD015,Harpic Cleaner,Home & Cleaning,6,133.1,798.6,0.05,117.88,Debit Card
ORD04716,8/3/2025,CUST0695,Neha Kapoor,Male,39,Kolkata,PROD017,Good Day Cookies,Snacks,3,54.87,164.61,0.05,16.22,Net Banking
ORD04717,2/22/2025,CUST0588,Kavya Malhotra,Male,37,Chennai,PROD002,Tata Salt,Groceries,2,30.03,60.06,0.05,13.76,UPI
ORD04718,6/26/2025,CUST0323,Simran Shah,Male,37,Ahmedabad,PROD014,Kellogg's Corn Flakes,Groceries,8,227.63,1821.04,0,313.92,UPI
ORD04719,1/19/2025,CUST0328,Riya Shah,Male,21,Ahmedabad,PROD015,Harpic Cleaner,Home & Cleaning,7,124.13,868.91,0.1,128.29,Debit Card
ORD04720,4/18/2025,CUST0062,Amit Malhotra,Male,22,Lucknow,PROD014,Kellogg's Corn Flakes,Groceries,1,230.07,230.07,0.15,22.37,UPI
ORD04721,4/1/2025,CUST0881,Vikram Iyer,Male,34,Jaipur,PROD019,Vim Dishwash,Home & Cleaning,4,89,356,0.05,67.45,Cash
ORD04722,6/26/2025,CUST0328,Riya Shah,Male,21,Ahmedabad,PROD017,Good Day Cookies,Snacks,7,47.89,335.23,0.05,65.9,Cash
ORD04723,6/3/2025,CUST0208,Kavya Khan,Female,18,Hyderabad,PROD008,Dove Soap,Personal Care,4,58.66,234.64,0.15,21.07,Net Banking
ORD04724,6/23/2025,CUST0995,Kavya Singh,Female,26,Chennai,PROD012,Dettol Handwash,Personal Care,3,109.1,327.3,0.05,48.77,UPI
ORD04725,10/2/2025,CUST0325,Amit Nair,Male,57,Lucknow,PROD011,Colgate Toothpaste,Personal Care,8,102.41,819.28,0,121.59,Net Banking
ORD04726,7/13/2025,CUST0008,Karan Singh,Male,31,Chennai,PROD007,Surf Excel,Home & Cleaning,3,196.96,590.88,0,93.88,UPI
ORD04727,7/13/2025,CUST0682,Rohan Mehta,Female,41,Jaipur,PROD017,Good Day Cookies,Snacks,7,53.3,373.1,0.15,74.39,Net Banking
ORD04728,4/21/2025,CUST0958,Aditya Patel,Female,32,Bengaluru,PROD015,Harpic Cleaner,Home & Cleaning,5,127.78,638.9,0,154.58,Cash
ORD04729,8/16/2025,CUST0026,Neha Verma,Male,61,Kolkata,PROD007,Surf Excel,Home & Cleaning,6,188.59,1131.54,0.05,171.81,Credit Card
ORD04730,11/9/2025,CUST0424,Simran Mehta,Male,41,Jaipur,PROD017,Good Day Cookies,Snacks,2,51.78,103.56,0,24.45,Credit Card
ORD04731,12/26/2025,CUST0184,Pooja Joshi,Male,47,Hyderabad,PROD019,Vim Dishwash,Home & Cleaning,5,86.72,433.6,0,103.47,Credit Card
ORD04732,5/4/2025,CUST0143,Sneha Patel,Female,61,Lucknow,PROD017,Good Day Cookies,Snacks,1,54,54,0.1,5.42,Net Banking
ORD04733,10/4/2025,CUST0257,Riya Iyer,Female,35,Mumbai,PROD004,Lay's Chips,Snacks,6,34.69,208.14,0.05,25.17,Net Banking
ORD04734,4/29/2025,CUST0169,Priya Singh,Female,25,Pune,PROD011,Colgate Toothpaste,Personal Care,4,91.47,365.88,0,32.45,Debit Card
ORD04735,8/9/2025,CUST0412,Rohan Singh,Male,28,Chennai,PROD008,Dove Soap,Personal Care,1,53.92,53.92,0,8.94,Cash
ORD04736,8/17/2025,CUST0196,Neha Kapoor,Female,50,Mumbai,PROD011,Colgate Toothpaste,Personal Care,5,102.66,513.3,0,67.97,Net Banking
ORD04737,9/15/2025,CUST0833,Meera Kapoor,Male,32,Hyderabad,PROD018,Nescafe Coffee,Beverages,7,190.77,1335.39,0,203.68,Net Banking
ORD04738,7/7/2025,CUST0731,Sneha Patel,Female,24,Delhi,PROD014,Kellogg's Corn Flakes,Groceries,3,202.41,607.23,0,129.04,UPI
ORD04739,6/10/2025,CUST0538,Isha Reddy,Female,36,Delhi,PROD014,Kellogg's Corn Flakes,Groceries,3,226.29,678.87,0.1,143.11,Cash
ORD04740,9/26/2025,CUST0300,Manish Mehta,Female,31,Jaipur,PROD007,Surf Excel,Home & Cleaning,5,182.83,914.15,0,179.62,Net Banking
ORD04741,4/1/2025,CUST0180,Amit Nair,Male,34,Lucknow,PROD007,Surf Excel,Home & Cleaning,1,186.57,186.57,0.05,30.58,Net Banking
ORD04742,2/9/2025,CUST0613,Isha Verma,Female,53,Kolkata,PROD010,Maggi Noodles,Groceries,7,15.3,107.1,0,15.72,Cash
ORD04743,2/22/2025,CUST0208,Kavya Khan,Female,18,Hyderabad,PROD008,Dove Soap,Personal Care,1,59.28,59.28,0.05,8.21,Cash
ORD04744,4/17/2025,CUST0162,Karan Patel,Male,30,Bengaluru,PROD013,Britannia Bread,Dairy,3,46.22,138.66,0,16.65,Cash
ORD04745,12/8/2025,CUST0320,Sahil Joshi,Female,58,Chennai,PROD020,Head & Shoulders,Personal Care,1,267.11,267.11,0.05,54.07,Cash
ORD04746,5/3/2025,CUST0289,Simran Malhotra,Female,25,Hyderabad,PROD019,Vim Dishwash,Home & Cleaning,2,94.03,188.06,0.1,36.76,Debit Card
ORD04747,12/20/2025,CUST0874,Priya Iyer,Male,60,Pune,PROD008,Dove Soap,Personal Care,1,54.14,54.14,0,4.89,UPI
ORD04748,3/15/2025,CUST0398,Vikram Iyer,Female,62,Ahmedabad,PROD014,Kellogg's Corn Flakes,Groceries,4,223.71,894.84,0.1,88.93,Net Banking
ORD04749,10/1/2025,CUST0281,Neha Khan,Female,38,Hyderabad,PROD012,Dettol Handwash,Personal Care,6,109.55,657.3,0.05,129.58,Debit Card
ORD04750,2/23/2025,CUST0465,Riya Gupta,Male,52,Hyderabad,PROD020,Head & Shoulders,Personal Care,7,252.94,1770.58,0.15,210.46,UPI
ORD04751,8/1/2025,CUST0524,Kavya Shah,Male,42,Bengaluru,PROD010,Maggi Noodles,Groceries,7,14.43,101.01,0.1,18.57,UPI
ORD04752,10/30/2025,CUST0758,Karan Sharma,Male,27,Lucknow,PROD002,Tata Salt,Groceries,3,30.24,90.72,0,11.83,UPI
ORD04753,11/21/2025,CUST0653,Manish Joshi,Female,55,Mumbai,PROD004,Lay's Chips,Snacks,8,34.62,276.96,0.05,29.96,Net Banking
ORD04754,1/13/2025,CUST0109,Priya Gupta,Female,57,Pune,PROD013,Britannia Bread,Dairy,3,48.84,146.52,0.05,12.85,Cash
ORD04755,4/24/2025,CUST0399,Vikram Patel,Male,22,Ahmedabad,PROD016,Thums Up,Beverages,5,39.92,199.6,0.1,41.05,Credit Card
ORD04756,5/21/2025,CUST0931,Karan Singh,Female,26,Delhi,PROD003,Amul Milk,Dairy,7,60.14,420.98,0,98.89,Credit Card
ORD04757,1/8/2025,CUST0919,Isha Shah,Female,62,Pune,PROD007,Surf Excel,Home & Cleaning,4,180.36,721.44,0.05,153.53,Cash
ORD04758,7/11/2025,CUST0079,Isha Sharma,Male,22,Delhi,PROD003,Amul Milk,Dairy,1,63.18,63.18,0,11.68,UPI
ORD04759,8/11/2025,CUST0173,Meera Gupta,Female,46,Ahmedabad,PROD008,Dove Soap,Personal Care,1,60.42,60.42,0,13.47,Cash
ORD04760,3/4/2025,CUST0097,Isha Nair,Male,41,Kolkata,PROD009,Aashirvaad Atta,Groceries,6,246.27,1477.62,0,283.26,Cash
ORD04761,2/3/2025,CUST0783,Anjali Sharma,Male,39,Bengaluru,PROD003,Amul Milk,Dairy,5,61.1,305.5,0.05,40.82,Credit Card
ORD04762,1/3/2025,CUST0577,Amit Khan,Male,56,Lucknow,PROD018,Nescafe Coffee,Beverages,3,188.84,566.52,0.15,53.08,Credit Card
ORD04763,10/28/2025,CUST0520,Nikhil Khan,Female,44,Delhi,PROD018,Nescafe Coffee,Beverages,2,190.66,381.32,0,33.59,Debit Card
ORD04764,3/22/2025,CUST0143,Sneha Patel,Female,61,Lucknow,PROD004,Lay's Chips,Snacks,8,37.83,302.64,0.15,20.74,Cash
ORD04765,1/30/2025,CUST0622,Meera Mehta,Male,40,Chennai,PROD014,Kellogg's Corn Flakes,Groceries,3,210.03,630.09,0,141.57,Cash
ORD04766,11/4/2025,CUST0755,Priya Patel,Male,32,Lucknow,PROD008,Dove Soap,Personal Care,3,54.55,163.65,0.15,12.63,Debit Card
ORD04767,3/28/2025,CUST0245,Pooja Das,Female,25,Ahmedabad,PROD002,Tata Salt,Groceries,4,30.04,120.16,0,17.08,Cash
ORD04768,9/16/2025,CUST0257,Riya Iyer,Female,35,Mumbai,PROD020,Head & Shoulders,Personal Care,7,278.75,1951.25,0,342.24,Debit Card
ORD04769,4/18/2025,CUST0303,Aditya Iyer,Male,18,Bengaluru,PROD002,Tata Salt,Groceries,4,28.62,114.48,0.1,14.46,Net Banking
ORD04770,9/26/2025,CUST0599,Sahil Mehta,Female,52,Mumbai,PROD019,Vim Dishwash,Home & Cleaning,5,87.58,437.9,0.15,77.71,UPI
ORD04771,5/28/2025,CUST0196,Neha Kapoor,Female,50,Mumbai,PROD008,Dove Soap,Personal Care,1,56.56,56.56,0.05,11.8,Net Banking
ORD04772,1/11/2025,CUST0422,Anjali Joshi,Female,48,Ahmedabad,PROD008,Dove Soap,Personal Care,3,57.12,171.36,0,28.72,Debit Card
ORD04773,12/5/2025,CUST0998,Amit Malhotra,Female,26,Jaipur,PROD002,Tata Salt,Groceries,5,30.54,152.7,0.15,29.25,UPI
ORD04774,4/19/2025,CUST0343,Nikhil Kapoor,Male,60,Chennai,PROD019,Vim Dishwash,Home & Cleaning,1,96.79,96.79,0,16.91,Cash
ORD04775,5/28/2025,CUST0500,Rahul Mehta,Female,18,Bengaluru,PROD006,Tata Tea,Beverages,2,115.07,230.14,0,37.32,Debit Card
ORD04776,9/6/2025,CUST0482,Karan Patel,Female,60,Pune,PROD019,Vim Dishwash,Home & Cleaning,4,93.17,372.68,0,59.7,Debit Card
ORD04777,9/28/2025,CUST0875,Rahul Sharma,Male,44,Ahmedabad,PROD001,Parle-G Biscuits,Snacks,1,29.4,29.4,0.05,3.93,Net Banking
ORD04778,9/3/2025,CUST0705,Neha Shah,Male,29,Bengaluru,PROD009,Aashirvaad Atta,Groceries,7,249.86,1749.02,0.1,327.78,Debit Card
ORD04779,4/23/2025,CUST0800,Anjali Verma,Male,30,Delhi,PROD009,Aashirvaad Atta,Groceries,7,252.68,1768.76,0,274.55,Cash
ORD04780,3/17/2025,CUST0388,Meera Mehta,Female,58,Mumbai,PROD002,Tata Salt,Groceries,5,30.18,150.9,0.1,16.94,UPI
ORD04781,9/14/2025,CUST0572,Amit Singh,Male,42,Delhi,PROD004,Lay's Chips,Snacks,1,34.26,34.26,0.15,5.27,Credit Card
ORD04782,7/6/2025,CUST0365,Meera Joshi,Male,25,Ahmedabad,PROD005,Coca Cola,Beverages,5,42.78,213.9,0,38.23,UPI
ORD04783,8/14/2025,CUST0412,Rohan Singh,Male,28,Chennai,PROD001,Parle-G Biscuits,Snacks,3,30.28,90.84,0.05,13.99,Debit Card
ORD04784,4/22/2025,CUST0136,Amit Kapoor,Male,19,Bengaluru,PROD014,Kellogg's Corn Flakes,Groceries,7,217.16,1520.12,0.15,308.82,UPI
ORD04785,3/18/2025,CUST0438,Nikhil Joshi,Female,57,Lucknow,PROD007,Surf Excel,Home & Cleaning,7,183.69,1285.83,0,203.4,Debit Card
ORD04786,5/18/2025,CUST0855,Kavya Sharma,Male,26,Bengaluru,PROD018,Nescafe Coffee,Beverages,2,187.58,375.16,0,61.1,Credit Card
ORD04787,11/16/2025,CUST0625,Karan Patel,Male,37,Pune,PROD017,Good Day Cookies,Snacks,4,53.17,212.68,0,17.43,Debit Card
ORD04788,12/1/2025,CUST0247,Isha Khan,Male,43,Mumbai,PROD020,Head & Shoulders,Personal Care,6,252.29,1513.74,0.1,118.66,Net Banking
ORD04789,5/2/2025,CUST0355,Sneha Malhotra,Female,40,Mumbai,PROD007,Surf Excel,Home & Cleaning,3,187.2,561.6,0.15,106.09,Debit Card
ORD04790,9/8/2025,CUST0722,Amit Gupta,Male,55,Pune,PROD001,Parle-G Biscuits,Snacks,2,28.88,57.76,0.15,10.69,Debit Card
ORD04791,12/1/2025,CUST0467,Meera Das,Male,33,Mumbai,PROD011,Colgate Toothpaste,Personal Care,5,100.62,503.1,0,97.72,Cash
ORD04792,1/21/2025,CUST0877,Vikram Das,Male,37,Kolkata,PROD015,Harpic Cleaner,Home & Cleaning,1,123.91,123.91,0.15,25.49,Net Banking
ORD04793,7/19/2025,CUST0428,Kavya Gupta,Male,38,Lucknow,PROD015,Harpic Cleaner,Home & Cleaning,2,130.06,260.12,0.05,54.34,Debit Card
ORD04794,1/17/2025,CUST0589,Meera Das,Male,48,Chennai,PROD016,Thums Up,Beverages,8,39.4,315.2,0.1,27.23,Credit Card
ORD04795,7/25/2025,CUST0792,Aditya Khan,Male,46,Mumbai,PROD009,Aashirvaad Atta,Groceries,1,250.37,250.37,0,58.7,Net Banking
ORD04796,1/11/2025,CUST0926,Nikhil Das,Male,53,Kolkata,PROD019,Vim Dishwash,Home & Cleaning,2,97.95,195.9,0.15,37.81,Debit Card
ORD04797,11/24/2025,CUST0830,Sneha Nair,Male,61,Bengaluru,PROD004,Lay's Chips,Snacks,8,38.32,306.56,0.05,44.55,Debit Card
ORD04798,12/17/2025,CUST0912,Kavya Sharma,Male,23,Lucknow,PROD007,Surf Excel,Home & Cleaning,1,183.79,183.79,0,39.86,Net Banking
ORD04799,8/6/2025,CUST0677,Meera Iyer,Female,62,Mumbai,PROD017,Good Day Cookies,Snacks,8,52.46,419.68,0,81.91,Net Banking
ORD04800,7/30/2025,CUST0603,Neha Singh,Male,50,Jaipur,PROD004,Lay's Chips,Snacks,7,34.93,244.51,0.1,24.38,Credit Card
ORD04801,8/14/2025,CUST0316,Vikram Reddy,Female,40,Delhi,PROD003,Amul Milk,Dairy,2,57.29,114.58,0.15,22.01,Net Banking
ORD04802,7/17/2025,CUST0940,Priya Gupta,Female,28,Hyderabad,PROD014,Kellogg's Corn Flakes,Groceries,8,228.89,1831.12,0,439.38,Debit Card
ORD04803,3/15/2025,CUST0829,Aditya Sharma,Male,54,Bengaluru,PROD016,Thums Up,Beverages,3,41.3,123.9,0,21.56,Net Banking
ORD04804,10/1/2025,CUST0861,Kavya Nair,Female,43,Kolkata,PROD004,Lay's Chips,Snacks,3,37.71,113.13,0.15,17.89,Net Banking
ORD04805,7/27/2025,CUST0376,Rohan Patel,Female,20,Hyderabad,PROD006,Tata Tea,Beverages,5,124.39,621.95,0.15,48.04,UPI
ORD04806,10/14/2025,CUST0654,Amit Das,Female,58,Chennai,PROD017,Good Day Cookies,Snacks,5,48.25,241.25,0.05,44.73,Debit Card
ORD04807,5/23/2025,CUST0897,Sahil Joshi,Female,29,Lucknow,PROD012,Dettol Handwash,Personal Care,4,112.18,448.72,0,40.61,Credit Card
ORD04808,7/26/2025,CUST0467,Meera Das,Male,33,Mumbai,PROD014,Kellogg's Corn Flakes,Groceries,4,203.41,813.64,0.05,110.25,Cash
ORD04809,5/11/2025,CUST0023,Rohan Gupta,Female,65,Lucknow,PROD016,Thums Up,Beverages,2,40.61,81.22,0.15,15.32,Net Banking
ORD04810,5/20/2025,CUST0728,Amit Das,Male,40,Kolkata,PROD004,Lay's Chips,Snacks,5,37.19,185.95,0,15.03,UPI
ORD04811,3/4/2025,CUST0804,Isha Mehta,Female,35,Jaipur,PROD015,Harpic Cleaner,Home & Cleaning,6,126.44,758.64,0,91.44,UPI
ORD04812,11/7/2025,CUST0745,Riya Shah,Female,40,Lucknow,PROD014,Kellogg's Corn Flakes,Groceries,5,230.02,1150.1,0,178.92,Cash
ORD04813,10/15/2025,CUST0163,Riya Singh,Female,24,Bengaluru,PROD019,Vim Dishwash,Home & Cleaning,7,92.57,647.99,0,71.28,Net Banking
ORD04814,5/13/2025,CUST0678,Pooja Gupta,Male,65,Kolkata,PROD011,Colgate Toothpaste,Personal Care,5,92.44,462.2,0,95.33,Net Banking
ORD04815,11/25/2025,CUST0729,Nikhil Sharma,Female,34,Delhi,PROD016,Thums Up,Beverages,3,43.38,130.14,0.05,12.31,Net Banking
ORD04816,8/17/2025,CUST0492,Sneha Nair,Male,51,Ahmedabad,PROD007,Surf Excel,Home & Cleaning,7,182.01,1274.07,0.05,300.9,Debit Card
ORD04817,1/31/2025,CUST0521,Pooja Mehta,Male,52,Ahmedabad,PROD015,Harpic Cleaner,Home & Cleaning,4,136.65,546.6,0.1,115.44,Debit Card
ORD04818,8/9/2025,CUST0193,Anjali Khan,Female,62,Ahmedabad,PROD019,Vim Dishwash,Home & Cleaning,3,90.29,270.87,0.15,20.58,Cash
ORD04819,11/22/2025,CUST0471,Riya Nair,Male,36,Chennai,PROD004,Lay's Chips,Snacks,6,34.27,205.62,0.1,14.87,UPI
ORD04820,3/22/2025,CUST0487,Priya Nair,Male,47,Hyderabad,PROD010,Maggi Noodles,Groceries,4,15.83,63.32,0.05,5.44,Debit Card
ORD04821,7/29/2025,CUST0387,Simran Joshi,Male,64,Chennai,PROD002,Tata Salt,Groceries,1,27.83,27.83,0,6.49,Cash
ORD04822,1/1/2025,CUST0868,Meera Shah,Female,45,Delhi,PROD016,Thums Up,Beverages,8,40.11,320.88,0.1,61.22,Cash
ORD04823,8/9/2025,CUST0114,Neha Joshi,Male,47,Jaipur,PROD005,Coca Cola,Beverages,8,46.64,373.12,0.1,32.72,Credit Card
ORD04824,12/23/2025,CUST0760,Amit Khan,Female,55,Pune,PROD011,Colgate Toothpaste,Personal Care,1,96.1,96.1,0.05,10.07,Cash
ORD04825,11/19/2025,CUST0162,Karan Patel,Male,30,Bengaluru,PROD019,Vim Dishwash,Home & Cleaning,1,94.78,94.78,0,15.83,UPI
ORD04826,8/13/2025,CUST0499,Priya Shah,Female,61,Hyderabad,PROD014,Kellogg's Corn Flakes,Groceries,8,212.03,1696.24,0,380.28,UPI
ORD04827,4/29/2025,CUST0148,Kavya Verma,Female,57,Jaipur,PROD012,Dettol Handwash,Personal Care,5,108.57,542.85,0,80,Net Banking
ORD04828,3/6/2025,CUST0069,Vikram Shah,Female,26,Chennai,PROD011,Colgate Toothpaste,Personal Care,5,104.44,522.2,0.05,114.39,Debit Card
ORD04829,9/20/2025,CUST0429,Karan Gupta,Male,49,Jaipur,PROD002,Tata Salt,Groceries,5,28.21,141.05,0.1,31.5,Credit Card
ORD04830,2/25/2025,CUST0670,Rohan Mehta,Male,59,Delhi,PROD002,Tata Salt,Groceries,4,28.43,113.72,0,16.65,Debit Card
ORD04831,2/3/2025,CUST0728,Amit Das,Male,40,Kolkata,PROD012,Dettol Handwash,Personal Care,1,115.44,115.44,0,16.95,Credit Card
ORD04832,12/11/2025,CUST0264,Sahil Gupta,Male,39,Delhi,PROD001,Parle-G Biscuits,Snacks,8,29.52,236.16,0,25.1,UPI
ORD04833,5/27/2025,CUST0836,Arjun Gupta,Female,37,Jaipur,PROD014,Kellogg's Corn Flakes,Groceries,7,213.33,1493.31,0.1,329.17,UPI
ORD04834,7/30/2025,CUST0333,Priya Kapoor,Female,22,Chennai,PROD008,Dove Soap,Personal Care,3,54.54,163.62,0,32.33,Net Banking
ORD04835,9/14/2025,CUST0285,Isha Khan,Male,44,Chennai,PROD008,Dove Soap,Personal Care,6,54.1,324.6,0,78.12,Cash
ORD04836,2/4/2025,CUST0936,Karan Das,Male,40,Jaipur,PROD003,Amul Milk,Dairy,8,61.95,495.6,0,70.46,Credit Card
ORD04837,3/1/2025,CUST1000,Rahul Malhotra,Male,55,Lucknow,PROD017,Good Day Cookies,Snacks,1,54.65,54.65,0.1,5.81,Credit Card
ORD04838,3/10/2025,CUST0388,Meera Mehta,Female,58,Mumbai,PROD015,Harpic Cleaner,Home & Cleaning,7,124.31,870.17,0.05,183.08,Cash
ORD04839,6/28/2025,CUST0113,Nikhil Joshi,Male,53,Bengaluru,PROD011,Colgate Toothpaste,Personal Care,2,90.68,181.36,0,45.12,Debit Card
ORD04840,7/11/2025,CUST0510,Arjun Gupta,Male,20,Kolkata,PROD001,Parle-G Biscuits,Snacks,6,32.84,197.04,0,36.63,UPI
ORD04841,3/6/2025,CUST0576,Manish Shah,Female,24,Mumbai,PROD013,Britannia Bread,Dairy,8,48.75,390,0.05,47.86,Credit Card
ORD04842,11/2/2025,CUST0352,Simran Shah,Male,63,Jaipur,PROD019,Vim Dishwash,Home & Cleaning,7,94.35,660.45,0.05,110.07,Credit Card
ORD04843,11/28/2025,CUST0896,Priya Malhotra,Male,24,Kolkata,PROD013,Britannia Bread,Dairy,4,44.87,179.48,0,15.43,Credit Card
ORD04844,10/28/2025,CUST0343,Nikhil Kapoor,Male,60,Chennai,PROD012,Dettol Handwash,Personal Care,2,110.54,221.08,0.1,42.99,Cash
ORD04845,9/24/2025,CUST0712,Kavya Sharma,Male,52,Chennai,PROD012,Dettol Handwash,Personal Care,2,118.79,237.58,0,38.18,Debit Card
ORD04846,4/12/2025,CUST0603,Neha Singh,Male,50,Jaipur,PROD011,Colgate Toothpaste,Personal Care,4,91.2,364.8,0,57.36,Debit Card
ORD04847,11/16/2025,CUST0784,Vikram Mehta,Female,60,Hyderabad,PROD009,Aashirvaad Atta,Groceries,6,257.37,1544.22,0,299.17,Cash
ORD04848,2/15/2025,CUST0434,Rahul Malhotra,Male,45,Delhi,PROD006,Tata Tea,Beverages,2,117.55,235.1,0.05,33.7,Cash
ORD04849,5/8/2025,CUST0284,Rohan Shah,Male,55,Jaipur,PROD013,Britannia Bread,Dairy,2,44.91,89.82,0.1,17.05,Credit Card
ORD04850,8/19/2025,CUST0832,Rahul Joshi,Male,59,Delhi,PROD005,Coca Cola,Beverages,3,48.47,145.41,0.05,32.26,UPI
ORD04851,9/28/2025,CUST0760,Amit Khan,Female,55,Pune,PROD017,Good Day Cookies,Snacks,2,54.85,109.7,0,10.78,UPI
ORD04852,1/23/2025,CUST0172,Neha Shah,Female,56,Lucknow,PROD019,Vim Dishwash,Home & Cleaning,8,86.48,691.84,0.15,100.55,Net Banking
ORD04853,11/28/2025,CUST0616,Meera Reddy,Male,46,Lucknow,PROD009,Aashirvaad Atta,Groceries,4,254.28,1017.12,0.05,168.27,UPI
ORD04854,11/4/2025,CUST0829,Aditya Sharma,Male,54,Bengaluru,PROD005,Coca Cola,Beverages,7,46.23,323.61,0.1,60.64,Credit Card
ORD04855,11/8/2025,CUST0009,Neha Patel,Female,24,Chennai,PROD001,Parle-G Biscuits,Snacks,1,29.96,29.96,0.15,5.53,UPI
ORD04856,4/21/2025,CUST0338,Aditya Nair,Female,26,Jaipur,PROD017,Good Day Cookies,Snacks,1,51.6,51.6,0.05,4.06,Debit Card
ORD04857,2/27/2025,CUST0730,Rahul Mehta,Female,53,Jaipur,PROD001,Parle-G Biscuits,Snacks,6,32.97,197.82,0.15,37.43,UPI
ORD04858,12/3/2025,CUST0348,Sneha Shah,Male,37,Ahmedabad,PROD013,Britannia Bread,Dairy,4,45.05,180.2,0.15,31.02,Cash
ORD04859,2/5/2025,CUST0830,Sneha Nair,Male,61,Bengaluru,PROD019,Vim Dishwash,Home & Cleaning,1,94.07,94.07,0,19.97,UPI
ORD04860,2/8/2025,CUST0421,Aditya Singh,Female,22,Mumbai,PROD014,Kellogg's Corn Flakes,Groceries,5,212.67,1063.35,0,258.75,Credit Card
ORD04861,3/15/2025,CUST0935,Rohan Das,Male,50,Jaipur,PROD010,Maggi Noodles,Groceries,7,16.42,114.94,0.1,21.92,Net Banking
ORD04862,3/23/2025,CUST0118,Nikhil Joshi,Male,35,Ahmedabad,PROD005,Coca Cola,Beverages,6,46.57,279.42,0,41.19,UPI
ORD04863,3/30/2025,CUST0469,Kavya Khan,Female,24,Delhi,PROD009,Aashirvaad Atta,Groceries,5,259.43,1297.15,0.05,224.03,Cash
ORD04864,5/13/2025,CUST0005,Rahul Shah,Male,63,Jaipur,PROD019,Vim Dishwash,Home & Cleaning,3,85.51,256.53,0,23.97,Cash
ORD04865,7/20/2025,CUST0379,Arjun Sharma,Male,36,Chennai,PROD014,Kellogg's Corn Flakes,Groceries,6,215.11,1290.66,0,269.79,Debit Card
ORD04866,11/16/2025,CUST0503,Priya Singh,Female,29,Delhi,PROD017,Good Day Cookies,Snacks,2,49.08,98.16,0.05,23,Debit Card
ORD04867,7/22/2025,CUST0870,Anjali Reddy,Female,19,Bengaluru,PROD002,Tata Salt,Groceries,5,27.59,137.95,0.15,20.74,Debit Card
ORD04868,3/15/2025,CUST0665,Rahul Gupta,Female,22,Delhi,PROD004,Lay's Chips,Snacks,7,34.67,242.69,0,41.21,Net Banking
ORD04869,4/26/2025,CUST0899,Rohan Joshi,Female,25,Kolkata,PROD011,Colgate Toothpaste,Personal Care,4,101.57,406.28,0,85.61,UPI
ORD04870,7/17/2025,CUST0484,Rahul Singh,Female,33,Ahmedabad,PROD005,Coca Cola,Beverages,5,48.78,243.9,0.15,48.92,Debit Card
ORD04871,10/19/2025,CUST0097,Isha Nair,Male,41,Kolkata,PROD006,Tata Tea,Beverages,7,115.78,810.46,0,157.08,Debit Card
ORD04872,9/16/2025,CUST0835,Kavya Reddy,Female,40,Ahmedabad,PROD012,Dettol Handwash,Personal Care,8,108.65,869.2,0.15,108.95,UPI
ORD04873,1/19/2025,CUST0705,Neha Shah,Male,29,Bengaluru,PROD011,Colgate Toothpaste,Personal Care,4,98.47,393.88,0.05,86.2,Net Banking
ORD04874,12/12/2025,CUST0225,Nikhil Mehta,Male,28,Delhi,PROD012,Dettol Handwash,Personal Care,5,114.95,574.75,0.05,121.69,Cash
ORD04875,3/30/2025,CUST0528,Meera Sharma,Male,30,Lucknow,PROD017,Good Day Cookies,Snacks,6,51.73,310.38,0.15,26.71,UPI
ORD04876,7/9/2025,CUST0444,Nikhil Verma,Female,57,Chennai,PROD020,Head & Shoulders,Personal Care,7,261.54,1830.78,0.15,176.38,Net Banking
ORD04877,8/1/2025,CUST0425,Isha Patel,Female,33,Ahmedabad,PROD005,Coca Cola,Beverages,8,45.69,365.52,0,37.87,Net Banking
ORD04878,3/4/2025,CUST0242,Karan Das,Female,29,Bengaluru,PROD003,Amul Milk,Dairy,3,61.23,183.69,0,42.98,Net Banking
ORD04879,1/17/2025,CUST0211,Isha Mehta,Female,38,Bengaluru,PROD020,Head & Shoulders,Personal Care,6,284.64,1707.84,0.1,341.16,Credit Card
ORD04880,12/14/2025,CUST0927,Sahil Joshi,Male,62,Lucknow,PROD005,Coca Cola,Beverages,1,43.34,43.34,0.1,6.42,UPI
ORD04881,7/17/2025,CUST0431,Amit Mehta,Female,33,Bengaluru,PROD005,Coca Cola,Beverages,5,45.2,226,0,23.21,Net Banking
ORD04882,5/23/2025,CUST0294,Sahil Nair,Female,22,Delhi,PROD009,Aashirvaad Atta,Groceries,8,245.87,1966.96,0.05,361.35,UPI
ORD04883,4/6/2025,CUST0902,Nikhil Shah,Male,45,Bengaluru,PROD010,Maggi Noodles,Groceries,4,15.65,62.6,0,12.91,Credit Card
ORD04884,10/21/2025,CUST0754,Riya Shah,Female,29,Ahmedabad,PROD004,Lay's Chips,Snacks,7,37.65,263.55,0.1,57.94,UPI
ORD04885,11/27/2025,CUST0910,Amit Malhotra,Female,46,Chennai,PROD014,Kellogg's Corn Flakes,Groceries,7,219.65,1537.55,0.05,233.73,Credit Card
ORD04886,10/10/2025,CUST0770,Amit Malhotra,Female,46,Mumbai,PROD002,Tata Salt,Groceries,2,26.93,53.86,0,7.01,Credit Card
ORD04887,1/10/2025,CUST0522,Sneha Malhotra,Male,37,Delhi,PROD009,Aashirvaad Atta,Groceries,4,265.31,1061.24,0.15,98.76,UPI
ORD04888,6/27/2025,CUST0658,Karan Reddy,Male,20,Pune,PROD018,Nescafe Coffee,Beverages,8,193.86,1550.88,0.1,298.13,Credit Card
ORD04889,11/12/2025,CUST0193,Anjali Khan,Female,62,Ahmedabad,PROD010,Maggi Noodles,Groceries,3,14.55,43.65,0,7.88,Credit Card
ORD04890,4/3/2025,CUST0138,Sneha Verma,Female,60,Pune,PROD009,Aashirvaad Atta,Groceries,3,251,753,0.1,109.16,Cash
ORD04891,2/24/2025,CUST0468,Nikhil Gupta,Male,21,Pune,PROD009,Aashirvaad Atta,Groceries,6,254.22,1525.32,0.05,127.72,Net Banking
ORD04892,8/10/2025,CUST0539,Vikram Khan,Male,42,Lucknow,PROD012,Dettol Handwash,Personal Care,3,106.04,318.12,0.05,51.22,UPI
ORD04893,12/31/2025,CUST0233,Riya Patel,Male,42,Lucknow,PROD013,Britannia Bread,Dairy,4,46.34,185.36,0.15,34.76,Net Banking
ORD04894,12/8/2025,CUST0501,Sahil Patel,Male,45,Chennai,PROD018,Nescafe Coffee,Beverages,5,185.53,927.65,0,193.77,Debit Card
ORD04895,6/9/2025,CUST0474,Anjali Reddy,Male,43,Ahmedabad,PROD011,Colgate Toothpaste,Personal Care,4,95.5,382,0.15,69.67,Cash
ORD04896,5/6/2025,CUST0771,Arjun Gupta,Male,62,Pune,PROD016,Thums Up,Beverages,1,43.28,43.28,0.15,7.33,Net Banking
ORD04897,6/12/2025,CUST0182,Rohan Reddy,Female,27,Pune,PROD017,Good Day Cookies,Snacks,6,49.31,295.86,0,31.22,Debit Card
ORD04898,5/29/2025,CUST0418,Priya Nair,Female,59,Bengaluru,PROD003,Amul Milk,Dairy,7,63.41,443.87,0.1,72.17,Cash
ORD04899,10/19/2025,CUST0765,Rohan Verma,Male,62,Lucknow,PROD015,Harpic Cleaner,Home & Cleaning,8,128.6,1028.8,0,173.22,Net Banking
ORD04900,10/21/2025,CUST0807,Rohan Verma,Male,24,Lucknow,PROD014,Kellogg's Corn Flakes,Groceries,4,222.1,888.4,0,202.94,Debit Card
ORD04901,2/3/2025,CUST0634,Riya Verma,Male,54,Mumbai,PROD010,Maggi Noodles,Groceries,6,16.45,98.7,0.15,8.64,UPI
ORD04902,11/20/2025,CUST0730,Rahul Mehta,Female,53,Jaipur,PROD018,Nescafe Coffee,Beverages,6,201.83,1210.98,0,144.16,Debit Card
ORD04903,9/7/2025,CUST0985,Vikram Mehta,Male,28,Delhi,PROD002,Tata Salt,Groceries,2,29.2,58.4,0.1,6.11,Net Banking
ORD04904,10/26/2025,CUST0433,Riya Iyer,Female,36,Jaipur,PROD005,Coca Cola,Beverages,7,47.3,331.1,0.15,66.31,Cash
ORD04905,9/10/2025,CUST0905,Nikhil Malhotra,Female,49,Delhi,PROD012,Dettol Handwash,Personal Care,5,117.14,585.7,0.15,119.69,Cash
ORD04906,3/11/2025,CUST0584,Simran Singh,Male,64,Ahmedabad,PROD003,Amul Milk,Dairy,8,61.99,495.92,0,107.97,UPI
ORD04907,5/11/2025,CUST0046,Vikram Shah,Male,64,Lucknow,PROD018,Nescafe Coffee,Beverages,2,181.16,362.32,0,34.99,Credit Card
ORD04908,2/13/2025,CUST0517,Rohan Nair,Male,44,Hyderabad,PROD014,Kellogg's Corn Flakes,Groceries,7,218.28,1527.96,0.1,152.61,Debit Card
ORD04909,1/22/2025,CUST0501,Sahil Patel,Male,45,Chennai,PROD011,Colgate Toothpaste,Personal Care,6,91.78,550.68,0.15,98.5,Net Banking
ORD04910,1/5/2025,CUST0717,Simran Joshi,Male,55,Pune,PROD013,Britannia Bread,Dairy,8,43.41,347.28,0,66.97,UPI
ORD04911,5/20/2025,CUST0731,Sneha Patel,Female,24,Delhi,PROD009,Aashirvaad Atta,Groceries,6,256.81,1540.86,0.1,323.17,Credit Card
ORD04912,12/21/2025,CUST0675,Simran Mehta,Female,26,Bengaluru,PROD006,Tata Tea,Beverages,8,129.44,1035.52,0.05,225.29,Net Banking
ORD04913,9/22/2025,CUST0982,Rahul Shah,Male,25,Mumbai,PROD013,Britannia Bread,Dairy,7,45.11,315.77,0,58.5,Credit Card
ORD04914,3/21/2025,CUST0874,Priya Iyer,Male,60,Pune,PROD002,Tata Salt,Groceries,6,27.08,162.48,0,29.19,Debit Card
ORD04915,5/1/2025,CUST0066,Karan Gupta,Female,43,Delhi,PROD006,Tata Tea,Beverages,4,129.56,518.24,0.05,56.6,Debit Card
ORD04916,9/12/2025,CUST0238,Sneha Nair,Male,57,Hyderabad,PROD014,Kellogg's Corn Flakes,Groceries,8,211.25,1690,0.1,297.47,Cash
ORD04917,9/4/2025,CUST0218,Arjun Khan,Female,59,Pune,PROD009,Aashirvaad Atta,Groceries,3,252.05,756.15,0.05,122.44,Debit Card
ORD04918,2/17/2025,CUST0050,Neha Sharma,Female,64,Chennai,PROD007,Surf Excel,Home & Cleaning,2,171.25,342.5,0.15,44.95,Debit Card
ORD04919,1/16/2025,CUST0002,Rohan Das,Male,61,Jaipur,PROD016,Thums Up,Beverages,8,38.45,307.6,0,69.97,Cash
ORD04920,7/21/2025,CUST0088,Riya Gupta,Male,47,Chennai,PROD019,Vim Dishwash,Home & Cleaning,1,92,92,0.05,21.8,Cash
ORD04921,3/29/2025,CUST0619,Isha Verma,Female,38,Bengaluru,PROD016,Thums Up,Beverages,5,40.85,204.25,0,32.29,Debit Card
ORD04922,5/6/2025,CUST0787,Simran Sharma,Female,23,Hyderabad,PROD008,Dove Soap,Personal Care,6,55.47,332.82,0.15,54.2,UPI
ORD04923,10/21/2025,CUST0224,Simran Khan,Female,27,Bengaluru,PROD005,Coca Cola,Beverages,6,47.86,287.16,0.1,61.55,Debit Card
ORD04924,7/14/2025,CUST0733,Vikram Malhotra,Female,41,Pune,PROD005,Coca Cola,Beverages,6,44.95,269.7,0.1,49.44,Cash
ORD04925,1/29/2025,CUST0212,Sneha Iyer,Female,32,Kolkata,PROD011,Colgate Toothpaste,Personal Care,1,97.01,97.01,0.15,17.24,Cash
ORD04926,7/17/2025,CUST0181,Vikram Mehta,Male,52,Bengaluru,PROD017,Good Day Cookies,Snacks,4,52.39,209.56,0.05,43.4,Debit Card
ORD04927,11/9/2025,CUST0971,Rahul Joshi,Female,20,Pune,PROD014,Kellogg's Corn Flakes,Groceries,2,205.28,410.56,0.1,35.1,Net Banking
ORD04928,8/14/2025,CUST0210,Isha Joshi,Female,39,Jaipur,PROD013,Britannia Bread,Dairy,4,43.47,173.88,0.15,21.74,Debit Card
ORD04929,2/2/2025,CUST0404,Rohan Gupta,Female,19,Chennai,PROD010,Maggi Noodles,Groceries,5,14.75,73.75,0,13.21,Net Banking
ORD04930,1/9/2025,CUST0857,Anjali Kapoor,Male,49,Chennai,PROD011,Colgate Toothpaste,Personal Care,7,102.91,720.37,0.1,75.86,UPI
ORD04931,1/28/2025,CUST0668,Riya Patel,Male,42,Pune,PROD013,Britannia Bread,Dairy,4,45.38,181.52,0,38.98,Debit Card
ORD04932,12/31/2025,CUST0696,Arjun Shah,Male,34,Lucknow,PROD003,Amul Milk,Dairy,7,59.33,415.31,0.1,62.34,UPI
ORD04933,4/11/2025,CUST0893,Anjali Patel,Female,43,Ahmedabad,PROD010,Maggi Noodles,Groceries,2,14.45,28.9,0.05,5.77,Cash
ORD04934,11/18/2025,CUST0767,Karan Reddy,Male,58,Lucknow,PROD008,Dove Soap,Personal Care,7,55.26,386.82,0,62.69,Credit Card
ORD04935,8/24/2025,CUST0784,Vikram Mehta,Female,60,Hyderabad,PROD020,Head & Shoulders,Personal Care,6,269.65,1617.9,0.15,201.79,Cash
ORD04936,1/19/2025,CUST0714,Pooja Patel,Male,51,Bengaluru,PROD002,Tata Salt,Groceries,6,28.11,168.66,0.15,25.91,Cash
ORD04937,6/16/2025,CUST0092,Karan Sharma,Male,34,Delhi,PROD006,Tata Tea,Beverages,7,124.96,874.72,0.15,177.09,Debit Card
ORD04938,12/3/2025,CUST0721,Karan Khan,Female,35,Bengaluru,PROD018,Nescafe Coffee,Beverages,3,208.26,624.78,0.1,45.89,Credit Card
ORD04939,3/7/2025,CUST0588,Kavya Malhotra,Male,37,Chennai,PROD008,Dove Soap,Personal Care,4,58.65,234.6,0,27.23,Cash
ORD04940,3/22/2025,CUST0522,Sneha Malhotra,Male,37,Delhi,PROD019,Vim Dishwash,Home & Cleaning,4,91.86,367.44,0.05,52.89,UPI
ORD04941,12/21/2025,CUST0256,Isha Mehta,Male,44,Pune,PROD014,Kellogg's Corn Flakes,Groceries,5,201.89,1009.45,0.1,147.13,Credit Card
ORD04942,11/27/2025,CUST0760,Amit Khan,Female,55,Pune,PROD020,Head & Shoulders,Personal Care,2,267.53,535.06,0,106.51,Debit Card
ORD04943,12/8/2025,CUST0065,Kavya Nair,Female,34,Bengaluru,PROD019,Vim Dishwash,Home & Cleaning,6,96.25,577.5,0,92.63,Debit Card
ORD04944,3/8/2025,CUST0345,Anjali Malhotra,Male,64,Ahmedabad,PROD018,Nescafe Coffee,Beverages,3,184.92,554.76,0.05,74.55,Net Banking
ORD04945,12/8/2025,CUST0331,Manish Joshi,Male,41,Chennai,PROD018,Nescafe Coffee,Beverages,8,199.54,1596.32,0.1,162.55,Credit Card
ORD04946,7/2/2025,CUST0787,Simran Sharma,Female,23,Hyderabad,PROD005,Coca Cola,Beverages,3,46.86,140.58,0,30.3,Credit Card
ORD04947,11/3/2025,CUST0557,Anjali Patel,Female,45,Chennai,PROD015,Harpic Cleaner,Home & Cleaning,8,120.7,965.6,0,134.82,Cash
ORD04948,9/13/2025,CUST0308,Priya Mehta,Male,47,Pune,PROD016,Thums Up,Beverages,3,40.46,121.38,0.05,25.9,Debit Card
ORD04949,9/24/2025,CUST0423,Vikram Khan,Male,38,Chennai,PROD009,Aashirvaad Atta,Groceries,6,249.54,1497.24,0.1,264.59,Credit Card
ORD04950,1/26/2025,CUST0106,Anjali Nair,Male,36,Jaipur,PROD001,Parle-G Biscuits,Snacks,2,32.99,65.98,0.05,12.75,Net Banking
ORD04951,6/29/2025,CUST0560,Amit Nair,Female,52,Lucknow,PROD002,Tata Salt,Groceries,8,27.93,223.44,0.05,46.53,UPI
ORD04952,2/25/2025,CUST0766,Aditya Malhotra,Male,29,Lucknow,PROD011,Colgate Toothpaste,Personal Care,2,99.52,199.04,0.05,32.16,UPI
ORD04953,5/14/2025,CUST0576,Manish Shah,Female,24,Mumbai,PROD018,Nescafe Coffee,Beverages,7,194.36,1360.52,0.1,265.26,Debit Card
ORD04954,10/8/2025,CUST0512,Amit Patel,Male,46,Lucknow,PROD014,Kellogg's Corn Flakes,Groceries,2,218.03,436.06,0.1,66.85,Cash
ORD04955,6/19/2025,CUST0386,Pooja Joshi,Female,28,Ahmedabad,PROD007,Surf Excel,Home & Cleaning,7,192.22,1345.54,0.05,186.72,Credit Card
ORD04956,10/21/2025,CUST0959,Karan Khan,Female,36,Bengaluru,PROD008,Dove Soap,Personal Care,4,54.73,218.92,0.1,30.59,Cash
ORD04957,3/17/2025,CUST0998,Amit Malhotra,Female,26,Jaipur,PROD008,Dove Soap,Personal Care,4,60.11,240.44,0.15,47.42,Credit Card
ORD04958,6/26/2025,CUST0813,Priya Das,Female,35,Chennai,PROD014,Kellogg's Corn Flakes,Groceries,3,215.31,645.93,0.15,130.25,UPI
ORD04959,9/13/2025,CUST0186,Meera Sharma,Female,65,Chennai,PROD007,Surf Excel,Home & Cleaning,8,178.83,1430.64,0.15,280.46,Credit Card
ORD04960,5/29/2025,CUST0296,Manish Khan,Male,41,Hyderabad,PROD011,Colgate Toothpaste,Personal Care,1,94.85,94.85,0,9.45,UPI
ORD04961,9/2/2025,CUST0328,Riya Shah,Male,21,Ahmedabad,PROD001,Parle-G Biscuits,Snacks,5,30.63,153.15,0.1,11.65,Net Banking
ORD04962,5/1/2025,CUST0438,Nikhil Joshi,Female,57,Lucknow,PROD006,Tata Tea,Beverages,2,118.85,237.7,0.15,32.88,Cash
ORD04963,8/13/2025,CUST0387,Simran Joshi,Male,64,Chennai,PROD001,Parle-G Biscuits,Snacks,6,31.11,186.66,0.15,27.71,Debit Card
ORD04964,11/27/2025,CUST0497,Riya Patel,Female,21,Ahmedabad,PROD008,Dove Soap,Personal Care,7,55.85,390.95,0,72.08,Net Banking
ORD04965,12/16/2025,CUST0540,Sneha Joshi,Female,34,Ahmedabad,PROD012,Dettol Handwash,Personal Care,8,117.8,942.4,0.15,165.88,Debit Card
ORD04966,11/10/2025,CUST0925,Sahil Shah,Male,49,Mumbai,PROD012,Dettol Handwash,Personal Care,8,106.42,851.36,0,183.86,Net Banking
ORD04967,2/3/2025,CUST0260,Priya Mehta,Female,30,Pune,PROD009,Aashirvaad Atta,Groceries,5,273.43,1367.15,0.15,277.23,Cash
ORD04968,9/2/2025,CUST0249,Arjun Iyer,Female,58,Chennai,PROD019,Vim Dishwash,Home & Cleaning,6,87.94,527.64,0.1,58.25,Cash
ORD04969,9/17/2025,CUST0285,Isha Khan,Male,44,Chennai,PROD008,Dove Soap,Personal Care,8,57.53,460.24,0,47.9,Debit Card
ORD04970,11/14/2025,CUST0528,Meera Sharma,Male,30,Lucknow,PROD015,Harpic Cleaner,Home & Cleaning,8,125.67,1005.36,0,214.67,UPI
ORD04971,12/9/2025,CUST0951,Kavya Singh,Female,26,Delhi,PROD018,Nescafe Coffee,Beverages,8,189.97,1519.76,0.1,247.22,Net Banking
ORD04972,1/15/2025,CUST0869,Karan Reddy,Female,40,Bengaluru,PROD008,Dove Soap,Personal Care,3,58.28,174.84,0.15,12.91,UPI
ORD04973,8/13/2025,CUST0332,Pooja Mehta,Female,39,Lucknow,PROD019,Vim Dishwash,Home & Cleaning,1,89.82,89.82,0.05,17.55,Credit Card
ORD04974,2/4/2025,CUST0389,Amit Nair,Female,41,Jaipur,PROD011,Colgate Toothpaste,Personal Care,6,94.3,565.8,0.05,109.65,Net Banking
ORD04975,12/3/2025,CUST0230,Anjali Patel,Female,40,Lucknow,PROD009,Aashirvaad Atta,Groceries,5,272.21,1361.05,0.05,193.29,Cash
ORD04976,1/29/2025,CUST0106,Anjali Nair,Male,36,Jaipur,PROD005,Coca Cola,Beverages,4,46.87,187.48,0,44.89,Cash
ORD04977,7/8/2025,CUST0345,Anjali Malhotra,Male,64,Ahmedabad,PROD008,Dove Soap,Personal Care,4,55.32,221.28,0,50.68,Net Banking
ORD04978,1/11/2025,CUST0968,Rahul Nair,Male,31,Bengaluru,PROD016,Thums Up,Beverages,6,43.6,261.6,0.15,43.14,Net Banking
ORD04979,1/1/2025,CUST0406,Rohan Iyer,Male,22,Hyderabad,PROD006,Tata Tea,Beverages,3,127.14,381.42,0,69.06,Net Banking
ORD04980,9/16/2025,CUST0502,Amit Shah,Male,22,Ahmedabad,PROD018,Nescafe Coffee,Beverages,8,202.27,1618.16,0.05,288.38,Net Banking
ORD04981,10/29/2025,CUST0150,Arjun Khan,Male,23,Hyderabad,PROD016,Thums Up,Beverages,4,40.79,163.16,0.1,17.93,Cash
ORD04982,10/19/2025,CUST0467,Meera Das,Male,33,Mumbai,PROD008,Dove Soap,Personal Care,4,59.41,237.64,0.1,32.09,Cash
ORD04983,1/6/2025,CUST0674,Neha Verma,Male,55,Kolkata,PROD019,Vim Dishwash,Home & Cleaning,8,92.29,738.32,0.05,167,UPI
ORD04984,3/13/2025,CUST0703,Sneha Khan,Male,44,Chennai,PROD010,Maggi Noodles,Groceries,5,16.49,82.45,0,12.81,Net Banking
ORD04985,11/10/2025,CUST0410,Simran Verma,Male,26,Kolkata,PROD006,Tata Tea,Beverages,1,126.35,126.35,0,30.06,Credit Card
ORD04986,3/23/2025,CUST0728,Amit Das,Male,40,Kolkata,PROD006,Tata Tea,Beverages,3,121.29,363.87,0,56.86,Debit Card
ORD04987,2/10/2025,CUST0297,Karan Kapoor,Male,21,Delhi,PROD013,Britannia Bread,Dairy,4,42.86,171.44,0.15,19.2,Debit Card
ORD04988,10/27/2025,CUST0436,Priya Mehta,Male,54,Jaipur,PROD016,Thums Up,Beverages,2,38.41,76.82,0.1,9.29,Net Banking
ORD04989,10/30/2025,CUST0861,Kavya Nair,Female,43,Kolkata,PROD015,Harpic Cleaner,Home & Cleaning,3,123.96,371.88,0.05,61.51,Net Banking
ORD04990,4/13/2025,CUST0472,Pooja Nair,Male,23,Lucknow,PROD002,Tata Salt,Groceries,5,26.63,133.15,0.05,25.43,Net Banking
ORD04991,11/17/2025,CUST0826,Riya Iyer,Female,29,Ahmedabad,PROD001,Parle-G Biscuits,Snacks,6,29.38,176.28,0.1,21.83,Cash
ORD04992,8/21/2025,CUST0146,Karan Sharma,Female,49,Pune,PROD014,Kellogg's Corn Flakes,Groceries,4,226.92,907.68,0.05,73.86,UPI
ORD04993,8/18/2025,CUST0358,Rahul Khan,Male,63,Chennai,PROD003,Amul Milk,Dairy,4,64.67,258.68,0.1,42.61,Credit Card
ORD04994,8/19/2025,CUST0067,Pooja Joshi,Female,22,Mumbai,PROD005,Coca Cola,Beverages,2,44.89,89.78,0.15,9.25,UPI
ORD04995,4/25/2025,CUST0848,Anjali Singh,Male,48,Delhi,PROD006,Tata Tea,Beverages,8,129.57,1036.56,0.15,210.81,Cash
ORD04996,2/13/2025,CUST0583,Arjun Mehta,Female,48,Pune,PROD018,Nescafe Coffee,Beverages,3,183.68,551.04,0.15,51.06,Credit Card
ORD04997,10/17/2025,CUST0485,Arjun Khan,Female,55,Lucknow,PROD004,Lay's Chips,Snacks,8,34.52,276.16,0.1,48.97,UPI
ORD04998,5/14/2025,CUST0849,Arjun Das,Male,61,Chennai,PROD017,Good Day Cookies,Snacks,6,51.48,308.88,0,46.13,Net Banking
ORD04999,7/22/2025,CUST0210,Isha Joshi,Female,39,Jaipur,PROD014,Kellogg's Corn Flakes,Groceries,2,212.84,425.68,0,48.45,Cash
ORD05000,6/29/2025,CUST0345,Anjali Malhotra,Male,64,Ahmedabad,PROD014,Kellogg's Corn Flakes,Groceries,1,228.93,228.93,0.1,33.32,Net Banking
